365277.49	6420147.62
365277.13	6420140.85
365276.77	6420134.08
365276.41	6420127.31
365276.05	6420120.54
365275.69	6420113.77
365275.33	6420107.00
365268.53	6420107.35
365268.17	6420100.58
365267.81	6420093.81
365267.45	6420087.04
365267.09	6420080.27
365266.73	6420073.50
365266.37	6420066.73
365266.01	6420059.96
365265.65	6420053.19
365265.29	6420046.42
365264.93	6420039.65
365264.57	6420032.88
365257.77	6420033.23
365257.41	6420026.46
365257.05	6420019.69
365256.69	6420012.92
365256.33	6420006.15
365255.97	6419999.38
365255.61	6419992.61
365255.25	6419985.84
365254.89	6419979.07
365254.53	6419972.30
365254.17	6419965.53
365253.81	6419958.76
365253.45	6419951.99
365253.09	6419945.22
365246.29	6419945.57
365245.93	6419938.80
365245.57	6419932.03
365245.21	6419925.26
365244.85	6419918.49
365244.49	6419911.72
365244.13	6419904.95
365243.77	6419898.18
365243.41	6419891.41
365243.05	6419884.64
365242.69	6419877.87
365242.33	6419871.10
365235.53	6419871.45
365235.17	6419864.68
365234.81	6419857.91
365234.45	6419851.14
365234.09	6419844.37
365233.73	6419837.60
365233.37	6419830.83
365233.01	6419824.06
365232.65	6419817.29
365232.29	6419810.52
365225.49	6419810.87
365225.13	6419804.10
365224.77	6419797.33
365224.41	6419790.56
365224.05	6419783.79
365223.69	6419777.02
365223.33	6419770.25
365222.97	6419763.48
365222.61	6419756.71
365215.81	6419757.06
365215.45	6419750.29
365215.09	6419743.52
365214.73	6419736.75
365214.37	6419729.98
365214.01	6419723.21
365207.21	6419723.56
365206.85	6419716.79
365206.49	6419710.02
365206.13	6419703.25
365205.77	6419696.48
365205.41	6419689.71
365205.05	6419682.94
365204.69	6419676.17
365197.89	6419676.52
365197.53	6419669.75
365197.17	6419662.98
365196.81	6419656.21
365196.45	6419649.44
365196.09	6419642.67
365195.73	6419635.90
365188.93	6419636.25
365188.57	6419629.48
365188.21	6419622.71
365187.85	6419615.94
365187.49	6419609.17
365187.13	6419602.40
365186.77	6419595.63
365186.41	6419588.86
365186.05	6419582.09
365179.25	6419582.44
365178.89	6419575.67
365178.53	6419568.90
365178.17	6419562.13
365177.81	6419555.36
365177.45	6419548.59
365177.09	6419541.82
365176.73	6419535.05
365176.37	6419528.28
365169.57	6419528.63
365169.21	6419521.86
365168.85	6419515.09
365168.49	6419508.32
365168.13	6419501.55
365167.77	6419494.78
365167.41	6419488.01
365167.05	6419481.24
365166.69	6419474.47
365166.33	6419467.70
365165.97	6419460.93
365165.61	6419454.16
365165.25	6419447.39
365164.89	6419440.62
365164.53	6419433.85
365164.17	6419427.08
365163.81	6419420.31
365163.45	6419413.54
365156.65	6419413.89
365156.29	6419407.12
365155.93	6419400.35
365155.57	6419393.58
365155.21	6419386.81
365154.85	6419380.04
365154.49	6419373.27
365154.13	6419366.50
365153.77	6419359.73
365153.41	6419352.96
365146.61	6419353.31
365146.25	6419346.54
365145.89	6419339.77
365145.53	6419333.00
365145.17	6419326.23
365144.81	6419319.46
365144.45	6419312.69
365144.09	6419305.92
365143.73	6419299.15
365136.93	6419299.50
365136.57	6419292.73
365136.21	6419285.96
365135.85	6419279.19
365135.49	6419272.42
365135.13	6419265.65
365134.77	6419258.88
365134.41	6419252.11
365127.61	6419252.46
365127.25	6419245.69
365126.89	6419238.92
365126.53	6419232.15
365126.17	6419225.38
365125.81	6419218.61
365125.45	6419211.84
365118.65	6419212.19
365118.29	6419205.42
365117.93	6419198.65
365117.57	6419191.88
365117.21	6419185.11
365116.85	6419178.34
365116.49	6419171.57
365116.13	6419164.80
365109.33	6419165.15
365108.97	6419158.38
365108.61	6419151.61
365108.25	6419144.84
365107.89	6419138.07
365107.53	6419131.30
365107.17	6419124.53
365106.81	6419117.76
365106.45	6419110.99
365106.09	6419104.22
365105.73	6419097.45
365098.93	6419097.80
365098.57	6419091.03
365098.21	6419084.26
365097.85	6419077.49
365097.49	6419070.72
365097.13	6419063.95
365096.77	6419057.18
365096.41	6419050.41
365096.05	6419043.64
365089.25	6419043.99
365088.89	6419037.22
365088.53	6419030.45
365088.17	6419023.68
365087.81	6419016.91
365087.45	6419010.14
365087.09	6419003.37
365086.73	6418996.60
365079.93	6418996.95
365079.57	6418990.18
365079.21	6418983.41
365078.85	6418976.64
365078.49	6418969.87
365078.13	6418963.10
365071.33	6418963.45
365070.97	6418956.68
365070.61	6418949.91
365070.25	6418943.14
365069.89	6418936.37
365069.53	6418929.60
365062.73	6418929.95
365062.37	6418923.18
365062.01	6418916.41
365061.65	6418909.64
365061.29	6418902.87
365060.93	6418896.10
365054.13	6418896.45
365053.77	6418889.68
365053.41	6418882.91
365053.05	6418876.14
365052.69	6418869.37
365052.33	6418862.60
365045.53	6418862.95
365045.17	6418856.18
365044.81	6418849.41
365044.45	6418842.64
365044.09	6418835.87
365043.73	6418829.10
365043.37	6418822.33
365043.01	6418815.56
365042.65	6418808.79
365035.85	6418809.14
365035.49	6418802.37
365035.13	6418795.60
365034.77	6418788.83
365034.41	6418782.06
365034.05	6418775.29
365033.69	6418768.52
365033.33	6418761.75
365032.97	6418754.98
365032.61	6418748.21
365032.25	6418741.44
365031.89	6418734.67
365031.53	6418727.90
365031.17	6418721.13
365030.81	6418714.36
365030.45	6418707.59
365030.09	6418700.82
365029.73	6418694.05
365029.37	6418687.28
365029.01	6418680.51
365028.65	6418673.74
365021.85	6418674.09
365021.49	6418667.32
365021.13	6418660.55
365020.77	6418653.78
365020.41	6418647.01
365020.05	6418640.24
365019.69	6418633.47
365019.33	6418626.70
365018.97	6418619.93
365012.17	6418620.28
365011.81	6418613.51
365011.45	6418606.74
365011.09	6418599.97
365010.73	6418593.20
365010.37	6418586.43
365010.01	6418579.66
365003.21	6418580.01
365002.85	6418573.24
365002.49	6418566.47
365002.13	6418559.70
365001.77	6418552.93
365001.41	6418546.16
364994.61	6418546.51
364994.25	6418539.74
364993.89	6418532.97
364993.53	6418526.20
364993.17	6418519.43
364992.81	6418512.66
364986.01	6418513.01
364985.65	6418506.24
364985.29	6418499.47
364984.93	6418492.70
364984.57	6418485.93
364984.21	6418479.16
364977.41	6418479.51
364977.05	6418472.74
364976.69	6418465.97
364976.33	6418459.20
364975.97	6418452.43
364975.61	6418445.66
364975.25	6418438.89
364968.45	6418439.24
364968.09	6418432.47
364967.73	6418425.70
364967.37	6418418.93
364967.01	6418412.16
364966.65	6418405.39
364966.29	6418398.62
364959.49	6418398.97
364959.13	6418392.20
364958.77	6418385.43
364958.41	6418378.66
364958.05	6418371.89
364957.69	6418365.12
364957.33	6418358.35
364950.53	6418358.70
364950.17	6418351.93
364949.81	6418345.16
364949.45	6418338.39
364949.09	6418331.62
364948.73	6418324.85
364948.37	6418318.08
364948.01	6418311.31
364947.65	6418304.54
364940.85	6418304.89
364940.49	6418298.12
364940.13	6418291.35
364939.77	6418284.58
364939.41	6418277.81
364939.05	6418271.04
364938.69	6418264.27
364938.33	6418257.50
364931.53	6418257.85
364931.17	6418251.08
364930.81	6418244.31
364930.45	6418237.54
364930.09	6418230.77
364929.73	6418224.00
364929.37	6418217.23
364929.01	6418210.46
364928.65	6418203.69
364921.85	6418204.04
364921.49	6418197.27
364921.13	6418190.50
364920.77	6418183.73
364920.41	6418176.96
364920.05	6418170.19
364919.69	6418163.42
364919.33	6418156.65
364912.53	6418157.00
364912.17	6418150.23
364911.81	6418143.46
364911.45	6418136.69
364911.09	6418129.92
364910.73	6418123.15
364910.37	6418116.38
364910.01	6418109.61
364903.21	6418109.96
364902.85	6418103.19
364902.49	6418096.42
364902.13	6418089.65
364901.77	6418082.88
364901.41	6418076.11
364901.05	6418069.34
364900.69	6418062.57
364893.89	6418062.92
364893.53	6418056.15
364893.17	6418049.38
364892.81	6418042.61
364892.45	6418035.84
364892.09	6418029.07
364891.73	6418022.30
364884.93	6418022.65
364884.57	6418015.88
364884.21	6418009.11
364883.85	6418002.34
364883.49	6417995.57
364883.13	6417988.80
364882.77	6417982.03
364882.41	6417975.26
364875.61	6417975.61
364875.25	6417968.84
364874.89	6417962.07
364874.53	6417955.30
364874.17	6417948.53
364873.81	6417941.76
364873.45	6417934.99
364873.09	6417928.22
364866.29	6417928.57
364865.93	6417921.80
364865.57	6417915.03
364865.21	6417908.26
364864.85	6417901.49
364864.49	6417894.72
364864.13	6417887.95
364857.33	6417888.30
364856.97	6417881.53
364856.61	6417874.76
364856.25	6417867.99
364855.89	6417861.22
364855.53	6417854.45
364855.17	6417847.68
364854.81	6417840.91
364854.45	6417834.14
364847.65	6417834.49
364847.29	6417827.72
364846.93	6417820.95
364846.57	6417814.18
364846.21	6417807.41
364845.85	6417800.64
364845.49	6417793.87
364838.69	6417794.22
364838.33	6417787.45
364837.97	6417780.68
364837.61	6417773.91
364837.25	6417767.14
364836.89	6417760.37
364836.53	6417753.60
364829.73	6417753.95
364829.37	6417747.18
364829.01	6417740.41
364828.65	6417733.64
364828.29	6417726.87
364827.93	6417720.10
364827.57	6417713.33
364827.21	6417706.56
364820.41	6417706.91
364820.05	6417700.14
364819.69	6417693.37
364819.33	6417686.60
364818.97	6417679.83
364818.61	6417673.06
364818.25	6417666.29
364811.45	6417666.64
364811.09	6417659.87
364810.73	6417653.10
364810.37	6417646.33
364810.01	6417639.56
364809.65	6417632.79
364809.29	6417626.02
364808.93	6417619.25
364802.13	6417619.60
364801.77	6417612.83
364801.41	6417606.06
364801.05	6417599.29
364800.69	6417592.52
364800.33	6417585.75
364799.97	6417578.98
364799.61	6417572.21
364792.81	6417572.56
364792.45	6417565.79
364792.09	6417559.02
364791.73	6417552.25
364791.37	6417545.48
364791.01	6417538.71
364790.65	6417531.94
364790.29	6417525.17
364789.93	6417518.40
364789.57	6417511.63
364782.77	6417511.98
364782.41	6417505.21
364782.05	6417498.44
364781.69	6417491.67
364781.33	6417484.90
364780.97	6417478.13
364780.61	6417471.36
364780.25	6417464.59
364779.89	6417457.82
364779.53	6417451.05
364772.73	6417451.40
364772.37	6417444.63
364772.01	6417437.86
364771.65	6417431.09
364771.29	6417424.32
364770.93	6417417.55
364770.57	6417410.78
364770.21	6417404.01
364769.85	6417397.24
364769.49	6417390.47
364769.13	6417383.70
364768.77	6417376.93
364768.41	6417370.16
364761.61	6417370.51
364761.25	6417363.74
364760.89	6417356.97
364760.53	6417350.20
364760.17	6417343.43
364759.81	6417336.66
364759.45	6417329.89
364759.09	6417323.12
364758.73	6417316.35
364758.37	6417309.58
364758.01	6417302.81
364757.65	6417296.04
364757.29	6417289.27
364756.93	6417282.50
364756.57	6417275.73
364749.77	6417276.08
364749.41	6417269.31
364749.05	6417262.54
364748.69	6417255.77
364748.33	6417249.00
364747.97	6417242.23
364747.61	6417235.46
364747.25	6417228.69
364746.89	6417221.92
364746.53	6417215.15
364739.73	6417215.50
364739.37	6417208.73
364739.01	6417201.96
364738.65	6417195.19
364738.29	6417188.42
364737.93	6417181.65
364737.57	6417174.88
364737.21	6417168.11
364730.41	6417168.46
364730.05	6417161.69
364729.69	6417154.92
364729.33	6417148.15
364728.97	6417141.38
364728.61	6417134.61
364728.25	6417127.84
364727.89	6417121.07
364727.53	6417114.30
364720.73	6417114.65
364720.37	6417107.88
364720.01	6417101.11
364719.65	6417094.34
364719.29	6417087.57
364718.93	6417080.80
364718.57	6417074.03
364718.21	6417067.26
364717.85	6417060.49
364717.49	6417053.72
364717.13	6417046.95
364716.77	6417040.18
364716.41	6417033.41
364709.61	6417033.76
364709.25	6417026.99
364708.89	6417020.22
364708.53	6417013.45
364708.17	6417006.68
364707.81	6416999.91
364707.45	6416993.14
364700.65	6416993.49
364700.29	6416986.72
364699.93	6416979.95
364699.57	6416973.18
364699.21	6416966.41
364692.41	6416966.76
364692.05	6416959.99
364691.69	6416953.22
364691.33	6416946.45
364690.97	6416939.68
364684.17	6416940.03
364683.81	6416933.26
364683.45	6416926.49
364683.09	6416919.72
364682.73	6416912.95
364675.93	6416913.30
364675.57	6416906.53
364675.21	6416899.76
364674.85	6416892.99
364674.49	6416886.22
364667.69	6416886.57
364667.33	6416879.80
364666.97	6416873.03
364666.61	6416866.26
364666.25	6416859.49
364659.45	6416859.84
364659.09	6416853.07
364658.73	6416846.30
364658.37	6416839.53
364658.01	6416832.76
364657.65	6416825.99
364650.85	6416826.34
364650.49	6416819.57
364650.13	6416812.80
364649.77	6416806.03
364649.41	6416799.26
364649.05	6416792.49
364648.69	6416785.72
364648.33	6416778.95
364647.97	6416772.18
364647.61	6416765.41
364647.25	6416758.64
364646.89	6416751.87
364640.09	6416752.22
364639.73	6416745.45
364639.37	6416738.68
364639.01	6416731.91
364638.65	6416725.14
364638.29	6416718.37
364637.93	6416711.60
364637.57	6416704.83
364637.21	6416698.06
364636.85	6416691.29
364636.49	6416684.52
364636.13	6416677.75
364635.77	6416670.98
364628.97	6416671.33
364628.61	6416664.56
364628.25	6416657.79
364627.89	6416651.02
364627.53	6416644.25
364627.17	6416637.48
364626.81	6416630.71
364620.01	6416631.06
364619.65	6416624.29
364619.29	6416617.52
364618.93	6416610.75
364618.57	6416603.98
364618.21	6416597.21
364617.85	6416590.44
364617.49	6416583.67
364610.69	6416584.02
364610.33	6416577.25
364609.97	6416570.48
364609.61	6416563.71
364609.25	6416556.94
364608.89	6416550.17
364608.53	6416543.40
364608.17	6416536.63
364607.81	6416529.86
364601.01	6416530.21
364600.65	6416523.44
364600.29	6416516.67
364599.93	6416509.90
364599.57	6416503.13
364599.21	6416496.36
364598.85	6416489.59
364598.49	6416482.82
364598.13	6416476.05
364597.77	6416469.28
364597.41	6416462.51
364590.61	6416462.86
364590.25	6416456.09
364589.89	6416449.32
364589.53	6416442.55
364589.17	6416435.78
364588.81	6416429.01
364588.45	6416422.24
364588.09	6416415.47
364587.73	6416408.70
364587.37	6416401.93
364587.01	6416395.16
364586.65	6416388.39
364586.29	6416381.62
364585.93	6416374.85
364579.13	6416375.20
364578.77	6416368.43
364578.41	6416361.66
364578.05	6416354.89
364577.69	6416348.12
364577.33	6416341.35
364576.97	6416334.58
364576.61	6416327.81
364569.81	6416328.16
364569.45	6416321.39
364569.09	6416314.62
364568.73	6416307.85
364568.37	6416301.08
364568.01	6416294.31
364567.65	6416287.54
364560.85	6416287.89
364560.49	6416281.12
364560.13	6416274.35
364559.77	6416267.58
364559.41	6416260.81
364559.05	6416254.04
364552.25	6416254.39
364551.89	6416247.62
364551.53	6416240.85
364551.17	6416234.08
364550.81	6416227.31
364550.45	6416220.54
364550.09	6416213.77
364543.29	6416214.12
364542.93	6416207.35
364542.57	6416200.58
364542.21	6416193.81
364541.85	6416187.04
364541.49	6416180.27
364541.13	6416173.50
364534.33	6416173.85
364533.97	6416167.08
364533.61	6416160.31
364533.25	6416153.54
364532.89	6416146.77
364532.53	6416140.00
364532.17	6416133.23
364531.81	6416126.46
364531.45	6416119.69
364524.65	6416120.04
364524.29	6416113.27
364523.93	6416106.50
364523.57	6416099.73
364523.21	6416092.96
364522.85	6416086.19
364522.49	6416079.42
364522.13	6416072.65
364521.77	6416065.88
364521.41	6416059.11
364521.05	6416052.34
364520.69	6416045.57
364520.33	6416038.80
364513.53	6416039.15
364513.17	6416032.38
364512.81	6416025.61
364512.45	6416018.84
364512.09	6416012.07
364511.73	6416005.30
364511.37	6415998.53
364511.01	6415991.76
364510.65	6415984.99
364510.29	6415978.22
364509.93	6415971.45
364503.13	6415971.80
364502.77	6415965.03
364502.41	6415958.26
364502.05	6415951.49
364501.69	6415944.72
364501.33	6415937.95
364500.97	6415931.18
364494.17	6415931.53
364493.81	6415924.76
364493.45	6415917.99
364493.09	6415911.22
364492.73	6415904.45
364492.37	6415897.68
364485.57	6415898.03
364485.21	6415891.26
364484.85	6415884.49
364484.49	6415877.72
364484.13	6415870.95
364483.77	6415864.18
364483.41	6415857.41
364476.61	6415857.76
364476.25	6415850.99
364475.89	6415844.22
364475.53	6415837.45
364475.17	6415830.68
364474.81	6415823.91
364474.45	6415817.14
364467.65	6415817.49
364467.29	6415810.72
364466.93	6415803.95
364466.57	6415797.18
364466.21	6415790.41
364465.85	6415783.64
364459.05	6415783.99
364458.69	6415777.22
364458.33	6415770.45
364457.97	6415763.68
364457.61	6415756.91
364457.25	6415750.14
364450.45	6415750.49
364450.09	6415743.72
364449.73	6415736.95
364449.37	6415730.18
364449.01	6415723.41
364448.65	6415716.64
364441.85	6415716.99
364441.49	6415710.22
364441.13	6415703.45
364440.77	6415696.68
364440.41	6415689.91
364440.05	6415683.14
364433.25	6415683.49
364432.89	6415676.72
364432.53	6415669.95
364432.17	6415663.18
364431.81	6415656.41
364431.45	6415649.64
364431.09	6415642.87
364424.29	6415643.22
364423.93	6415636.45
364423.57	6415629.68
364423.21	6415622.91
364422.85	6415616.14
364422.49	6415609.37
364422.13	6415602.60
364415.33	6415602.95
364414.97	6415596.18
364414.61	6415589.41
364414.25	6415582.64
364413.89	6415575.87
364413.53	6415569.10
364413.17	6415562.33
364412.81	6415555.56
364412.45	6415548.79
364405.65	6415549.14
364405.29	6415542.37
364404.93	6415535.60
364404.57	6415528.83
364404.21	6415522.06
364403.85	6415515.29
364403.49	6415508.52
364396.69	6415508.87
364396.33	6415502.10
364395.97	6415495.33
364395.61	6415488.56
364395.25	6415481.79
364394.89	6415475.02
364394.53	6415468.25
364394.17	6415461.48
364387.37	6415461.83
364387.01	6415455.06
364386.65	6415448.29
364386.29	6415441.52
364385.93	6415434.75
364385.57	6415427.98
364385.21	6415421.21
364384.85	6415414.44
364384.49	6415407.67
364377.69	6415408.02
364377.33	6415401.25
364376.97	6415394.48
364376.61	6415387.71
364376.25	6415380.94
364375.89	6415374.17
364375.53	6415367.40
364375.17	6415360.63
364368.37	6415360.98
364368.01	6415354.21
364367.65	6415347.44
364367.29	6415340.67
364366.93	6415333.90
364366.57	6415327.13
364366.21	6415320.36
364365.85	6415313.59
364359.05	6415313.94
364358.69	6415307.17
364358.33	6415300.40
364357.97	6415293.63
364357.61	6415286.86
364357.25	6415280.09
364356.89	6415273.32
364356.53	6415266.55
364356.17	6415259.78
364349.37	6415260.13
364349.01	6415253.36
364348.65	6415246.59
364348.29	6415239.82
364347.93	6415233.05
364347.57	6415226.28
364347.21	6415219.51
364346.85	6415212.74
364340.05	6415213.09
364339.69	6415206.32
364339.33	6415199.55
364338.97	6415192.78
364338.61	6415186.01
364338.25	6415179.24
364337.89	6415172.47
364331.09	6415172.82
364330.73	6415166.05
364330.37	6415159.28
364330.01	6415152.51
364329.65	6415145.74
364329.29	6415138.97
364328.93	6415132.20
364328.57	6415125.43
364321.77	6415125.78
364321.41	6415119.01
364321.05	6415112.24
364320.69	6415105.47
364320.33	6415098.70
364319.97	6415091.93
364319.61	6415085.16
364312.81	6415085.51
364312.45	6415078.74
364312.09	6415071.97
364311.73	6415065.20
364311.37	6415058.43
364311.01	6415051.66
364310.65	6415044.89
364310.29	6415038.12
364303.49	6415038.47
364303.13	6415031.70
364302.77	6415024.93
364302.41	6415018.16
364302.05	6415011.39
364301.69	6415004.62
364301.33	6414997.85
364300.97	6414991.08
364294.17	6414991.43
364293.81	6414984.66
364293.45	6414977.89
364293.09	6414971.12
364292.73	6414964.35
364292.37	6414957.58
364292.01	6414950.81
364291.65	6414944.04
364291.29	6414937.27
364290.93	6414930.50
364290.57	6414923.73
364290.21	6414916.96
364283.41	6414917.31
364283.05	6414910.54
364282.69	6414903.77
364282.33	6414897.00
364281.97	6414890.23
364281.61	6414883.46
364281.25	6414876.69
364280.89	6414869.92
364280.53	6414863.15
364280.17	6414856.38
364279.81	6414849.61
364273.01	6414849.96
364272.65	6414843.19
364272.29	6414836.42
364271.93	6414829.65
364271.57	6414822.88
364271.21	6414816.11
364270.85	6414809.34
364270.49	6414802.57
364270.13	6414795.80
364269.77	6414789.03
364269.41	6414782.26
364269.05	6414775.49
364262.25	6414775.84
364261.89	6414769.07
364261.53	6414762.30
364261.17	6414755.53
364260.81	6414748.76
364260.45	6414741.99
364260.09	6414735.22
364259.73	6414728.45
364259.37	6414721.68
364259.01	6414714.91
364252.21	6414715.26
364251.85	6414708.49
364251.49	6414701.72
364251.13	6414694.95
364250.77	6414688.18
364250.41	6414681.41
364250.05	6414674.64
364249.69	6414667.87
364242.89	6414668.22
364242.53	6414661.45
364242.17	6414654.68
364241.81	6414647.91
364241.45	6414641.14
364241.09	6414634.37
364240.73	6414627.60
364233.93	6414627.95
364233.57	6414621.18
364233.21	6414614.41
364232.85	6414607.64
364232.49	6414600.87
364225.69	6414601.22
364225.33	6414594.45
364224.97	6414587.68
364224.61	6414580.91
364224.25	6414574.14
364217.45	6414574.49
364217.09	6414567.72
364216.73	6414560.95
364216.37	6414554.18
364216.01	6414547.41
364209.21	6414547.76
364208.85	6414540.99
364208.49	6414534.22
364208.13	6414527.45
364207.77	6414520.68
364207.41	6414513.91
364200.61	6414514.26
364200.25	6414507.49
364199.89	6414500.72
364199.53	6414493.95
364199.17	6414487.18
364192.37	6414487.53
364192.01	6414480.76
364191.65	6414473.99
364191.29	6414467.22
364190.93	6414460.45
364190.57	6414453.68
364183.77	6414454.03
364183.41	6414447.26
364183.05	6414440.49
364182.69	6414433.72
364182.33	6414426.95
364181.97	6414420.18
364181.61	6414413.41
364181.25	6414406.64
364180.89	6414399.87
364180.53	6414393.10
364180.17	6414386.33
364173.37	6414386.68
364173.01	6414379.91
364172.65	6414373.14
364172.29	6414366.37
364171.93	6414359.60
364171.57	6414352.83
364171.21	6414346.06
364170.85	6414339.29
364170.49	6414332.52
364170.13	6414325.75
364169.77	6414318.98
364169.41	6414312.21
364169.05	6414305.44
364168.69	6414298.67
364168.33	6414291.90
364167.97	6414285.13
364167.61	6414278.36
364167.25	6414271.59
364160.45	6414271.94
364160.09	6414265.17
364159.73	6414258.40
364159.37	6414251.63
364159.01	6414244.86
364158.65	6414238.09
364158.29	6414231.32
364157.93	6414224.55
364151.13	6414224.90
364150.77	6414218.13
364150.41	6414211.36
364150.05	6414204.59
364149.69	6414197.82
364149.33	6414191.05
364148.97	6414184.28
364148.61	6414177.51
364148.25	6414170.74
364141.45	6414171.09
364141.09	6414164.32
364140.73	6414157.55
364140.37	6414150.78
364140.01	6414144.01
364139.65	6414137.24
364139.29	6414130.47
364138.93	6414123.70
364132.13	6414124.05
364131.77	6414117.28
364131.41	6414110.51
364131.05	6414103.74
364130.69	6414096.97
364130.33	6414090.20
364123.53	6414090.55
364123.17	6414083.78
364122.81	6414077.01
364122.45	6414070.24
364122.09	6414063.47
364121.73	6414056.70
364114.93	6414057.05
364114.57	6414050.28
364114.21	6414043.51
364113.85	6414036.74
364113.49	6414029.97
364113.13	6414023.20
364106.33	6414023.55
364105.97	6414016.78
364105.61	6414010.01
364105.25	6414003.24
364104.89	6413996.47
364098.09	6413996.82
364097.73	6413990.05
364097.37	6413983.28
364097.01	6413976.51
364096.65	6413969.74
364089.85	6413970.09
364089.49	6413963.32
364089.13	6413956.55
364088.77	6413949.78
364088.41	6413943.01
364081.61	6413943.36
364081.25	6413936.59
364080.89	6413929.82
364080.53	6413923.05
364080.17	6413916.28
364079.81	6413909.51
364073.01	6413909.86
364072.65	6413903.09
364072.29	6413896.32
364071.93	6413889.55
364071.57	6413882.78
364071.21	6413876.01
364064.41	6413876.36
364064.05	6413869.59
364063.69	6413862.82
364063.33	6413856.05
364062.97	6413849.28
364056.17	6413849.63
364055.81	6413842.86
364055.45	6413836.09
364055.09	6413829.32
364054.73	6413822.55
364054.37	6413815.78
364054.01	6413809.01
364053.65	6413802.24
364046.85	6413802.59
364046.49	6413795.82
364046.13	6413789.05
364045.77	6413782.28
364045.41	6413775.51
364045.05	6413768.74
364044.69	6413761.97
364044.33	6413755.20
364043.97	6413748.43
364037.17	6413748.78
364036.81	6413742.01
364036.45	6413735.24
364036.09	6413728.47
364035.73	6413721.70
364035.37	6413714.93
364035.01	6413708.16
364034.65	6413701.39
364034.29	6413694.62
364027.49	6413694.97
364027.13	6413688.20
364026.77	6413681.43
364026.41	6413674.66
364026.05	6413667.89
364025.69	6413661.12
364025.33	6413654.35
364024.97	6413647.58
364024.61	6413640.81
364017.81	6413641.16
364017.45	6413634.39
364017.09	6413627.62
364016.73	6413620.85
364016.37	6413614.08
364016.01	6413607.31
364015.65	6413600.54
364015.29	6413593.77
364014.93	6413587.00
364008.13	6413587.35
364007.77	6413580.58
364007.41	6413573.81
364007.05	6413567.04
364006.69	6413560.27
364006.33	6413553.50
364005.97	6413546.73
364005.61	6413539.96
364005.25	6413533.19
364004.89	6413526.42
363998.09	6413526.77
363997.73	6413520.00
363997.37	6413513.23
363997.01	6413506.46
363996.65	6413499.69
363996.29	6413492.92
363995.93	6413486.15
363995.57	6413479.38
363995.21	6413472.61
363988.41	6413472.96
363988.05	6413466.19
363987.69	6413459.42
363987.33	6413452.65
363986.97	6413445.88
363986.61	6413439.11
363986.25	6413432.34
363985.89	6413425.57
363985.53	6413418.80
363985.17	6413412.03
363984.81	6413405.26
363984.45	6413398.49
363984.09	6413391.72
363977.29	6413392.07
363976.93	6413385.30
363976.57	6413378.53
363976.21	6413371.76
363975.85	6413364.99
363975.49	6413358.22
363975.13	6413351.45
363974.77	6413344.68
363974.41	6413337.91
363967.61	6413338.26
363967.25	6413331.49
363966.89	6413324.72
363966.53	6413317.95
363966.17	6413311.18
363965.81	6413304.41
363965.45	6413297.64
363965.09	6413290.87
363964.73	6413284.10
363957.93	6413284.45
363957.57	6413277.68
363957.21	6413270.91
363956.85	6413264.14
363956.49	6413257.37
363956.13	6413250.60
363955.77	6413243.83
363948.97	6413244.18
363948.61	6413237.41
363948.25	6413230.64
363947.89	6413223.87
363947.53	6413217.10
363947.17	6413210.33
363946.81	6413203.56
363946.45	6413196.79
363946.09	6413190.02
363939.29	6413190.37
363938.93	6413183.60
363938.57	6413176.83
363938.21	6413170.06
363937.85	6413163.29
363937.49	6413156.52
363937.13	6413149.75
363936.77	6413142.98
363936.41	6413136.21
363936.05	6413129.44
363929.25	6413129.79
363928.89	6413123.02
363928.53	6413116.25
363928.17	6413109.48
363927.81	6413102.71
363927.45	6413095.94
363927.09	6413089.17
363926.73	6413082.40
363926.37	6413075.63
363919.57	6413075.98
363919.21	6413069.21
363918.85	6413062.44
363918.49	6413055.67
363918.13	6413048.90
363917.77	6413042.13
363917.41	6413035.36
363910.61	6413035.71
363910.25	6413028.94
363909.89	6413022.17
363909.53	6413015.40
363909.17	6413008.63
363908.81	6413001.86
363902.01	6413002.21
363901.65	6412995.44
363901.29	6412988.67
363900.93	6412981.90
363900.57	6412975.13
363893.77	6412975.48
363893.41	6412968.71
363893.05	6412961.94
363892.69	6412955.17
363892.33	6412948.40
363885.53	6412948.75
363885.17	6412941.98
363884.81	6412935.21
363884.45	6412928.44
363884.09	6412921.67
363883.73	6412914.90
363883.37	6412908.13
363876.57	6412908.48
363876.21	6412901.71
363875.85	6412894.94
363875.49	6412888.17
363875.13	6412881.40
363874.77	6412874.63
363874.41	6412867.86
363874.05	6412861.09
363873.69	6412854.32
363866.89	6412854.67
363866.53	6412847.90
363866.17	6412841.13
363865.81	6412834.36
363865.45	6412827.59
363865.09	6412820.82
363864.73	6412814.05
363864.37	6412807.28
363864.01	6412800.51
363857.21	6412800.86
363856.85	6412794.09
363856.49	6412787.32
363856.13	6412780.55
363855.77	6412773.78
363855.41	6412767.01
363855.05	6412760.24
363854.69	6412753.47
363847.89	6412753.82
363847.53	6412747.05
363847.17	6412740.28
363846.81	6412733.51
363846.45	6412726.74
363846.09	6412719.97
363845.73	6412713.20
363845.37	6412706.43
363838.57	6412706.78
363838.21	6412700.01
363837.85	6412693.24
363837.49	6412686.47
363837.13	6412679.70
363836.77	6412672.93
363836.41	6412666.16
363836.05	6412659.39
363829.25	6412659.74
363828.89	6412652.97
363828.53	6412646.20
363828.17	6412639.43
363827.81	6412632.66
363827.45	6412625.89
363827.09	6412619.12
363826.73	6412612.35
363826.37	6412605.58
363819.57	6412605.93
363819.21	6412599.16
363818.85	6412592.39
363818.49	6412585.62
363818.13	6412578.85
363817.77	6412572.08
363817.41	6412565.31
363817.05	6412558.54
363816.69	6412551.77
363816.33	6412545.00
363809.53	6412545.35
363809.17	6412538.58
363808.81	6412531.81
363808.45	6412525.04
363808.09	6412518.27
363807.73	6412511.50
363807.37	6412504.73
363807.01	6412497.96
363806.65	6412491.19
363806.29	6412484.42
363805.93	6412477.65
363805.57	6412470.88
363798.77	6412471.23
363798.41	6412464.46
363798.05	6412457.69
363797.69	6412450.92
363797.33	6412444.15
363796.97	6412437.38
363796.61	6412430.61
363796.25	6412423.84
363795.89	6412417.07
363795.53	6412410.30
363788.73	6412410.65
363788.37	6412403.88
363788.01	6412397.11
363787.65	6412390.34
363787.29	6412383.57
363786.93	6412376.80
363786.57	6412370.03
363786.21	6412363.26
363779.41	6412363.61
363779.05	6412356.84
363778.69	6412350.07
363778.33	6412343.30
363777.97	6412336.53
363777.61	6412329.76
363777.25	6412322.99
363776.89	6412316.22
363770.09	6412316.57
363769.73	6412309.80
363769.37	6412303.03
363769.01	6412296.26
363768.65	6412289.49
363768.29	6412282.72
363767.93	6412275.95
363767.57	6412269.18
363767.21	6412262.41
363760.41	6412262.76
363760.05	6412255.99
363759.69	6412249.22
363759.33	6412242.45
363758.97	6412235.68
363758.61	6412228.91
363758.25	6412222.14
363757.89	6412215.37
363757.53	6412208.60
363757.17	6412201.83
363756.81	6412195.06
363750.01	6412195.41
363749.65	6412188.64
363749.29	6412181.87
363748.93	6412175.10
363748.57	6412168.33
363748.21	6412161.56
363747.85	6412154.79
363747.49	6412148.02
363747.13	6412141.25
363746.77	6412134.48
363746.41	6412127.71
363746.05	6412120.94
363739.25	6412121.29
363738.89	6412114.52
363738.53	6412107.75
363738.17	6412100.98
363737.81	6412094.21
363737.45	6412087.44
363737.09	6412080.67
363736.73	6412073.90
363736.37	6412067.13
363736.01	6412060.36
363735.65	6412053.59
363728.85	6412053.94
363728.49	6412047.17
363728.13	6412040.40
363727.77	6412033.63
363727.41	6412026.86
363727.05	6412020.09
363726.69	6412013.32
363726.33	6412006.55
363725.97	6411999.78
363719.17	6412000.13
363718.81	6411993.36
363718.45	6411986.59
363718.09	6411979.82
363717.73	6411973.05
363717.37	6411966.28
363717.01	6411959.51
363710.21	6411959.86
363709.85	6411953.09
363709.49	6411946.32
363709.13	6411939.55
363708.77	6411932.78
363708.41	6411926.01
363701.61	6411926.36
363701.25	6411919.59
363700.89	6411912.82
363700.53	6411906.05
363700.17	6411899.28
363699.81	6411892.51
363693.01	6411892.86
363692.65	6411886.09
363692.29	6411879.32
363691.93	6411872.55
363691.57	6411865.78
363684.77	6411866.13
363684.41	6411859.36
363684.05	6411852.59
363683.69	6411845.82
363683.33	6411839.05
363676.53	6411839.40
363676.17	6411832.63
363675.81	6411825.86
363675.45	6411819.09
363675.09	6411812.32
363674.73	6411805.55
363667.93	6411805.90
363667.57	6411799.13
363667.21	6411792.36
363666.85	6411785.59
363666.49	6411778.82
363666.13	6411772.05
363665.77	6411765.28
363665.41	6411758.51
363658.61	6411758.86
363658.25	6411752.09
363657.89	6411745.32
363657.53	6411738.55
363657.17	6411731.78
363656.81	6411725.01
363656.45	6411718.24
363656.09	6411711.47
363649.29	6411711.82
363648.93	6411705.05
363648.57	6411698.28
363648.21	6411691.51
363647.85	6411684.74
363647.49	6411677.97
363647.13	6411671.20
363646.77	6411664.43
363646.41	6411657.66
363639.61	6411658.01
363639.25	6411651.24
363638.89	6411644.47
363638.53	6411637.70
363638.17	6411630.93
363637.81	6411624.16
363637.45	6411617.39
363637.09	6411610.62
363636.73	6411603.85
363636.37	6411597.08
363636.01	6411590.31
363629.21	6411590.66
363628.85	6411583.89
363628.49	6411577.12
363628.13	6411570.35
363627.77	6411563.58
363627.41	6411556.81
363627.05	6411550.04
363626.69	6411543.27
363626.33	6411536.50
363625.97	6411529.73
363619.17	6411530.08
363618.81	6411523.31
363618.45	6411516.54
363618.09	6411509.77
363617.73	6411503.00
363617.37	6411496.23
363617.01	6411489.46
363616.65	6411482.69
363609.85	6411483.04
363609.49	6411476.27
363609.13	6411469.50
363608.77	6411462.73
363608.41	6411455.96
363608.05	6411449.19
363607.69	6411442.42
363607.33	6411435.65
363606.97	6411428.88
363600.17	6411429.23
363599.81	6411422.46
363599.45	6411415.69
363599.09	6411408.92
363598.73	6411402.15
363598.37	6411395.38
363598.01	6411388.61
363597.65	6411381.84
363597.29	6411375.07
363596.93	6411368.30
363590.13	6411368.65
363589.77	6411361.88
363589.41	6411355.11
363589.05	6411348.34
363588.69	6411341.57
363588.33	6411334.80
363587.97	6411328.03
363587.61	6411321.26
363587.25	6411314.49
363586.89	6411307.72
363586.53	6411300.95
363579.73	6411301.30
363579.37	6411294.53
363579.01	6411287.76
363578.65	6411280.99
363578.29	6411274.22
363577.93	6411267.45
363577.57	6411260.68
363570.77	6411261.03
363570.41	6411254.26
363570.05	6411247.49
363569.69	6411240.72
363569.33	6411233.95
363568.97	6411227.18
363562.17	6411227.53
363561.81	6411220.76
363561.45	6411213.99
363561.09	6411207.22
363560.73	6411200.45
363560.37	6411193.68
363560.01	6411186.91
363553.21	6411187.26
363552.85	6411180.49
363552.49	6411173.72
363552.13	6411166.95
363551.77	6411160.18
363551.41	6411153.41
363544.61	6411153.76
363544.25	6411146.99
363543.89	6411140.22
363543.53	6411133.45
363543.17	6411126.68
363542.81	6411119.91
363536.01	6411120.26
363535.65	6411113.49
363535.29	6411106.72
363534.93	6411099.95
363534.57	6411093.18
363534.21	6411086.41
363527.41	6411086.76
363527.05	6411079.99
363526.69	6411073.22
363526.33	6411066.45
363525.97	6411059.68
363525.61	6411052.91
363525.25	6411046.14
363524.89	6411039.37
363518.09	6411039.72
363517.73	6411032.95
363517.37	6411026.18
363517.01	6411019.41
363516.65	6411012.64
363516.29	6411005.87
363515.93	6410999.10
363515.57	6410992.33
363515.21	6410985.56
363508.41	6410985.91
363508.05	6410979.14
363507.69	6410972.37
363507.33	6410965.60
363506.97	6410958.83
363506.61	6410952.06
363506.25	6410945.29
363505.89	6410938.52
363499.09	6410938.87
363498.73	6410932.10
363498.37	6410925.33
363498.01	6410918.56
363497.65	6410911.79
363497.29	6410905.02
363496.93	6410898.25
363490.13	6410898.60
363489.77	6410891.83
363489.41	6410885.06
363489.05	6410878.29
363488.69	6410871.52
363488.33	6410864.75
363487.97	6410857.98
363487.61	6410851.21
363480.81	6410851.56
363480.45	6410844.79
363480.09	6410838.02
363479.73	6410831.25
363479.37	6410824.48
363479.01	6410817.71
363478.65	6410810.94
363471.85	6410811.29
363471.49	6410804.52
363471.13	6410797.75
363470.77	6410790.98
363470.41	6410784.21
363470.05	6410777.44
363469.69	6410770.67
363462.89	6410771.02
363462.53	6410764.25
363462.17	6410757.48
363461.81	6410750.71
363461.45	6410743.94
363461.09	6410737.17
363460.73	6410730.40
363460.37	6410723.63
363453.57	6410723.98
363453.21	6410717.21
363452.85	6410710.44
363452.49	6410703.67
363452.13	6410696.90
363451.77	6410690.13
363451.41	6410683.36
363451.05	6410676.59
363450.69	6410669.82
363443.89	6410670.17
363443.53	6410663.40
363443.17	6410656.63
363442.81	6410649.86
363442.45	6410643.09
363442.09	6410636.32
363441.73	6410629.55
363441.37	6410622.78
363441.01	6410616.01
363434.21	6410616.36
363433.85	6410609.59
363433.49	6410602.82
363433.13	6410596.05
363432.77	6410589.28
363432.41	6410582.51
363432.05	6410575.74
363431.69	6410568.97
363431.33	6410562.20
363430.97	6410555.43
363430.61	6410548.66
363430.25	6410541.89
363429.89	6410535.12
363429.53	6410528.35
363429.17	6410521.58
363428.81	6410514.81
363428.45	6410508.04
363428.09	6410501.27
363427.73	6410494.50
363427.37	6410487.73
363420.57	6410488.08
363420.21	6410481.31
363419.85	6410474.54
363419.49	6410467.77
363419.13	6410461.00
363418.77	6410454.23
363418.41	6410447.46
363418.05	6410440.69
363417.69	6410433.92
363410.89	6410434.27
363410.53	6410427.50
363410.17	6410420.73
363409.81	6410413.96
363409.45	6410407.19
363409.09	6410400.42
363402.29	6410400.77
363401.93	6410394.00
363401.57	6410387.23
363401.21	6410380.46
363400.85	6410373.69
363400.49	6410366.92
363400.13	6410360.15
363393.33	6410360.50
363392.97	6410353.73
363392.61	6410346.96
363392.25	6410340.19
363391.89	6410333.42
363391.53	6410326.65
363384.73	6410327.00
363384.37	6410320.23
363384.01	6410313.46
363383.65	6410306.69
363383.29	6410299.92
363382.93	6410293.15
363382.57	6410286.38
363375.77	6410286.73
363375.41	6410279.96
363375.05	6410273.19
363374.69	6410266.42
363374.33	6410259.65
363373.97	6410252.88
363367.17	6410253.23
363366.81	6410246.46
363366.45	6410239.69
363366.09	6410232.92
363365.73	6410226.15
363365.37	6410219.38
363358.57	6410219.73
363358.21	6410212.96
363357.85	6410206.19
363357.49	6410199.42
363357.13	6410192.65
363356.77	6410185.88
363356.41	6410179.11
363356.05	6410172.34
363355.69	6410165.57
363355.33	6410158.80
363354.97	6410152.03
363354.61	6410145.26
363347.81	6410145.61
363347.45	6410138.84
363347.09	6410132.07
363346.73	6410125.30
363346.37	6410118.53
363346.01	6410111.76
363345.65	6410104.99
363345.29	6410098.22
363344.93	6410091.45
363344.57	6410084.68
363344.21	6410077.91
363343.85	6410071.14
363343.49	6410064.37
363343.13	6410057.60
363342.77	6410050.83
363335.97	6410051.18
363335.61	6410044.41
363335.25	6410037.64
363334.89	6410030.87
363334.53	6410024.10
363334.17	6410017.33
363333.81	6410010.56
363333.45	6410003.79
363333.09	6409997.02
363332.73	6409990.25
363332.37	6409983.48
363332.01	6409976.71
363331.65	6409969.94
363324.85	6409970.29
363324.49	6409963.52
363324.13	6409956.75
363323.77	6409949.98
363323.41	6409943.21
363323.05	6409936.44
363322.69	6409929.67
363322.33	6409922.90
363321.97	6409916.13
363321.61	6409909.36
363321.25	6409902.59
363320.89	6409895.82
363320.53	6409889.05
363320.17	6409882.28
363313.37	6409882.63
363313.01	6409875.86
363312.65	6409869.09
363312.29	6409862.32
363311.93	6409855.55
363311.57	6409848.78
363311.21	6409842.01
363310.85	6409835.24
363310.49	6409828.47
363310.13	6409821.70
363309.77	6409814.93
363309.41	6409808.16
363309.05	6409801.39
363308.69	6409794.62
363308.33	6409787.85
363307.97	6409781.08
363307.61	6409774.31
363307.25	6409767.54
363306.89	6409760.77
363306.53	6409754.00
363299.73	6409754.35
363299.37	6409747.58
363299.01	6409740.81
363298.65	6409734.04
363298.29	6409727.27
363297.93	6409720.50
363297.57	6409713.73
363297.21	6409706.96
363290.41	6409707.31
363290.05	6409700.54
363289.69	6409693.77
363289.33	6409687.00
363288.97	6409680.23
363288.61	6409673.46
363281.81	6409673.81
363281.45	6409667.04
363281.09	6409660.27
363280.73	6409653.50
363280.37	6409646.73
363273.57	6409647.08
363273.21	6409640.31
363272.85	6409633.54
363272.49	6409626.77
363272.13	6409620.00
363265.33	6409620.35
363264.97	6409613.58
363264.61	6409606.81
363264.25	6409600.04
363263.89	6409593.27
363263.53	6409586.50
363256.73	6409586.85
363256.37	6409580.08
363256.01	6409573.31
363255.65	6409566.54
363255.29	6409559.77
363254.93	6409553.00
363254.57	6409546.23
363247.77	6409546.58
363247.41	6409539.81
363247.05	6409533.04
363246.69	6409526.27
363246.33	6409519.50
363245.97	6409512.73
363245.61	6409505.96
363245.25	6409499.19
363244.89	6409492.42
363244.53	6409485.65
363244.17	6409478.88
363243.81	6409472.11
363243.45	6409465.34
363243.09	6409458.57
363242.73	6409451.80
363242.37	6409445.03
363242.01	6409438.26
363241.65	6409431.49
363241.29	6409424.72
363240.93	6409417.95
363240.57	6409411.18
363240.21	6409404.41
363239.85	6409397.64
363239.49	6409390.87
363239.13	6409384.10
363238.77	6409377.33
363238.41	6409370.56
363238.05	6409363.79
363237.69	6409357.02
363237.33	6409350.25
363236.97	6409343.48
363236.61	6409336.71
363236.25	6409329.94
363235.89	6409323.17
363229.09	6409323.52
363228.73	6409316.75
363228.37	6409309.98
363228.01	6409303.21
363227.65	6409296.44
363227.29	6409289.67
363226.93	6409282.90
363226.57	6409276.13
363219.77	6409276.48
363219.41	6409269.71
363219.05	6409262.94
363218.69	6409256.17
363218.33	6409249.40
363211.53	6409249.75
363211.17	6409242.98
363210.81	6409236.21
363210.45	6409229.44
363210.09	6409222.67
363203.29	6409223.02
363202.93	6409216.25
363202.57	6409209.48
363202.21	6409202.71
363201.85	6409195.94
363195.05	6409196.29
363194.69	6409189.52
363194.33	6409182.75
363193.97	6409175.98
363193.61	6409169.21
363186.81	6409169.56
363186.45	6409162.79
363186.09	6409156.02
363185.73	6409149.25
363185.37	6409142.48
363185.01	6409135.71
363178.21	6409136.06
363177.85	6409129.29
363177.49	6409122.52
363177.13	6409115.75
363176.77	6409108.98
363176.41	6409102.21
363176.05	6409095.44
363175.69	6409088.67
363168.89	6409089.02
363168.53	6409082.25
363168.17	6409075.48
363167.81	6409068.71
363167.45	6409061.94
363167.09	6409055.17
363166.73	6409048.40
363166.37	6409041.63
363166.01	6409034.86
363165.65	6409028.09
363165.29	6409021.32
363164.93	6409014.55
363158.13	6409014.90
363157.77	6409008.13
363157.41	6409001.36
363157.05	6408994.59
363156.69	6408987.82
363156.33	6408981.05
363149.53	6408981.40
363149.17	6408974.63
363148.81	6408967.86
363148.45	6408961.09
363148.09	6408954.32
363147.73	6408947.55
363147.37	6408940.78
363147.01	6408934.01
363146.65	6408927.24
363146.29	6408920.47
363145.93	6408913.70
363139.13	6408914.05
363138.77	6408907.28
363138.41	6408900.51
363138.05	6408893.74
363137.69	6408886.97
363137.33	6408880.20
363136.97	6408873.43
363136.61	6408866.66
363129.81	6408867.01
363129.45	6408860.24
363129.09	6408853.47
363128.73	6408846.70
363128.37	6408839.93
363128.01	6408833.16
363127.65	6408826.39
363120.85	6408826.74
363120.49	6408819.97
363120.13	6408813.20
363119.77	6408806.43
363119.41	6408799.66
363119.05	6408792.89
363118.69	6408786.12
363118.33	6408779.35
363117.97	6408772.58
363117.61	6408765.81
363117.25	6408759.04
363116.89	6408752.27
363116.53	6408745.50
363116.17	6408738.73
363115.81	6408731.96
363115.45	6408725.19
363115.09	6408718.42
363114.73	6408711.65
363114.37	6408704.88
363114.01	6408698.11
363113.65	6408691.34
363113.29	6408684.57
363112.93	6408677.80
363106.13	6408678.15
363105.77	6408671.38
363105.41	6408664.61
363105.05	6408657.84
363104.69	6408651.07
363104.33	6408644.30
363103.97	6408637.53
363103.61	6408630.76
363103.25	6408623.99
363102.89	6408617.22
363102.53	6408610.45
363102.17	6408603.68
363101.81	6408596.91
363095.01	6408597.26
363094.65	6408590.49
363094.29	6408583.72
363093.93	6408576.95
363093.57	6408570.18
363093.21	6408563.41
363092.85	6408556.64
363092.49	6408549.87
363092.13	6408543.10
363091.77	6408536.33
363091.41	6408529.56
363091.05	6408522.79
363084.25	6408523.14
363083.89	6408516.37
363083.53	6408509.60
363083.17	6408502.83
363082.81	6408496.06
363082.45	6408489.29
363082.09	6408482.52
363081.73	6408475.75
363081.37	6408468.98
363081.01	6408462.21
363080.65	6408455.44
363080.29	6408448.67
363079.93	6408441.90
363079.57	6408435.13
363072.77	6408435.48
363072.41	6408428.71
363072.05	6408421.94
363071.69	6408415.17
363071.33	6408408.40
363070.97	6408401.63
363070.61	6408394.86
363070.25	6408388.09
363069.89	6408381.32
363069.53	6408374.55
363069.17	6408367.78
363062.37	6408368.13
363062.01	6408361.36
363061.65	6408354.59
363061.29	6408347.82
363060.93	6408341.05
363060.57	6408334.28
363060.21	6408327.51
363059.85	6408320.74
363059.49	6408313.97
363059.13	6408307.20
363058.77	6408300.43
363058.41	6408293.66
363058.05	6408286.89
363057.69	6408280.12
363057.33	6408273.35
363056.97	6408266.58
363056.61	6408259.81
363056.25	6408253.04
363055.89	6408246.27
363055.53	6408239.50
363055.17	6408232.73
363054.81	6408225.96
363048.01	6408226.31
363047.65	6408219.54
363047.29	6408212.77
363046.93	6408206.00
363046.57	6408199.23
363046.21	6408192.46
363045.85	6408185.69
363045.49	6408178.92
363045.13	6408172.15
363044.77	6408165.38
363044.41	6408158.61
363037.61	6408158.96
363037.25	6408152.19
363036.89	6408145.42
363036.53	6408138.65
363036.17	6408131.88
363035.81	6408125.11
363035.45	6408118.34
363028.65	6408118.69
363028.29	6408111.92
363027.93	6408105.15
363027.57	6408098.38
363027.21	6408091.61
363020.41	6408091.96
363020.05	6408085.19
363019.69	6408078.42
363019.33	6408071.65
363018.97	6408064.88
363012.17	6408065.23
363011.81	6408058.46
363011.45	6408051.69
363011.09	6408044.92
363010.73	6408038.15
363003.93	6408038.50
363003.57	6408031.73
363003.21	6408024.96
363002.85	6408018.19
363002.49	6408011.42
363002.13	6408004.65
362995.33	6408005.00
362994.97	6407998.23
362994.61	6407991.46
362994.25	6407984.69
362993.89	6407977.92
362993.53	6407971.15
362986.73	6407971.50
362986.37	6407964.73
362986.01	6407957.96
362985.65	6407951.19
362985.29	6407944.42
362984.93	6407937.65
362984.57	6407930.88
362984.21	6407924.11
362983.85	6407917.34
362983.49	6407910.57
362983.13	6407903.80
362982.77	6407897.03
362982.41	6407890.26
362982.05	6407883.49
362981.69	6407876.72
362981.33	6407869.95
362980.97	6407863.18
362980.61	6407856.41
362980.25	6407849.64
362979.89	6407842.87
362979.53	6407836.10
362979.17	6407829.33
362978.81	6407822.56
362978.45	6407815.79
362985.25	6407815.44
362984.89	6407808.67
362984.53	6407801.90
362984.17	6407795.13
362983.81	6407788.36
362983.45	6407781.59
362983.09	6407774.82
362982.73	6407768.05
362982.37	6407761.28
362975.57	6407761.63
362975.21	6407754.86
362974.85	6407748.09
362974.49	6407741.32
362974.13	6407734.55
362973.77	6407727.78
362973.41	6407721.01
362973.05	6407714.24
362966.25	6407714.59
362965.89	6407707.82
362965.53	6407701.05
362965.17	6407694.28
362964.81	6407687.51
362964.45	6407680.74
362957.65	6407681.09
362957.29	6407674.32
362956.93	6407667.55
362956.57	6407660.78
362956.21	6407654.01
362949.41	6407654.36
362949.05	6407647.59
362948.69	6407640.82
362948.33	6407634.05
362947.97	6407627.28
362941.17	6407627.63
362940.81	6407620.86
362940.45	6407614.09
362940.09	6407607.32
362939.73	6407600.55
362932.93	6407600.90
362932.57	6407594.13
362932.21	6407587.36
362931.85	6407580.59
362931.49	6407573.82
362931.13	6407567.05
362924.33	6407567.40
362923.97	6407560.63
362923.61	6407553.86
362923.25	6407547.09
362922.89	6407540.32
362922.53	6407533.55
362922.17	6407526.78
362915.37	6407527.13
362915.01	6407520.36
362914.65	6407513.59
362914.29	6407506.82
362913.93	6407500.05
362913.57	6407493.28
362913.21	6407486.51
362912.85	6407479.74
362912.49	6407472.97
362912.13	6407466.20
362911.77	6407459.43
362911.41	6407452.66
362911.05	6407445.89
362904.25	6407446.24
362903.89	6407439.47
362903.53	6407432.70
362903.17	6407425.93
362902.81	6407419.16
362902.45	6407412.39
362902.09	6407405.62
362901.73	6407398.85
362901.37	6407392.08
362901.01	6407385.31
362900.65	6407378.54
362900.29	6407371.77
362899.93	6407365.00
362899.57	6407358.23
362899.21	6407351.46
362892.41	6407351.81
362892.05	6407345.04
362891.69	6407338.27
362891.33	6407331.50
362890.97	6407324.73
362890.61	6407317.96
362890.25	6407311.19
362889.89	6407304.42
362889.53	6407297.65
362889.17	6407290.88
362888.81	6407284.11
362888.45	6407277.34
362888.09	6407270.57
362887.73	6407263.80
362887.37	6407257.03
362887.01	6407250.26
362886.65	6407243.49
362886.29	6407236.72
362885.93	6407229.95
362885.57	6407223.18
362885.21	6407216.41
362884.85	6407209.64
362884.49	6407202.87
362884.13	6407196.10
362883.77	6407189.33
362876.97	6407189.68
362876.61	6407182.91
362876.25	6407176.14
362875.89	6407169.37
362875.53	6407162.60
362875.17	6407155.83
362874.81	6407149.06
362874.45	6407142.29
362874.09	6407135.52
362873.73	6407128.75
362873.37	6407121.98
362873.01	6407115.21
362872.65	6407108.44
362865.85	6407108.79
362865.49	6407102.02
362865.13	6407095.25
362864.77	6407088.48
362864.41	6407081.71
362864.05	6407074.94
362863.69	6407068.17
362863.33	6407061.40
362862.97	6407054.63
362862.61	6407047.86
362862.25	6407041.09
362861.89	6407034.32
362861.53	6407027.55
362861.17	6407020.78
362860.81	6407014.01
362860.45	6407007.24
362860.09	6407000.47
362859.73	6406993.70
362859.37	6406986.93
362859.01	6406980.16
362858.65	6406973.39
362858.29	6406966.62
362857.93	6406959.85
362857.57	6406953.08
362857.21	6406946.31
362850.41	6406946.66
362850.05	6406939.89
362849.69	6406933.12
362849.33	6406926.35
362848.97	6406919.58
362848.61	6406912.81
362848.25	6406906.04
362847.89	6406899.27
362847.53	6406892.50
362840.73	6406892.85
362840.37	6406886.08
362840.01	6406879.31
362839.65	6406872.54
362839.29	6406865.77
362838.93	6406859.00
362838.57	6406852.23
362831.77	6406852.58
362831.41	6406845.81
362831.05	6406839.04
362830.69	6406832.27
362830.33	6406825.50
362829.97	6406818.73
362829.61	6406811.96
362829.25	6406805.19
362822.45	6406805.54
362822.09	6406798.77
362821.73	6406792.00
362821.37	6406785.23
362821.01	6406778.46
362820.65	6406771.69
362820.29	6406764.92
362819.93	6406758.15
362813.13	6406758.50
362812.77	6406751.73
362812.41	6406744.96
362812.05	6406738.19
362811.69	6406731.42
362811.33	6406724.65
362810.97	6406717.88
362804.17	6406718.23
362803.81	6406711.46
362803.45	6406704.69
362803.09	6406697.92
362802.73	6406691.15
362802.37	6406684.38
362802.01	6406677.61
362795.21	6406677.96
362794.85	6406671.19
362794.49	6406664.42
362794.13	6406657.65
362793.77	6406650.88
362793.41	6406644.11
362793.05	6406637.34
362786.25	6406637.69
362785.89	6406630.92
362785.53	6406624.15
362785.17	6406617.38
362784.81	6406610.61
362784.45	6406603.84
362784.09	6406597.07
362783.73	6406590.30
362783.37	6406583.53
362783.01	6406576.76
362782.65	6406569.99
362775.85	6406570.34
362775.49	6406563.57
362775.13	6406556.80
362774.77	6406550.03
362774.41	6406543.26
362774.05	6406536.49
362773.69	6406529.72
362773.33	6406522.95
362772.97	6406516.18
362772.61	6406509.41
362772.25	6406502.64
362771.89	6406495.87
362771.53	6406489.10
362771.17	6406482.33
362770.81	6406475.56
362770.45	6406468.79
362770.09	6406462.02
362769.73	6406455.25
362769.37	6406448.48
362769.01	6406441.71
362768.65	6406434.94
362761.85	6406435.29
362761.49	6406428.52
362761.13	6406421.75
362760.77	6406414.98
362760.41	6406408.21
362760.05	6406401.44
362759.69	6406394.67
362759.33	6406387.90
362758.97	6406381.13
362758.61	6406374.36
362758.25	6406367.59
362757.89	6406360.82
362757.53	6406354.05
362757.17	6406347.28
362756.81	6406340.51
362756.45	6406333.74
362756.09	6406326.97
362755.73	6406320.20
362755.37	6406313.43
362755.01	6406306.66
362754.65	6406299.89
362754.29	6406293.12
362753.93	6406286.35
362747.13	6406286.70
362746.77	6406279.93
362746.41	6406273.16
362746.05	6406266.39
362745.69	6406259.62
362745.33	6406252.85
362744.97	6406246.08
362744.61	6406239.31
362744.25	6406232.54
362743.89	6406225.77
362743.53	6406219.00
362743.17	6406212.23
362742.81	6406205.46
362742.45	6406198.69
362742.09	6406191.92
362741.73	6406185.15
362741.37	6406178.38
362741.01	6406171.61
362740.65	6406164.84
362740.29	6406158.07
362739.93	6406151.30
362733.13	6406151.65
362732.77	6406144.88
362732.41	6406138.11
362732.05	6406131.34
362731.69	6406124.57
362731.33	6406117.80
362730.97	6406111.03
362730.61	6406104.26
362730.25	6406097.49
362729.89	6406090.72
362729.53	6406083.95
362722.73	6406084.30
362722.37	6406077.53
362722.01	6406070.76
362721.65	6406063.99
362721.29	6406057.22
362720.93	6406050.45
362720.57	6406043.68
362720.21	6406036.91
362719.85	6406030.14
362713.05	6406030.49
362712.69	6406023.72
362712.33	6406016.95
362711.97	6406010.18
362711.61	6406003.41
362711.25	6405996.64
362710.89	6405989.87
362710.53	6405983.10
362703.73	6405983.45
362703.37	6405976.68
362703.01	6405969.91
362702.65	6405963.14
362702.29	6405956.37
362701.93	6405949.60
362701.57	6405942.83
362701.21	6405936.06
362694.41	6405936.41
362694.05	6405929.64
362693.69	6405922.87
362693.33	6405916.10
362692.97	6405909.33
362692.61	6405902.56
362692.25	6405895.79
362691.89	6405889.02
362685.09	6405889.37
362684.73	6405882.60
362684.37	6405875.83
362684.01	6405869.06
362683.65	6405862.29
362683.29	6405855.52
362676.49	6405855.87
362676.13	6405849.10
362675.77	6405842.33
362675.41	6405835.56
362675.05	6405828.79
362674.69	6405822.02
362667.89	6405822.37
362667.53	6405815.60
362667.17	6405808.83
362666.81	6405802.06
362666.45	6405795.29
362666.09	6405788.52
362659.29	6405788.87
362658.93	6405782.10
362658.57	6405775.33
362658.21	6405768.56
362657.85	6405761.79
362657.49	6405755.02
362657.13	6405748.25
362656.77	6405741.48
362656.41	6405734.71
362656.05	6405727.94
362655.69	6405721.17
362655.33	6405714.40
362654.97	6405707.63
362654.61	6405700.86
362654.25	6405694.09
362653.89	6405687.32
362653.53	6405680.55
362653.17	6405673.78
362652.81	6405667.01
362652.45	6405660.24
362652.09	6405653.47
362651.73	6405646.70
362651.37	6405639.93
362651.01	6405633.16
362650.65	6405626.39
362650.29	6405619.62
362649.93	6405612.85
362649.57	6405606.08
362649.21	6405599.31
362648.85	6405592.54
362648.49	6405585.77
362648.13	6405579.00
362647.77	6405572.23
362647.41	6405565.46
362647.05	6405558.69
362646.69	6405551.92
362646.33	6405545.15
362645.97	6405538.38
362645.61	6405531.61
362645.25	6405524.84
362638.45	6405525.19
362638.09	6405518.42
362637.73	6405511.65
362637.37	6405504.88
362637.01	6405498.11
362636.65	6405491.34
362636.29	6405484.57
362635.93	6405477.80
362635.57	6405471.03
362635.21	6405464.26
362634.85	6405457.49
362634.49	6405450.72
362627.69	6405451.07
362627.33	6405444.30
362626.97	6405437.53
362626.61	6405430.76
362626.25	6405423.99
362625.89	6405417.22
362625.53	6405410.45
362625.17	6405403.68
362624.81	6405396.91
362624.45	6405390.14
362624.09	6405383.37
362623.73	6405376.60
362623.37	6405369.83
362623.01	6405363.06
362622.65	6405356.29
362622.29	6405349.52
362621.93	6405342.75
362621.57	6405335.98
362614.77	6405336.33
362614.41	6405329.56
362614.05	6405322.79
362613.69	6405316.02
362613.33	6405309.25
362612.97	6405302.48
362612.61	6405295.71
362612.25	6405288.94
362605.45	6405289.29
362605.09	6405282.52
362604.73	6405275.75
362604.37	6405268.98
362604.01	6405262.21
362603.65	6405255.44
362596.85	6405255.79
362596.49	6405249.02
362596.13	6405242.25
362595.77	6405235.48
362595.41	6405228.71
362588.61	6405229.06
362588.25	6405222.29
362587.89	6405215.52
362587.53	6405208.75
362587.17	6405201.98
362586.81	6405195.21
362586.45	6405188.44
362579.65	6405188.79
362579.29	6405182.02
362578.93	6405175.25
362578.57	6405168.48
362578.21	6405161.71
362577.85	6405154.94
362577.49	6405148.17
362577.13	6405141.40
362576.77	6405134.63
362576.41	6405127.86
362576.05	6405121.09
362569.25	6405121.44
362568.89	6405114.67
362568.53	6405107.90
362568.17	6405101.13
362567.81	6405094.36
362567.45	6405087.59
362574.25	6405087.24
362573.89	6405080.47
362573.53	6405073.70
362573.17	6405066.93
362572.81	6405060.16
362572.45	6405053.39
362572.09	6405046.62
362571.73	6405039.85
362571.37	6405033.08
362571.01	6405026.31
362570.65	6405019.54
362570.29	6405012.77
362569.93	6405006.00
362563.13	6405006.35
362562.77	6404999.58
362562.41	6404992.81
362562.05	6404986.04
362561.69	6404979.27
362561.33	6404972.50
362560.97	6404965.73
362560.61	6404958.96
362560.25	6404952.19
362559.89	6404945.42
362553.09	6404945.77
362552.73	6404939.00
362552.37	6404932.23
362552.01	6404925.46
362551.65	6404918.69
362551.29	6404911.92
362550.93	6404905.15
362544.13	6404905.50
362543.77	6404898.73
362543.41	6404891.96
362543.05	6404885.19
362542.69	6404878.42
362542.33	6404871.65
362541.97	6404864.88
362541.61	6404858.11
362541.25	6404851.34
362540.89	6404844.57
362534.09	6404844.92
362533.73	6404838.15
362533.37	6404831.38
362533.01	6404824.61
362532.65	6404817.84
362532.29	6404811.07
362531.93	6404804.30
362531.57	6404797.53
362531.21	6404790.76
362530.85	6404783.99
362530.49	6404777.22
362530.13	6404770.45
362529.77	6404763.68
362529.41	6404756.91
362529.05	6404750.14
362528.69	6404743.37
362528.33	6404736.60
362527.97	6404729.83
362527.61	6404723.06
362527.25	6404716.29
362526.89	6404709.52
362526.53	6404702.75
362526.17	6404695.98
362525.81	6404689.21
362525.45	6404682.44
362525.09	6404675.67
362524.73	6404668.90
362524.37	6404662.13
362524.01	6404655.36
362517.21	6404655.71
362516.85	6404648.94
362516.49	6404642.17
362516.13	6404635.40
362515.77	6404628.63
362515.41	6404621.86
362515.05	6404615.09
362514.69	6404608.32
362514.33	6404601.55
362513.97	6404594.78
362513.61	6404588.01
362513.25	6404581.24
362512.89	6404574.47
362512.53	6404567.70
362512.17	6404560.93
362511.81	6404554.16
362511.45	6404547.39
362511.09	6404540.62
362510.73	6404533.85
362510.37	6404527.08
362510.01	6404520.31
362503.21	6404520.66
362502.85	6404513.89
362502.49	6404507.12
362502.13	6404500.35
362501.77	6404493.58
362494.97	6404493.93
362494.61	6404487.16
362494.25	6404480.39
362493.89	6404473.62
362493.53	6404466.85
362493.17	6404460.08
362492.81	6404453.31
362492.45	6404446.54
362485.65	6404446.89
362485.29	6404440.12
362484.93	6404433.35
362484.57	6404426.58
362484.21	6404419.81
362483.85	6404413.04
362483.49	6404406.27
362483.13	6404399.50
362476.33	6404399.85
362475.97	6404393.08
362475.61	6404386.31
362475.25	6404379.54
362474.89	6404372.77
362474.53	6404366.00
362474.17	6404359.23
362473.81	6404352.46
362473.45	6404345.69
362473.09	6404338.92
362472.73	6404332.15
362465.93	6404332.50
362465.57	6404325.73
362465.21	6404318.96
362464.85	6404312.19
362464.49	6404305.42
362464.13	6404298.65
362457.33	6404299.00
362456.97	6404292.23
362456.61	6404285.46
362456.25	6404278.69
362455.89	6404271.92
362455.53	6404265.15
362455.17	6404258.38
362454.81	6404251.61
362454.45	6404244.84
362454.09	6404238.07
362453.73	6404231.30
362453.37	6404224.53
362453.01	6404217.76
362452.65	6404210.99
362452.29	6404204.22
362451.93	6404197.45
362451.57	6404190.68
362451.21	6404183.91
362450.85	6404177.14
362450.49	6404170.37
362450.13	6404163.60
362449.77	6404156.83
362449.41	6404150.06
362449.05	6404143.29
362448.69	6404136.52
362448.33	6404129.75
362447.97	6404122.98
362447.61	6404116.21
362447.25	6404109.44
362446.89	6404102.67
362446.53	6404095.90
362446.17	6404089.13
362452.97	6404088.78
362452.61	6404082.01
362452.25	6404075.24
362451.89	6404068.47
362451.53	6404061.70
362451.17	6404054.93
362444.37	6404055.28
362444.01	6404048.51
362443.65	6404041.74
362436.85	6404042.09
362436.49	6404035.32
362436.13	6404028.55
362435.77	6404021.78
362435.41	6404015.01
362435.05	6404008.24
362434.69	6404001.47
362427.89	6404001.82
362427.53	6403995.05
362427.17	6403988.28
362426.81	6403981.51
362426.45	6403974.74
362426.09	6403967.97
362425.73	6403961.20
362425.37	6403954.43
362418.57	6403954.78
362418.21	6403948.01
362417.85	6403941.24
362417.49	6403934.47
362417.13	6403927.70
362416.77	6403920.93
362416.41	6403914.16
362416.05	6403907.39
362415.69	6403900.62
362415.33	6403893.85
362414.97	6403887.08
362414.61	6403880.31
362414.25	6403873.54
362413.89	6403866.77
362413.53	6403860.00
362406.73	6403860.35
362406.37	6403853.58
362406.01	6403846.81
362405.65	6403840.04
362405.29	6403833.27
362404.93	6403826.50
362404.57	6403819.73
362404.21	6403812.96
362403.85	6403806.19
362403.49	6403799.42
362403.13	6403792.65
362402.77	6403785.88
362402.41	6403779.11
362395.61	6403779.46
362395.25	6403772.69
362394.89	6403765.92
362394.53	6403759.15
362394.17	6403752.38
362393.81	6403745.61
362393.45	6403738.84
362393.09	6403732.07
362392.73	6403725.30
362392.37	6403718.53
362385.57	6403718.88
362385.21	6403712.11
362384.85	6403705.34
362384.49	6403698.57
362384.13	6403691.80
362383.77	6403685.03
362383.41	6403678.26
362383.05	6403671.49
362376.25	6403671.84
362375.89	6403665.07
362375.53	6403658.30
362375.17	6403651.53
362374.81	6403644.76
362374.45	6403637.99
362374.09	6403631.22
362367.29	6403631.57
362366.93	6403624.80
362366.57	6403618.03
362366.21	6403611.26
362365.85	6403604.49
362365.49	6403597.72
362365.13	6403590.95
362358.33	6403591.30
362357.97	6403584.53
362357.61	6403577.76
362357.25	6403570.99
362356.89	6403564.22
362356.53	6403557.45
362356.17	6403550.68
362355.81	6403543.91
362355.45	6403537.14
362355.09	6403530.37
362348.29	6403530.72
362347.93	6403523.95
362347.57	6403517.18
362347.21	6403510.41
362346.85	6403503.64
362346.49	6403496.87
362346.13	6403490.10
362345.77	6403483.33
362345.41	6403476.56
362345.05	6403469.79
362344.69	6403463.02
362344.33	6403456.25
362343.97	6403449.48
362343.61	6403442.71
362343.25	6403435.94
362342.89	6403429.17
362342.53	6403422.40
362342.17	6403415.63
362341.81	6403408.86
362341.45	6403402.09
362341.09	6403395.32
362340.73	6403388.55
362340.37	6403381.78
362340.01	6403375.01
362339.65	6403368.24
362339.29	6403361.47
362338.93	6403354.70
362338.57	6403347.93
362338.21	6403341.16
362337.85	6403334.39
362337.49	6403327.62
362337.13	6403320.85
362336.77	6403314.08
362336.41	6403307.31
362336.05	6403300.54
362335.69	6403293.77
362335.33	6403287.00
362334.97	6403280.23
362334.61	6403273.46
362334.25	6403266.69
362333.89	6403259.92
362333.53	6403253.15
362333.17	6403246.38
362332.81	6403239.61
362332.45	6403232.84
362332.09	6403226.07
362331.73	6403219.30
362331.37	6403212.53
362324.57	6403212.88
362324.21	6403206.11
362323.85	6403199.34
362323.49	6403192.57
362323.13	6403185.80
362322.77	6403179.03
362322.41	6403172.26
362322.05	6403165.49
362321.69	6403158.72
362314.89	6403159.07
362314.53	6403152.30
362314.17	6403145.53
362313.81	6403138.76
362313.45	6403131.99
362313.09	6403125.22
362312.73	6403118.45
362312.37	6403111.68
362305.57	6403112.03
362305.21	6403105.26
362304.85	6403098.49
362304.49	6403091.72
362304.13	6403084.95
362303.77	6403078.18
362296.97	6403078.53
362296.61	6403071.76
362296.25	6403064.99
362295.89	6403058.22
362295.53	6403051.45
362295.17	6403044.68
362294.81	6403037.91
362288.01	6403038.26
362287.65	6403031.49
362287.29	6403024.72
362286.93	6403017.95
362286.57	6403011.18
362286.21	6403004.41
362285.85	6402997.64
362279.05	6402997.99
362278.69	6402991.22
362278.33	6402984.45
362277.97	6402977.68
362277.61	6402970.91
362277.25	6402964.14
362276.89	6402957.37
362276.53	6402950.60
362276.17	6402943.83
362275.81	6402937.06
362275.45	6402930.29
362275.09	6402923.52
362274.73	6402916.75
362274.37	6402909.98
362267.57	6402910.33
362267.21	6402903.56
362266.85	6402896.79
362266.49	6402890.02
362266.13	6402883.25
362265.77	6402876.48
362265.41	6402869.71
362265.05	6402862.94
362264.69	6402856.17
362264.33	6402849.40
362263.97	6402842.63
362263.61	6402835.86
362263.25	6402829.09
362262.89	6402822.32
362262.53	6402815.55
362262.17	6402808.78
362261.81	6402802.01
362261.45	6402795.24
362254.65	6402795.59
362254.29	6402788.82
362253.93	6402782.05
362253.57	6402775.28
362253.21	6402768.51
362252.85	6402761.74
362252.49	6402754.97
362252.13	6402748.20
362251.77	6402741.43
362251.41	6402734.66
362251.05	6402727.89
362250.69	6402721.12
362250.33	6402714.35
362249.97	6402707.58
362249.61	6402700.81
362249.25	6402694.04
362248.89	6402687.27
362248.53	6402680.50
362248.17	6402673.73
362247.81	6402666.96
362247.45	6402660.19
362247.09	6402653.42
362246.73	6402646.65
362246.37	6402639.88
362246.01	6402633.11
362245.65	6402626.34
362245.29	6402619.57
362244.93	6402612.80
362244.57	6402606.03
362244.21	6402599.26
362243.85	6402592.49
362243.49	6402585.72
362243.13	6402578.95
362242.77	6402572.18
362242.41	6402565.41
362242.05	6402558.64
362241.69	6402551.87
362241.33	6402545.10
362240.97	6402538.33
362240.61	6402531.56
362240.25	6402524.79
362239.89	6402518.02
362239.53	6402511.25
362239.17	6402504.48
362238.81	6402497.71
362238.45	6402490.94
362238.09	6402484.17
362237.73	6402477.40
362244.53	6402477.05
362244.17	6402470.28
362243.81	6402463.51
362243.45	6402456.74
362236.65	6402457.09
362236.29	6402450.32
362235.93	6402443.55
362235.57	6402436.78
362235.21	6402430.01
362234.85	6402423.24
362234.49	6402416.47
362234.13	6402409.70
362233.77	6402402.93
362233.41	6402396.16
362233.05	6402389.39
362232.69	6402382.62
362239.49	6402382.27
362239.13	6402375.50
362238.77	6402368.73
362238.41	6402361.96
362238.05	6402355.19
362237.69	6402348.42
362237.33	6402341.65
362236.97	6402334.88
362236.61	6402328.11
362236.25	6402321.34
362235.89	6402314.57
362242.69	6402314.22
362242.33	6402307.45
362241.97	6402300.68
362241.61	6402293.91
362241.25	6402287.14
362240.89	6402280.37
362240.53	6402273.60
362247.33	6402273.25
362246.97	6402266.48
362246.61	6402259.71
362246.25	6402252.94
362245.89	6402246.17
362245.53	6402239.40
362245.17	6402232.63
362244.81	6402225.86
362244.45	6402219.09
362251.25	6402218.74
362250.89	6402211.97
362250.53	6402205.20
362250.17	6402198.43
362249.81	6402191.66
362256.61	6402191.31
362256.25	6402184.54
362255.89	6402177.77
362255.53	6402171.00
362255.17	6402164.23
362254.81	6402157.46
362261.61	6402157.11
362261.25	6402150.34
362260.89	6402143.57
362260.53	6402136.80
362260.17	6402130.03
362259.81	6402123.26
362266.61	6402122.91
362266.25	6402116.14
362265.89	6402109.37
362265.53	6402102.60
362265.17	6402095.83
362264.81	6402089.06
362264.45	6402082.29
362264.09	6402075.52
362263.73	6402068.75
362263.37	6402061.98
362270.17	6402061.63
362269.81	6402054.86
362269.45	6402048.09
362269.09	6402041.32
362268.73	6402034.55
362268.37	6402027.78
362268.01	6402021.01
362267.65	6402014.24
362267.29	6402007.47
362266.93	6402000.70
362266.57	6401993.93
362266.21	6401987.16
362265.85	6401980.39
362272.65	6401980.04
362272.29	6401973.27
362271.93	6401966.50
362271.57	6401959.73
362271.21	6401952.96
362270.85	6401946.19
362270.49	6401939.42
362270.13	6401932.65
362269.77	6401925.88
362269.41	6401919.11
362269.05	6401912.34
362268.69	6401905.57
362268.33	6401898.80
362267.97	6401892.03
362267.61	6401885.26
362267.25	6401878.49
362266.89	6401871.72
362266.53	6401864.95
362266.17	6401858.18
362265.81	6401851.41
362272.61	6401851.06
362272.25	6401844.29
362271.89	6401837.52
362271.53	6401830.75
362271.17	6401823.98
362270.81	6401817.21
362270.45	6401810.44
362270.09	6401803.67
362269.73	6401796.90
362269.37	6401790.13
362276.17	6401789.78
362275.81	6401783.01
362275.45	6401776.24
362275.09	6401769.47
362274.73	6401762.70
362274.37	6401755.93
362274.01	6401749.16
362273.65	6401742.39
362273.29	6401735.62
362272.93	6401728.85
362279.73	6401728.50
362279.37	6401721.73
362279.01	6401714.96
362278.65	6401708.19
362278.29	6401701.42
362277.93	6401694.65
362277.57	6401687.88
362277.21	6401681.11
362276.85	6401674.34
362276.49	6401667.57
362283.29	6401667.22
362282.93	6401660.45
362282.57	6401653.68
362282.21	6401646.91
362281.85	6401640.14
362281.49	6401633.37
362281.13	6401626.60
362287.93	6401626.25
362287.57	6401619.48
362287.21	6401612.71
362286.85	6401605.94
362286.49	6401599.17
362286.13	6401592.40
362285.77	6401585.63
362292.57	6401585.28
362292.21	6401578.51
362291.85	6401571.74
362291.49	6401564.97
362291.13	6401558.20
362290.77	6401551.43
362297.57	6401551.08
362297.21	6401544.31
362296.85	6401537.54
362296.49	6401530.77
362296.13	6401524.00
362295.77	6401517.23
362302.57	6401516.88
362302.21	6401510.11
362301.85	6401503.34
362301.49	6401496.57
362301.13	6401489.80
362300.77	6401483.03
362307.57	6401482.68
362307.21	6401475.91
362306.85	6401469.14
362306.49	6401462.37
362313.29	6401462.02
362312.93	6401455.25
362312.57	6401448.48
362312.21	6401441.71
362311.85	6401434.94
362311.49	6401428.17
362318.29	6401427.82
362317.93	6401421.05
362317.57	6401414.28
362317.21	6401407.51
362316.85	6401400.74
362323.65	6401400.39
362323.29	6401393.62
362322.93	6401386.85
362322.57	6401380.08
362322.21	6401373.31
362321.85	6401366.54
362328.65	6401366.19
362328.29	6401359.42
362327.93	6401352.65
362327.57	6401345.88
362327.21	6401339.11
362334.01	6401338.76
362333.65	6401331.99
362333.29	6401325.22
362332.93	6401318.45
362332.57	6401311.68
362332.21	6401304.91
362339.01	6401304.56
362338.65	6401297.79
362338.29	6401291.02
362337.93	6401284.25
362337.57	6401277.48
362344.37	6401277.13
362344.01	6401270.36
362343.65	6401263.59
362343.29	6401256.82
362350.09	6401256.47
362349.73	6401249.70
362349.37	6401242.93
362349.01	6401236.16
362348.65	6401229.39
362355.45	6401229.04
362355.09	6401222.27
362354.73	6401215.50
362354.37	6401208.73
362361.17	6401208.38
362360.81	6401201.61
362360.45	6401194.84
362360.09	6401188.07
362359.73	6401181.30
362366.53	6401180.95
362366.17	6401174.18
362365.81	6401167.41
362365.45	6401160.64
362372.25	6401160.29
362371.89	6401153.52
362371.53	6401146.75
362371.17	6401139.98
362377.97	6401139.63
362377.61	6401132.86
362377.25	6401126.09
362376.89	6401119.32
362383.69	6401118.97
362383.33	6401112.20
362382.97	6401105.43
362382.61	6401098.66
362389.41	6401098.31
362389.05	6401091.54
362388.69	6401084.77
362388.33	6401078.00
362395.13	6401077.65
362394.77	6401070.88
362394.41	6401064.11
362394.05	6401057.34
362400.85	6401056.99
362400.49	6401050.22
362400.13	6401043.45
362399.77	6401036.68
362406.57	6401036.33
362406.21	6401029.56
362405.85	6401022.79
362405.49	6401016.02
362412.29	6401015.67
362411.93	6401008.90
362411.57	6401002.13
362411.21	6400995.36
362418.01	6400995.01
362417.65	6400988.24
362417.29	6400981.47
362416.93	6400974.70
362423.73	6400974.35
362423.37	6400967.58
362423.01	6400960.81
362429.81	6400960.46
362429.45	6400953.69
362429.09	6400946.92
362435.89	6400946.57
362435.53	6400939.80
362435.17	6400933.03
362441.97	6400932.68
362441.61	6400925.91
362441.25	6400919.14
362440.89	6400912.37
362447.69	6400912.02
362447.33	6400905.25
362454.13	6400904.90
362453.77	6400898.13
362453.41	6400891.36
362460.21	6400891.01
362459.85	6400884.24
362459.49	6400877.47
362466.29	6400877.12
362465.93	6400870.35
362465.57	6400863.58
362472.37	6400863.23
362472.01	6400856.46
362471.65	6400849.69
362478.45	6400849.34
362478.09	6400842.57
362477.73	6400835.80
362484.53	6400835.45
362484.17	6400828.68
362490.97	6400828.33
362490.61	6400821.56
362490.25	6400814.79
362489.89	6400808.02
362496.69	6400807.67
362496.33	6400800.90
362503.13	6400800.55
362502.77	6400793.78
362509.57	6400793.43
362509.21	6400786.66
362516.01	6400786.31
362515.65	6400779.54
362522.45	6400779.19
362522.09	6400772.42
362521.73	6400765.65
362528.53	6400765.30
362528.17	6400758.53
362534.97	6400758.18
362541.77	6400757.83
362541.41	6400751.06
362548.21	6400750.71
362547.85	6400743.94
362554.65	6400743.59
362554.29	6400736.82
362561.09	6400736.47
362560.73	6400729.70
362567.53	6400729.35
362567.17	6400722.58
362573.97	6400722.23
362573.61	6400715.46
362580.41	6400715.11
362580.05	6400708.34
362586.85	6400707.99
362593.65	6400707.64
362593.29	6400700.87
362600.09	6400700.52
362599.73	6400693.75
362606.53	6400693.40
362606.17	6400686.63
362612.97	6400686.28
362612.61	6400679.51
362619.41	6400679.16
362626.21	6400678.81
362625.85	6400672.04
362632.65	6400671.69
362632.29	6400664.92
362639.09	6400664.57
362638.73	6400657.80
362645.53	6400657.45
362652.33	6400657.10
362651.97	6400650.33
362658.77	6400649.98
362658.41	6400643.21
362665.21	6400642.86
362664.85	6400636.09
362671.65	6400635.74
362678.45	6400635.39
362678.09	6400628.62
362684.89	6400628.27
362684.53	6400621.50
362691.33	6400621.15
362698.13	6400620.80
362697.77	6400614.03
362704.57	6400613.68
362704.21	6400606.91
362711.01	6400606.56
362717.81	6400606.21
362717.45	6400599.44
362724.25	6400599.09
362723.89	6400592.32
362730.69	6400591.97
362737.49	6400591.62
362737.13	6400584.85
362743.93	6400584.50
362743.57	6400577.73
362750.37	6400577.38
362750.01	6400570.61
362756.81	6400570.26
362763.61	6400569.91
362763.25	6400563.14
362770.05	6400562.79
362769.69	6400556.02
362776.49	6400555.67
362783.29	6400555.32
362782.93	6400548.55
362789.73	6400548.20
362789.37	6400541.43
362796.17	6400541.08
362795.81	6400534.31
362802.61	6400533.96
362809.41	6400533.61
362809.05	6400526.84
362815.85	6400526.49
362815.49	6400519.72
362822.29	6400519.37
362829.09	6400519.02
362828.73	6400512.25
362835.53	6400511.90
362842.33	6400511.55
362841.97	6400504.78
362848.77	6400504.43
362855.57	6400504.08
362855.21	6400497.31
362862.01	6400496.96
362868.81	6400496.61
362868.45	6400489.84
362875.25	6400489.49
362882.05	6400489.14
362888.85	6400488.79
362888.49	6400482.02
362895.29	6400481.67
362902.09	6400481.32
362901.73	6400474.55
362908.53	6400474.20
362915.33	6400473.85
362914.97	6400467.08
362921.77	6400466.73
362928.57	6400466.38
362935.37	6400466.03
362935.01	6400459.26
362941.81	6400458.91
362948.61	6400458.56
362948.25	6400451.79
362955.05	6400451.44
362961.85	6400451.09
362968.65	6400450.74
362975.45	6400450.39
362975.09	6400443.62
362981.89	6400443.27
362988.69	6400442.92
362995.49	6400442.57
363002.29	6400442.22
363009.09	6400441.87
363008.73	6400435.10
363015.53	6400434.75
363022.33	6400434.40
363029.13	6400434.05
363035.93	6400433.70
363042.73	6400433.35
363049.53	6400433.00
363056.33	6400432.65
363063.13	6400432.30
363069.93	6400431.95
363076.73	6400431.60
363083.53	6400431.25
363090.33	6400430.90
363097.13	6400430.55
363103.93	6400430.20
363110.73	6400429.85
363111.09	6400436.62
363117.89	6400436.27
363124.69	6400435.92
363131.49	6400435.57
363138.29	6400435.22
363145.09	6400434.87
363151.89	6400434.52
363158.69	6400434.17
363165.49	6400433.82
363172.29	6400433.47
363179.09	6400433.12
363185.89	6400432.77
363192.69	6400432.42
363199.49	6400432.07
363206.29	6400431.72
363213.09	6400431.37
363219.89	6400431.02
363226.69	6400430.67
363233.49	6400430.32
363240.29	6400429.97
363247.09	6400429.62
363253.89	6400429.27
363260.69	6400428.92
363260.33	6400422.15
363267.13	6400421.80
363273.93	6400421.45
363280.73	6400421.10
363287.53	6400420.75
363287.89	6400427.52
363294.69	6400427.17
363301.49	6400426.82
363308.29	6400426.47
363315.09	6400426.12
363321.89	6400425.77
363328.69	6400425.42
363335.49	6400425.07
363342.29	6400424.72
363349.09	6400424.37
363355.89	6400424.02
363362.69	6400423.67
363369.49	6400423.32
363369.85	6400430.09
363370.21	6400436.86
363370.57	6400443.63
363370.93	6400450.40
363371.29	6400457.17
363371.65	6400463.94
363372.01	6400470.71
363372.37	6400477.48
363379.17	6400477.13
363379.53	6400483.90
363379.89	6400490.67
363380.25	6400497.44
363380.61	6400504.21
363387.41	6400503.86
363387.77	6400510.63
363388.13	6400517.40
363394.93	6400517.05
363395.29	6400523.82
363402.09	6400523.47
363402.45	6400530.24
363409.25	6400529.89
363409.61	6400536.66
363416.41	6400536.31
363416.77	6400543.08
363423.57	6400542.73
363423.93	6400549.50
363430.73	6400549.15
363431.09	6400555.92
363437.89	6400555.57
363438.25	6400562.34
363445.05	6400561.99
363445.41	6400568.76
363445.77	6400575.53
363446.13	6400582.30
363439.33	6400582.65
363439.69	6400589.42
363440.05	6400596.19
363440.41	6400602.96
363440.77	6400609.73
363441.13	6400616.50
363441.49	6400623.27
363441.85	6400630.04
363442.21	6400636.81
363449.01	6400636.46
363449.37	6400643.23
363449.73	6400650.00
363450.09	6400656.77
363456.89	6400656.42
363457.25	6400663.19
363464.05	6400662.84
363464.41	6400669.61
363464.77	6400676.38
363465.13	6400683.15
363465.49	6400689.92
363458.69	6400690.27
363451.89	6400690.62
363452.25	6400697.39
363445.45	6400697.74
363438.65	6400698.09
363431.85	6400698.44
363432.21	6400705.21
363425.41	6400705.56
363425.77	6400712.33
363418.97	6400712.68
363419.33	6400719.45
363419.69	6400726.22
363412.89	6400726.57
363413.25	6400733.34
363413.61	6400740.11
363413.97	6400746.88
363420.77	6400746.53
363421.13	6400753.30
363421.49	6400760.07
363428.29	6400759.72
363428.65	6400766.49
363435.45	6400766.14
363435.81	6400772.91
363436.17	6400779.68
363436.53	6400786.45
363436.89	6400793.22
363430.09	6400793.57
363430.45	6400800.34
363430.81	6400807.11
363431.17	6400813.88
363431.53	6400820.65
363431.89	6400827.42
363432.25	6400834.19
363425.45	6400834.54
363425.81	6400841.31
363426.17	6400848.08
363426.53	6400854.85
363419.73	6400855.20
363420.09	6400861.97
363420.45	6400868.74
363420.81	6400875.51
363421.17	6400882.28
363421.53	6400889.05
363421.89	6400895.82
363422.25	6400902.59
363422.61	6400909.36
363422.97	6400916.13
363423.33	6400922.90
363423.69	6400929.67
363424.05	6400936.44
363430.85	6400936.09
363431.21	6400942.86
363431.57	6400949.63
363431.93	6400956.40
363432.29	6400963.17
363432.65	6400969.94
363439.45	6400969.59
363439.81	6400976.36
363446.61	6400976.01
363446.97	6400982.78
363447.33	6400989.55
363454.13	6400989.20
363454.49	6400995.97
363454.85	6401002.74
363455.21	6401009.51
363455.57	6401016.28
363448.77	6401016.63
363449.13	6401023.40
363449.49	6401030.17
363442.69	6401030.52
363443.05	6401037.29
363443.41	6401044.06
363443.77	6401050.83
363450.57	6401050.48
363450.93	6401057.25
363451.29	6401064.02
363451.65	6401070.79
363458.45	6401070.44
363458.81	6401077.21
363459.17	6401083.98
363465.97	6401083.63
363466.33	6401090.40
363473.13	6401090.05
363473.49	6401096.82
363480.29	6401096.47
363480.65	6401103.24
363487.45	6401102.89
363494.25	6401102.54
363493.89	6401095.77
363500.69	6401095.42
363507.49	6401095.07
363514.29	6401094.72
363521.09	6401094.37
363527.89	6401094.02
363528.25	6401100.79
363535.05	6401100.44
363535.41	6401107.21
363542.21	6401106.86
363542.57	6401113.63
363549.37	6401113.28
363549.73	6401120.05
363550.09	6401126.82
363556.89	6401126.47
363557.25	6401133.24
363564.05	6401132.89
363564.41	6401139.66
363564.77	6401146.43
363571.57	6401146.08
363571.93	6401152.85
363578.73	6401152.50
363579.09	6401159.27
363585.89	6401158.92
363586.25	6401165.69
363586.61	6401172.46
363593.41	6401172.11
363593.77	6401178.88
363594.13	6401185.65
363594.49	6401192.42
363594.85	6401199.19
363595.21	6401205.96
363595.57	6401212.73
363595.93	6401219.50
363596.29	6401226.27
363596.65	6401233.04
363597.01	6401239.81
363603.81	6401239.46
363604.17	6401246.23
363604.53	6401253.00
363604.89	6401259.77
363605.25	6401266.54
363598.45	6401266.89
363598.81	6401273.66
363592.01	6401274.01
363592.37	6401280.78
363592.73	6401287.55
363593.09	6401294.32
363586.29	6401294.67
363586.65	6401301.44
363579.85	6401301.79
363580.21	6401308.56
363580.57	6401315.33
363573.77	6401315.68
363574.13	6401322.45
363567.33	6401322.80
363567.69	6401329.57
363560.89	6401329.92
363561.25	6401336.69
363554.45	6401337.04
363554.81	6401343.81
363555.17	6401350.58
363555.53	6401357.35
363548.73	6401357.70
363549.09	6401364.47
363549.45	6401371.24
363549.81	6401378.01
363550.17	6401384.78
363543.37	6401385.13
363543.73	6401391.90
363536.93	6401392.25
363537.29	6401399.02
363530.49	6401399.37
363530.85	6401406.14
363524.05	6401406.49
363524.41	6401413.26
363517.61	6401413.61
363517.97	6401420.38
363511.17	6401420.73
363504.37	6401421.08
363497.57	6401421.43
363490.77	6401421.78
363483.97	6401422.13
363484.33	6401428.90
363477.53	6401429.25
363470.73	6401429.60
363471.09	6401436.37
363464.29	6401436.72
363457.49	6401437.07
363457.85	6401443.84
363451.05	6401444.19
363451.41	6401450.96
363444.61	6401451.31
363444.97	6401458.08
363438.17	6401458.43
363438.53	6401465.20
363431.73	6401465.55
363424.93	6401465.90
363425.29	6401472.67
363418.49	6401473.02
363418.85	6401479.79
363412.05	6401480.14
363412.41	6401486.91
363405.61	6401487.26
363405.97	6401494.03
363399.17	6401494.38
363399.53	6401501.15
363392.73	6401501.50
363393.09	6401508.27
363393.45	6401515.04
363386.65	6401515.39
363387.01	6401522.16
363380.21	6401522.51
363380.57	6401529.28
363373.77	6401529.63
363374.13	6401536.40
363367.33	6401536.75
363367.69	6401543.52
363360.89	6401543.87
363361.25	6401550.64
363354.45	6401550.99
363354.81	6401557.76
363348.01	6401558.11
363348.37	6401564.88
363341.57	6401565.23
363341.93	6401572.00
363342.29	6401578.77
363342.65	6401585.54
363343.01	6401592.31
363343.37	6401599.08
363350.17	6401598.73
363350.53	6401605.50
363350.89	6401612.27
363351.25	6401619.04
363351.61	6401625.81
363351.97	6401632.58
363352.33	6401639.35
363352.69	6401646.12
363353.05	6401652.89
363353.41	6401659.66
363360.21	6401659.31
363360.57	6401666.08
363360.93	6401672.85
363367.73	6401672.50
363368.09	6401679.27
363368.45	6401686.04
363375.25	6401685.69
363375.61	6401692.46
363375.97	6401699.23
363382.77	6401698.88
363383.13	6401705.65
363383.49	6401712.42
363390.29	6401712.07
363390.65	6401718.84
363391.01	6401725.61
363397.81	6401725.26
363398.17	6401732.03
363398.53	6401738.80
363405.33	6401738.45
363405.69	6401745.22
363406.05	6401751.99
363406.41	6401758.76
363413.21	6401758.41
363413.57	6401765.18
363413.93	6401771.95
363420.73	6401771.60
363421.09	6401778.37
363421.45	6401785.14
363428.25	6401784.79
363428.61	6401791.56
363428.97	6401798.33
363429.33	6401805.10
363436.13	6401804.75
363436.49	6401811.52
363436.85	6401818.29
363443.65	6401817.94
363444.01	6401824.71
363444.37	6401831.48
363444.73	6401838.25
363451.53	6401837.90
363451.89	6401844.67
363452.25	6401851.44
363459.05	6401851.09
363459.41	6401857.86
363459.77	6401864.63
363466.57	6401864.28
363466.93	6401871.05
363473.73	6401870.70
363474.09	6401877.47
363474.45	6401884.24
363481.25	6401883.89
363481.61	6401890.66
363481.97	6401897.43
363488.77	6401897.08
363489.13	6401903.85
363495.93	6401903.50
363496.29	6401910.27
363496.65	6401917.04
363503.45	6401916.69
363503.81	6401923.46
363504.17	6401930.23
363510.97	6401929.88
363511.33	6401936.65
363511.69	6401943.42
363518.49	6401943.07
363518.85	6401949.84
363519.21	6401956.61
363526.01	6401956.26
363526.37	6401963.03
363526.73	6401969.80
363533.53	6401969.45
363533.89	6401976.22
363534.25	6401982.99
363541.05	6401982.64
363541.41	6401989.41
363541.77	6401996.18
363548.57	6401995.83
363548.93	6402002.60
363549.29	6402009.37
363556.09	6402009.02
363556.45	6402015.79
363556.81	6402022.56
363563.61	6402022.21
363563.97	6402028.98
363564.33	6402035.75
363571.13	6402035.40
363571.49	6402042.17
363571.85	6402048.94
363572.21	6402055.71
363579.01	6402055.36
363579.37	6402062.13
363579.73	6402068.90
363586.53	6402068.55
363586.89	6402075.32
363587.25	6402082.09
363594.05	6402081.74
363594.41	6402088.51
363594.77	6402095.28
363595.13	6402102.05
363595.49	6402108.82
363595.85	6402115.59
363589.05	6402115.94
363582.25	6402116.29
363575.45	6402116.64
363575.09	6402109.87
363568.29	6402110.22
363567.93	6402103.45
363567.57	6402096.68
363560.77	6402097.03
363560.41	6402090.26
363560.05	6402083.49
363553.25	6402083.84
363552.89	6402077.07
363552.53	6402070.30
363552.17	6402063.53
363545.37	6402063.88
363545.01	6402057.11
363544.65	6402050.34
363537.85	6402050.69
363537.49	6402043.92
363537.13	6402037.15
363530.33	6402037.50
363529.97	6402030.73
363529.61	6402023.96
363522.81	6402024.31
363522.45	6402017.54
363522.09	6402010.77
363515.29	6402011.12
363514.93	6402004.35
363514.57	6401997.58
363507.77	6401997.93
363507.41	6401991.16
363507.05	6401984.39
363500.25	6401984.74
363499.89	6401977.97
363499.53	6401971.20
363492.73	6401971.55
363492.37	6401964.78
363485.57	6401965.13
363485.21	6401958.36
363478.41	6401958.71
363478.05	6401951.94
363471.25	6401952.29
363470.89	6401945.52
363470.53	6401938.75
363463.73	6401939.10
363463.37	6401932.33
363463.01	6401925.56
363456.21	6401925.91
363455.85	6401919.14
363449.05	6401919.49
363448.69	6401912.72
363448.33	6401905.95
363447.97	6401899.18
363441.17	6401899.53
363440.81	6401892.76
363440.45	6401885.99
363440.09	6401879.22
363433.29	6401879.57
363432.93	6401872.80
363432.57	6401866.03
363432.21	6401859.26
363425.41	6401859.61
363425.05	6401852.84
363424.69	6401846.07
363424.33	6401839.30
363417.53	6401839.65
363417.17	6401832.88
363416.81	6401826.11
363410.01	6401826.46
363409.65	6401819.69
363402.85	6401820.04
363402.49	6401813.27
363402.13	6401806.50
363395.33	6401806.85
363394.97	6401800.08
363388.17	6401800.43
363387.81	6401793.66
363381.01	6401794.01
363374.21	6401794.36
363374.57	6401801.13
363374.93	6401807.90
363368.13	6401808.25
363368.49	6401815.02
363368.85	6401821.79
363369.21	6401828.56
363369.57	6401835.33
363362.77	6401835.68
363363.13	6401842.45
363356.33	6401842.80
363356.69	6401849.57
363357.05	6401856.34
363357.41	6401863.11
363357.77	6401869.88
363350.97	6401870.23
363351.33	6401877.00
363351.69	6401883.77
363344.89	6401884.12
363345.25	6401890.89
363345.61	6401897.66
363338.81	6401898.01
363339.17	6401904.78
363339.53	6401911.55
363332.73	6401911.90
363333.09	6401918.67
363326.29	6401919.02
363326.65	6401925.79
363327.01	6401932.56
363320.21	6401932.91
363320.57	6401939.68
363313.77	6401940.03
363314.13	6401946.80
363314.49	6401953.57
363307.69	6401953.92
363308.05	6401960.69
363301.25	6401961.04
363301.61	6401967.81
363301.97	6401974.58
363295.17	6401974.93
363295.53	6401981.70
363288.73	6401982.05
363289.09	6401988.82
363282.29	6401989.17
363282.65	6401995.94
363283.01	6402002.71
363276.21	6402003.06
363276.57	6402009.83
363276.93	6402016.60
363270.13	6402016.95
363270.49	6402023.72
363263.69	6402024.07
363264.05	6402030.84
363257.25	6402031.19
363257.61	6402037.96
363250.81	6402038.31
363244.01	6402038.66
363237.21	6402039.01
363236.85	6402032.24
363230.05	6402032.59
363223.25	6402032.94
363222.89	6402026.17
363216.09	6402026.52
363209.29	6402026.87
363209.65	6402033.64
363202.85	6402033.99
363203.21	6402040.76
363196.41	6402041.11
363196.77	6402047.88
363197.13	6402054.65
363197.49	6402061.42
363197.85	6402068.19
363191.05	6402068.54
363191.41	6402075.31
363191.77	6402082.08
363192.13	6402088.85
363192.49	6402095.62
363192.85	6402102.39
363199.65	6402102.04
363200.01	6402108.81
363200.37	6402115.58
363200.73	6402122.35
363201.09	6402129.12
363201.45	6402135.89
363194.65	6402136.24
363195.01	6402143.01
363195.37	6402149.78
363202.17	6402149.43
363208.97	6402149.08
363208.61	6402142.31
363215.41	6402141.96
363215.05	6402135.19
363214.69	6402128.42
363221.49	6402128.07
363221.13	6402121.30
363220.77	6402114.53
363227.57	6402114.18
363227.21	6402107.41
363226.85	6402100.64
363233.65	6402100.29
363240.45	6402099.94
363247.25	6402099.59
363247.61	6402106.36
363254.41	6402106.01
363261.21	6402105.66
363261.57	6402112.43
363268.37	6402112.08
363268.73	6402118.85
363275.53	6402118.50
363282.33	6402118.15
363289.13	6402117.80
363288.77	6402111.03
363295.57	6402110.68
363302.37	6402110.33
363302.01	6402103.56
363308.81	6402103.21
363315.61	6402102.86
363322.41	6402102.51
363329.21	6402102.16
363329.57	6402108.93
363336.37	6402108.58
363343.17	6402108.23
363349.97	6402107.88
363356.77	6402107.53
363363.57	6402107.18
363363.93	6402113.95
363370.73	6402113.60
363377.53	6402113.25
363377.89	6402120.02
363378.25	6402126.79
363385.05	6402126.44
363385.41	6402133.21
363385.77	6402139.98
363386.13	6402146.75
363392.93	6402146.40
363393.29	6402153.17
363393.65	6402159.94
363400.45	6402159.59
363400.81	6402166.36
363407.61	6402166.01
363407.97	6402172.78
363408.33	6402179.55
363408.69	6402186.32
363409.05	6402193.09
363402.25	6402193.44
363395.45	6402193.79
363395.81	6402200.56
363396.17	6402207.33
363396.53	6402214.10
363396.89	6402220.87
363403.69	6402220.52
363404.05	6402227.29
363404.41	6402234.06
363404.77	6402240.83
363405.13	6402247.60
363405.49	6402254.37
363405.85	6402261.14
363406.21	6402267.91
363406.57	6402274.68
363413.37	6402274.33
363413.73	6402281.10
363414.09	6402287.87
363414.45	6402294.64
363414.81	6402301.41
363415.17	6402308.18
363415.53	6402314.95
363415.89	6402321.72
363416.25	6402328.49
363416.61	6402335.26
363416.97	6402342.03
363423.77	6402341.68
363424.13	6402348.45
363424.49	6402355.22
363424.85	6402361.99
363425.21	6402368.76
363425.57	6402375.53
363425.93	6402382.30
363426.29	6402389.07
363426.65	6402395.84
363427.01	6402402.61
363427.37	6402409.38
363427.73	6402416.15
363428.09	6402422.92
363428.45	6402429.69
363428.81	6402436.46
363429.17	6402443.23
363429.53	6402450.00
363429.89	6402456.77
363430.25	6402463.54
363430.61	6402470.31
363430.97	6402477.08
363431.33	6402483.85
363431.69	6402490.62
363432.05	6402497.39
363432.41	6402504.16
363432.77	6402510.93
363433.13	6402517.70
363433.49	6402524.47
363433.85	6402531.24
363434.21	6402538.01
363434.57	6402544.78
363427.77	6402545.13
363428.13	6402551.90
363428.49	6402558.67
363428.85	6402565.44
363429.21	6402572.21
363429.57	6402578.98
363422.77	6402579.33
363423.13	6402586.10
363423.49	6402592.87
363423.85	6402599.64
363424.21	6402606.41
363424.57	6402613.18
363424.93	6402619.95
363425.29	6402626.72
363425.65	6402633.49
363426.01	6402640.26
363426.37	6402647.03
363419.57	6402647.38
363419.93	6402654.15
363420.29	6402660.92
363420.65	6402667.69
363427.45	6402667.34
363427.81	6402674.11
363428.17	6402680.88
363428.53	6402687.65
363428.89	6402694.42
363429.25	6402701.19
363429.61	6402707.96
363429.97	6402714.73
363430.33	6402721.50
363430.69	6402728.27
363431.05	6402735.04
363431.41	6402741.81
363424.61	6402742.16
363424.97	6402748.93
363425.33	6402755.70
363425.69	6402762.47
363426.05	6402769.24
363426.41	6402776.01
363433.21	6402775.66
363440.01	6402775.31
363440.37	6402782.08
363447.17	6402781.73
363453.97	6402781.38
363454.33	6402788.15
363454.69	6402794.92
363455.05	6402801.69
363455.41	6402808.46
363455.77	6402815.23
363448.97	6402815.58
363449.33	6402822.35
363449.69	6402829.12
363442.89	6402829.47
363443.25	6402836.24
363443.61	6402843.01
363443.97	6402849.78
363450.77	6402849.43
363451.13	6402856.20
363451.49	6402862.97
363451.85	6402869.74
363452.21	6402876.51
363459.01	6402876.16
363459.37	6402882.93
363466.17	6402882.58
363466.53	6402889.35
363466.89	6402896.12
363473.69	6402895.77
363480.49	6402895.42
363480.85	6402902.19
363481.21	6402908.96
363481.57	6402915.73
363481.93	6402922.50
363482.29	6402929.27
363482.65	6402936.04
363483.01	6402942.81
363483.37	6402949.58
363483.73	6402956.35
363484.09	6402963.12
363490.89	6402962.77
363491.25	6402969.54
363491.61	6402976.31
363491.97	6402983.08
363492.33	6402989.85
363499.13	6402989.50
363499.49	6402996.27
363499.85	6403003.04
363500.21	6403009.81
363500.57	6403016.58
363500.93	6403023.35
363501.29	6403030.12
363501.65	6403036.89
363502.01	6403043.66
363502.37	6403050.43
363509.17	6403050.08
363509.53	6403056.85
363516.33	6403056.50
363516.69	6403063.27
363517.05	6403070.04
363517.41	6403076.81
363524.21	6403076.46
363524.57	6403083.23
363524.93	6403090.00
363525.29	6403096.77
363525.65	6403103.54
363526.01	6403110.31
363526.37	6403117.08
363526.73	6403123.85
363527.09	6403130.62
363527.45	6403137.39
363527.81	6403144.16
363528.17	6403150.93
363528.53	6403157.70
363528.89	6403164.47
363529.25	6403171.24
363529.61	6403178.01
363529.97	6403184.78
363530.33	6403191.55
363530.69	6403198.32
363537.49	6403197.97
363537.85	6403204.74
363538.21	6403211.51
363545.01	6403211.16
363545.37	6403217.93
363545.73	6403224.70
363546.09	6403231.47
363546.45	6403238.24
363546.81	6403245.01
363553.61	6403244.66
363553.97	6403251.43
363554.33	6403258.20
363554.69	6403264.97
363555.05	6403271.74
363555.41	6403278.51
363555.77	6403285.28
363556.13	6403292.05
363562.93	6403291.70
363563.29	6403298.47
363563.65	6403305.24
363564.01	6403312.01
363564.37	6403318.78
363564.73	6403325.55
363565.09	6403332.32
363565.45	6403339.09
363565.81	6403345.86
363566.17	6403352.63
363572.97	6403352.28
363573.33	6403359.05
363573.69	6403365.82
363574.05	6403372.59
363574.41	6403379.36
363581.21	6403379.01
363581.57	6403385.78
363581.93	6403392.55
363588.73	6403392.20
363589.09	6403398.97
363589.45	6403405.74
363589.81	6403412.51
363596.61	6403412.16
363596.97	6403418.93
363597.33	6403425.70
363604.13	6403425.35
363604.49	6403432.12
363604.85	6403438.89
363605.21	6403445.66
363612.01	6403445.31
363612.37	6403452.08
363612.73	6403458.85
363619.53	6403458.50
363619.89	6403465.27
363620.25	6403472.04
363627.05	6403471.69
363627.41	6403478.46
363627.77	6403485.23
363634.57	6403484.88
363634.93	6403491.65
363635.29	6403498.42
363642.09	6403498.07
363642.45	6403504.84
363649.25	6403504.49
363649.61	6403511.26
363649.97	6403518.03
363656.77	6403517.68
363657.13	6403524.45
363657.49	6403531.22
363664.29	6403530.87
363664.65	6403537.64
363665.01	6403544.41
363671.81	6403544.06
363672.17	6403550.83
363672.53	6403557.60
363679.33	6403557.25
363679.69	6403564.02
363680.05	6403570.79
363686.85	6403570.44
363687.21	6403577.21
363694.01	6403576.86
363694.37	6403583.63
363694.73	6403590.40
363701.53	6403590.05
363701.89	6403596.82
363702.25	6403603.59
363709.05	6403603.24
363709.41	6403610.01
363716.21	6403609.66
363716.57	6403616.43
363716.93	6403623.20
363723.73	6403622.85
363724.09	6403629.62
363724.45	6403636.39
363731.25	6403636.04
363731.61	6403642.81
363731.97	6403649.58
363738.77	6403649.23
363739.13	6403656.00
363745.93	6403655.65
363746.29	6403662.42
363746.65	6403669.19
363753.45	6403668.84
363753.81	6403675.61
363754.17	6403682.38
363760.97	6403682.03
363761.33	6403688.80
363768.13	6403688.45
363768.49	6403695.22
363768.85	6403701.99
363775.65	6403701.64
363776.01	6403708.41
363776.37	6403715.18
363783.17	6403714.83
363783.53	6403721.60
363783.89	6403728.37
363790.69	6403728.02
363791.05	6403734.79
363791.41	6403741.56
363798.21	6403741.21
363798.57	6403747.98
363798.93	6403754.75
363805.73	6403754.40
363806.09	6403761.17
363806.45	6403767.94
363813.25	6403767.59
363813.61	6403774.36
363813.97	6403781.13
363820.77	6403780.78
363821.13	6403787.55
363821.49	6403794.32
363828.29	6403793.97
363828.65	6403800.74
363829.01	6403807.51
363835.81	6403807.16
363836.17	6403813.93
363836.53	6403820.70
363843.33	6403820.35
363843.69	6403827.12
363844.05	6403833.89
363850.85	6403833.54
363851.21	6403840.31
363851.57	6403847.08
363858.37	6403846.73
363858.73	6403853.50
363859.09	6403860.27
363859.45	6403867.04
363866.25	6403866.69
363866.61	6403873.46
363866.97	6403880.23
363873.77	6403879.88
363874.13	6403886.65
363874.49	6403893.42
363881.29	6403893.07
363881.65	6403899.84
363882.01	6403906.61
363888.81	6403906.26
363889.17	6403913.03
363889.53	6403919.80
363889.89	6403926.57
363896.69	6403926.22
363897.05	6403932.99
363897.41	6403939.76
363904.21	6403939.41
363904.57	6403946.18
363904.93	6403952.95
363905.29	6403959.72
363905.65	6403966.49
363906.01	6403973.26
363912.81	6403972.91
363913.17	6403979.68
363913.53	6403986.45
363913.89	6403993.22
363920.69	6403992.87
363921.05	6403999.64
363921.41	6404006.41
363928.21	6404006.06
363928.57	6404012.83
363928.93	6404019.60
363935.73	6404019.25
363936.09	6404026.02
363936.45	6404032.79
363943.25	6404032.44
363943.61	6404039.21
363943.97	6404045.98
363950.77	6404045.63
363951.13	6404052.40
363951.49	6404059.17
363958.29	6404058.82
363958.65	6404065.59
363959.01	6404072.36
363965.81	6404072.01
363966.17	6404078.78
363966.53	6404085.55
363973.33	6404085.20
363973.69	6404091.97
363974.05	6404098.74
363980.85	6404098.39
363981.21	6404105.16
363981.57	6404111.93
363981.93	6404118.70
363988.73	6404118.35
363989.09	6404125.12
363989.45	6404131.89
363989.81	6404138.66
363996.61	6404138.31
363996.97	6404145.08
363997.33	6404151.85
363997.69	6404158.62
363998.05	6404165.39
364004.85	6404165.04
364005.21	6404171.81
364005.57	6404178.58
364005.93	6404185.35
364012.73	6404185.00
364013.09	6404191.77
364013.45	6404198.54
364020.25	6404198.19
364020.61	6404204.96
364020.97	6404211.73
364021.33	6404218.50
364028.13	6404218.15
364028.49	6404224.92
364028.85	6404231.69
364029.21	6404238.46
364036.01	6404238.11
364036.37	6404244.88
364036.73	6404251.65
364043.53	6404251.30
364043.89	6404258.07
364044.25	6404264.84
364044.61	6404271.61
364044.97	6404278.38
364051.77	6404278.03
364052.13	6404284.80
364052.49	6404291.57
364052.85	6404298.34
364053.21	6404305.11
364060.01	6404304.76
364060.37	6404311.53
364060.73	6404318.30
364061.09	6404325.07
364061.45	6404331.84
364061.81	6404338.61
364062.17	6404345.38
364068.97	6404345.03
364069.33	6404351.80
364069.69	6404358.57
364070.05	6404365.34
364070.41	6404372.11
364070.77	6404378.88
364077.57	6404378.53
364077.93	6404385.30
364078.29	6404392.07
364078.65	6404398.84
364079.01	6404405.61
364079.37	6404412.38
364079.73	6404419.15
364080.09	6404425.92
364086.89	6404425.57
364087.25	6404432.34
364087.61	6404439.11
364087.97	6404445.88
364088.33	6404452.65
364088.69	6404459.42
364089.05	6404466.19
364089.41	6404472.96
364089.77	6404479.73
364082.97	6404480.08
364083.33	6404486.85
364083.69	6404493.62
364084.05	6404500.39
364084.41	6404507.16
364084.77	6404513.93
364085.13	6404520.70
364078.33	6404521.05
364078.69	6404527.82
364079.05	6404534.59
364072.25	6404534.94
364072.61	6404541.71
364072.97	6404548.48
364073.33	6404555.25
364073.69	6404562.02
364074.05	6404568.79
364067.25	6404569.14
364067.61	6404575.91
364067.97	6404582.68
364068.33	6404589.45
364068.69	6404596.22
364069.05	6404602.99
364069.41	6404609.76
364069.77	6404616.53
364070.13	6404623.30
364070.49	6404630.07
364070.85	6404636.84
364071.21	6404643.61
364071.57	6404650.38
364071.93	6404657.15
364072.29	6404663.92
364072.65	6404670.69
364073.01	6404677.46
364073.37	6404684.23
364073.73	6404691.00
364074.09	6404697.77
364074.45	6404704.54
364074.81	6404711.31
364075.17	6404718.08
364075.53	6404724.85
364075.89	6404731.62
364082.69	6404731.27
364083.05	6404738.04
364083.41	6404744.81
364083.77	6404751.58
364084.13	6404758.35
364084.49	6404765.12
364084.85	6404771.89
364085.21	6404778.66
364085.57	6404785.43
364085.93	6404792.20
364086.29	6404798.97
364086.65	6404805.74
364087.01	6404812.51
364087.37	6404819.28
364087.73	6404826.05
364080.93	6404826.40
364081.29	6404833.17
364081.65	6404839.94
364082.01	6404846.71
364082.37	6404853.48
364082.73	6404860.25
364083.09	6404867.02
364083.45	6404873.79
364083.81	6404880.56
364084.17	6404887.33
364084.53	6404894.10
364084.89	6404900.87
364085.25	6404907.64
364078.45	6404907.99
364078.81	6404914.76
364079.17	6404921.53
364079.53	6404928.30
364079.89	6404935.07
364080.25	6404941.84
364080.61	6404948.61
364080.97	6404955.38
364074.17	6404955.73
364074.53	6404962.50
364074.89	6404969.27
364075.25	6404976.04
364075.61	6404982.81
364075.97	6404989.58
364076.33	6404996.35
364076.69	6405003.12
364069.89	6405003.47
364070.25	6405010.24
364070.61	6405017.01
364070.97	6405023.78
364071.33	6405030.55
364071.69	6405037.32
364072.05	6405044.09
364072.41	6405050.86
364065.61	6405051.21
364065.97	6405057.98
364066.33	6405064.75
364066.69	6405071.52
364067.05	6405078.29
364067.41	6405085.06
364067.77	6405091.83
364068.13	6405098.60
364061.33	6405098.95
364061.69	6405105.72
364062.05	6405112.49
364062.41	6405119.26
364062.77	6405126.03
364063.13	6405132.80
364063.49	6405139.57
364063.85	6405146.34
364057.05	6405146.69
364057.41	6405153.46
364057.77	6405160.23
364058.13	6405167.00
364058.49	6405173.77
364058.85	6405180.54
364059.21	6405187.31
364052.41	6405187.66
364052.77	6405194.43
364053.13	6405201.20
364053.49	6405207.97
364053.85	6405214.74
364054.21	6405221.51
364054.57	6405228.28
364054.93	6405235.05
364048.13	6405235.40
364048.49	6405242.17
364048.85	6405248.94
364049.21	6405255.71
364049.57	6405262.48
364049.93	6405269.25
364050.29	6405276.02
364050.65	6405282.79
364043.85	6405283.14
364044.21	6405289.91
364044.57	6405296.68
364044.93	6405303.45
364045.29	6405310.22
364045.65	6405316.99
364046.01	6405323.76
364046.37	6405330.53
364046.73	6405337.30
364039.93	6405337.65
364040.29	6405344.42
364040.65	6405351.19
364041.01	6405357.96
364041.37	6405364.73
364041.73	6405371.50
364042.09	6405378.27
364042.45	6405385.04
364042.81	6405391.81
364043.17	6405398.58
364043.53	6405405.35
364043.89	6405412.12
364044.25	6405418.89
364044.61	6405425.66
364044.97	6405432.43
364045.33	6405439.20
364045.69	6405445.97
364046.05	6405452.74
364046.41	6405459.51
364046.77	6405466.28
364047.13	6405473.05
364047.49	6405479.82
364047.85	6405486.59
364048.21	6405493.36
364048.57	6405500.13
364048.93	6405506.90
364049.29	6405513.67
364049.65	6405520.44
364050.01	6405527.21
364050.37	6405533.98
364050.73	6405540.75
364051.09	6405547.52
364051.45	6405554.29
364051.81	6405561.06
364052.17	6405567.83
364052.53	6405574.60
364052.89	6405581.37
364053.25	6405588.14
364053.61	6405594.91
364053.97	6405601.68
364054.33	6405608.45
364054.69	6405615.22
364055.05	6405621.99
364055.41	6405628.76
364055.77	6405635.53
364056.13	6405642.30
364056.49	6405649.07
364056.85	6405655.84
364063.65	6405655.49
364064.01	6405662.26
364064.37	6405669.03
364064.73	6405675.80
364065.09	6405682.57
364065.45	6405689.34
364065.81	6405696.11
364066.17	6405702.88
364072.97	6405702.53
364079.77	6405702.18
364080.13	6405708.95
364080.49	6405715.72
364080.85	6405722.49
364074.05	6405722.84
364074.41	6405729.61
364081.21	6405729.26
364081.57	6405736.03
364081.93	6405742.80
364082.29	6405749.57
364082.65	6405756.34
364083.01	6405763.11
364089.81	6405762.76
364090.17	6405769.53
364090.53	6405776.30
364090.89	6405783.07
364091.25	6405789.84
364098.05	6405789.49
364098.41	6405796.26
364105.21	6405795.91
364105.57	6405802.68
364112.37	6405802.33
364112.73	6405809.10
364113.09	6405815.87
364113.45	6405822.64
364106.65	6405822.99
364107.01	6405829.76
364107.37	6405836.53
364107.73	6405843.30
364114.53	6405842.95
364114.89	6405849.72
364115.25	6405856.49
364115.61	6405863.26
364115.97	6405870.03
364116.33	6405876.80
364116.69	6405883.57
364123.49	6405883.22
364123.85	6405889.99
364124.21	6405896.76
364124.57	6405903.53
364124.93	6405910.30
364131.73	6405909.95
364132.09	6405916.72
364132.45	6405923.49
364132.81	6405930.26
364133.17	6405937.03
364139.97	6405936.68
364140.33	6405943.45
364140.69	6405950.22
364147.49	6405949.87
364147.85	6405956.64
364148.21	6405963.41
364148.57	6405970.18
364141.77	6405970.53
364142.13	6405977.30
364142.49	6405984.07
364149.29	6405983.72
364149.65	6405990.49
364156.45	6405990.14
364156.81	6405996.91
364157.17	6406003.68
364157.53	6406010.45
364164.33	6406010.10
364164.69	6406016.87
364165.05	6406023.64
364165.41	6406030.41
364165.77	6406037.18
364166.13	6406043.95
364166.49	6406050.72
364159.69	6406051.07
364160.05	6406057.84
364160.41	6406064.61
364160.77	6406071.38
364161.13	6406078.15
364161.49	6406084.92
364161.85	6406091.69
364162.21	6406098.46
364162.57	6406105.23
364162.93	6406112.00
364156.13	6406112.35
364149.33	6406112.70
364149.69	6406119.47
364142.89	6406119.82
364143.25	6406126.59
364143.61	6406133.36
364143.97	6406140.13
364150.77	6406139.78
364157.57	6406139.43
364164.37	6406139.08
364164.73	6406145.85
364165.09	6406152.62
364165.45	6406159.39
364165.81	6406166.16
364172.61	6406165.81
364172.97	6406172.58
364173.33	6406179.35
364173.69	6406186.12
364174.05	6406192.89
364167.25	6406193.24
364160.45	6406193.59
364160.81	6406200.36
364154.01	6406200.71
364154.37	6406207.48
364147.57	6406207.83
364147.93	6406214.60
364141.13	6406214.95
364141.49	6406221.72
364134.69	6406222.07
364127.89	6406222.42
364128.25	6406229.19
364121.45	6406229.54
364121.81	6406236.31
364115.01	6406236.66
364108.21	6406237.01
364101.41	6406237.36
364094.61	6406237.71
364094.97	6406244.48
364088.17	6406244.83
364081.37	6406245.18
364074.57	6406245.53
364067.77	6406245.88
364060.97	6406246.23
364054.17	6406246.58
364054.53	6406253.35
364047.73	6406253.70
364048.09	6406260.47
364041.29	6406260.82
364041.65	6406267.59
364042.01	6406274.36
364035.21	6406274.71
364035.57	6406281.48
364035.93	6406288.25
364029.13	6406288.60
364029.49	6406295.37
364029.85	6406302.14
364023.05	6406302.49
364023.41	6406309.26
364016.61	6406309.61
364016.97	6406316.38
364017.33	6406323.15
364010.53	6406323.50
364010.89	6406330.27
364011.25	6406337.04
364004.45	6406337.39
364004.81	6406344.16
364005.17	6406350.93
363998.37	6406351.28
363998.73	6406358.05
363999.09	6406364.82
363999.45	6406371.59
363999.81	6406378.36
364006.61	6406378.01
364006.97	6406384.78
364013.77	6406384.43
364014.13	6406391.20
364014.49	6406397.97
364021.29	6406397.62
364021.65	6406404.39
364028.45	6406404.04
364028.81	6406410.81
364029.17	6406417.58
364035.97	6406417.23
364042.77	6406416.88
364043.13	6406423.65
364049.93	6406423.30
364056.73	6406422.95
364056.37	6406416.18
364063.17	6406415.83
364062.81	6406409.06
364069.61	6406408.71
364069.25	6406401.94
364068.89	6406395.17
364075.69	6406394.82
364075.33	6406388.05
364074.97	6406381.28
364081.77	6406380.93
364081.41	6406374.16
364081.05	6406367.39
364087.85	6406367.04
364087.49	6406360.27
364087.13	6406353.50
364093.93	6406353.15
364093.57	6406346.38
364093.21	6406339.61
364100.01	6406339.26
364099.65	6406332.49
364106.45	6406332.14
364106.09	6406325.37
364105.73	6406318.60
364112.53	6406318.25
364112.17	6406311.48
364111.81	6406304.71
364118.61	6406304.36
364118.25	6406297.59
364117.89	6406290.82
364124.69	6406290.47
364124.33	6406283.70
364123.97	6406276.93
364130.77	6406276.58
364130.41	6406269.81
364130.05	6406263.04
364136.85	6406262.69
364136.49	6406255.92
364143.29	6406255.57
364142.93	6406248.80
364149.73	6406248.45
364156.53	6406248.10
364163.33	6406247.75
364170.13	6406247.40
364170.49	6406254.17
364170.85	6406260.94
364171.21	6406267.71
364171.57	6406274.48
364164.77	6406274.83
364165.13	6406281.60
364165.49	6406288.37
364172.29	6406288.02
364172.65	6406294.79
364173.01	6406301.56
364179.81	6406301.21
364180.17	6406307.98
364186.97	6406307.63
364187.33	6406314.40
364187.69	6406321.17
364188.05	6406327.94
364188.41	6406334.71
364195.21	6406334.36
364195.57	6406341.13
364195.93	6406347.90
364202.73	6406347.55
364203.09	6406354.32
364203.45	6406361.09
364203.81	6406367.86
364210.61	6406367.51
364210.97	6406374.28
364211.33	6406381.05
364211.69	6406387.82
364212.05	6406394.59
364212.41	6406401.36
364219.21	6406401.01
364219.57	6406407.78
364219.93	6406414.55
364220.29	6406421.32
364220.65	6406428.09
364227.45	6406427.74
364227.81	6406434.51
364228.17	6406441.28
364228.53	6406448.05
364228.89	6406454.82
364222.09	6406455.17
364222.45	6406461.94
364222.81	6406468.71
364229.61	6406468.36
364229.97	6406475.13
364230.33	6406481.90
364230.69	6406488.67
364231.05	6406495.44
364231.41	6406502.21
364238.21	6406501.86
364238.57	6406508.63
364238.93	6406515.40
364239.29	6406522.17
364246.09	6406521.82
364246.45	6406528.59
364246.81	6406535.36
364247.17	6406542.13
364247.53	6406548.90
364247.89	6406555.67
364254.69	6406555.32
364255.05	6406562.09
364255.41	6406568.86
364255.77	6406575.63
364256.13	6406582.40
364256.49	6406589.17
364256.85	6406595.94
364263.65	6406595.59
364264.01	6406602.36
364264.37	6406609.13
364264.73	6406615.90
364265.09	6406622.67
364265.45	6406629.44
364265.81	6406636.21
364266.17	6406642.98
364266.53	6406649.75
364266.89	6406656.52
364273.69	6406656.17
364274.05	6406662.94
364274.41	6406669.71
364274.77	6406676.48
364275.13	6406683.25
364275.49	6406690.02
364275.85	6406696.79
364276.21	6406703.56
364283.01	6406703.21
364283.37	6406709.98
364283.73	6406716.75
364284.09	6406723.52
364284.45	6406730.29
364284.81	6406737.06
364285.17	6406743.83
364285.53	6406750.60
364285.89	6406757.37
364292.69	6406757.02
364293.05	6406763.79
364293.41	6406770.56
364293.77	6406777.33
364294.13	6406784.10
364294.49	6406790.87
364294.85	6406797.64
364295.21	6406804.41
364295.57	6406811.18
364295.93	6406817.95
364302.73	6406817.60
364303.09	6406824.37
364303.45	6406831.14
364303.81	6406837.91
364304.17	6406844.68
364304.53	6406851.45
364304.89	6406858.22
364311.69	6406857.87
364312.05	6406864.64
364312.41	6406871.41
364312.77	6406878.18
364313.13	6406884.95
364313.49	6406891.72
364313.85	6406898.49
364314.21	6406905.26
364321.01	6406904.91
364321.37	6406911.68
364321.73	6406918.45
364322.09	6406925.22
364322.45	6406931.99
364322.81	6406938.76
364323.17	6406945.53
364323.53	6406952.30
364330.33	6406951.95
364330.69	6406958.72
364331.05	6406965.49
364331.41	6406972.26
364331.77	6406979.03
364332.13	6406985.80
364338.93	6406985.45
364339.29	6406992.22
364339.65	6406998.99
364340.01	6407005.76
364340.37	6407012.53
364340.73	6407019.30
364347.53	6407018.95
364347.89	6407025.72
364348.25	6407032.49
364348.61	6407039.26
364348.97	6407046.03
364355.77	6407045.68
364356.13	6407052.45
364356.49	6407059.22
364356.85	6407065.99
364357.21	6407072.76
364364.01	6407072.41
364364.37	6407079.18
364364.73	6407085.95
364365.09	6407092.72
364365.45	6407099.49
364365.81	6407106.26
364372.61	6407105.91
364372.97	6407112.68
364373.33	6407119.45
364373.69	6407126.22
364374.05	6407132.99
364380.85	6407132.64
364381.21	6407139.41
364381.57	6407146.18
364381.93	6407152.95
364388.73	6407152.60
364389.09	6407159.37
364389.45	6407166.14
364389.81	6407172.91
364390.17	6407179.68
364396.97	6407179.33
364397.33	6407186.10
364397.69	6407192.87
364398.05	6407199.64
364404.85	6407199.29
364405.21	6407206.06
364405.57	6407212.83
364405.93	6407219.60
364412.73	6407219.25
364413.09	6407226.02
364413.45	6407232.79
364413.81	6407239.56
364420.61	6407239.21
364420.97	6407245.98
364421.33	6407252.75
364421.69	6407259.52
364428.49	6407259.17
364428.85	6407265.94
364429.21	6407272.71
364436.01	6407272.36
364436.37	6407279.13
364436.73	6407285.90
364443.53	6407285.55
364443.89	6407292.32
364444.25	6407299.09
364451.05	6407298.74
364451.41	6407305.51
364451.77	6407312.28
364452.13	6407319.05
364458.93	6407318.70
364459.29	6407325.47
364459.65	6407332.24
364466.45	6407331.89
364466.81	6407338.66
364467.17	6407345.43
364473.97	6407345.08
364474.33	6407351.85
364481.13	6407351.50
364481.49	6407358.27
364481.85	6407365.04
364488.65	6407364.69
364489.01	6407371.46
364489.37	6407378.23
364496.17	6407377.88
364496.53	6407384.65
364503.33	6407384.30
364503.69	6407391.07
364504.05	6407397.84
364504.41	6407404.61
364511.21	6407404.26
364511.57	6407411.03
364511.93	6407417.80
364512.29	6407424.57
364519.09	6407424.22
364519.45	6407430.99
364519.81	6407437.76
364520.17	6407444.53
364526.97	6407444.18
364527.33	6407450.95
364527.69	6407457.72
364528.05	6407464.49
364534.85	6407464.14
364535.21	6407470.91
364535.57	6407477.68
364535.93	6407484.45
364542.73	6407484.10
364543.09	6407490.87
364543.45	6407497.64
364550.25	6407497.29
364550.61	6407504.06
364550.97	6407510.83
364551.33	6407517.60
364558.13	6407517.25
364558.49	6407524.02
364558.85	6407530.79
364565.65	6407530.44
364566.01	6407537.21
364566.37	6407543.98
364573.17	6407543.63
364573.53	6407550.40
364573.89	6407557.17
364580.69	6407556.82
364581.05	6407563.59
364581.41	6407570.36
364588.21	6407570.01
364588.57	6407576.78
364588.93	6407583.55
364595.73	6407583.20
364596.09	6407589.97
364596.45	6407596.74
364596.81	6407603.51
364597.17	6407610.28
364597.53	6407617.05
364597.89	6407623.82
364598.25	6407630.59
364605.05	6407630.24
364605.41	6407637.01
364612.21	6407636.66
364612.57	6407643.43
364612.93	6407650.20
364619.73	6407649.85
364620.09	6407656.62
364620.45	6407663.39
364627.25	6407663.04
364627.61	6407669.81
364634.41	6407669.46
364634.77	6407676.23
364635.13	6407683.00
364641.93	6407682.65
364642.29	6407689.42
364642.65	6407696.19
364649.45	6407695.84
364649.81	6407702.61
364656.61	6407702.26
364656.97	6407709.03
364657.33	6407715.80
364664.13	6407715.45
364664.49	6407722.22
364664.85	6407728.99
364671.65	6407728.64
364672.01	6407735.41
364678.81	6407735.06
364679.17	6407741.83
364679.53	6407748.60
364686.33	6407748.25
364686.69	6407755.02
364693.49	6407754.67
364693.85	6407761.44
364694.21	6407768.21
364701.01	6407767.86
364701.37	6407774.63
364708.17	6407774.28
364708.53	6407781.05
364708.89	6407787.82
364715.69	6407787.47
364716.05	6407794.24
364722.85	6407793.89
364723.21	6407800.66
364730.01	6407800.31
364730.37	6407807.08
364730.73	6407813.85
364737.53	6407813.50
364737.89	6407820.27
364738.25	6407827.04
364738.61	6407833.81
364745.41	6407833.46
364745.77	6407840.23
364746.13	6407847.00
364752.93	6407846.65
364753.29	6407853.42
364753.65	6407860.19
364760.45	6407859.84
364760.81	6407866.61
364761.17	6407873.38
364767.97	6407873.03
364768.33	6407879.80
364768.69	6407886.57
364769.05	6407893.34
364769.41	6407900.11
364776.21	6407899.76
364776.57	6407906.53
364776.93	6407913.30
364777.29	6407920.07
364777.65	6407926.84
364784.45	6407926.49
364784.81	6407933.26
364785.17	6407940.03
364785.53	6407946.80
364792.33	6407946.45
364792.69	6407953.22
364793.05	6407959.99
364799.85	6407959.64
364800.21	6407966.41
364800.57	6407973.18
364807.37	6407972.83
364807.73	6407979.60
364808.09	6407986.37
364814.89	6407986.02
364815.25	6407992.79
364815.61	6407999.56
364822.41	6407999.21
364822.77	6408005.98
364823.13	6408012.75
364823.49	6408019.52
364823.85	6408026.29
364824.21	6408033.06
364824.57	6408039.83
364824.93	6408046.60
364825.29	6408053.37
364825.65	6408060.14
364826.01	6408066.91
364826.37	6408073.68
364826.73	6408080.45
364827.09	6408087.22
364820.29	6408087.57
364820.65	6408094.34
364821.01	6408101.11
364821.37	6408107.88
364828.17	6408107.53
364828.53	6408114.30
364828.89	6408121.07
364835.69	6408120.72
364836.05	6408127.49
364836.41	6408134.26
364836.77	6408141.03
364837.13	6408147.80
364837.49	6408154.57
364837.85	6408161.34
364838.21	6408168.11
364838.57	6408174.88
364838.93	6408181.65
364839.29	6408188.42
364832.49	6408188.77
364832.85	6408195.54
364833.21	6408202.31
364833.57	6408209.08
364833.93	6408215.85
364834.29	6408222.62
364834.65	6408229.39
364835.01	6408236.16
364828.21	6408236.51
364828.57	6408243.28
364828.93	6408250.05
364829.29	6408256.82
364822.49	6408257.17
364822.85	6408263.94
364816.05	6408264.29
364816.41	6408271.06
364816.77	6408277.83
364817.13	6408284.60
364817.49	6408291.37
364810.69	6408291.72
364811.05	6408298.49
364811.41	6408305.26
364811.77	6408312.03
364812.13	6408318.80
364805.33	6408319.15
364805.69	6408325.92
364806.05	6408332.69
364806.41	6408339.46
364806.77	6408346.23
364807.13	6408353.00
364807.49	6408359.77
364807.85	6408366.54
364808.21	6408373.31
364815.01	6408372.96
364815.37	6408379.73
364815.73	6408386.50
364816.09	6408393.27
364816.45	6408400.04
364816.81	6408406.81
364817.17	6408413.58
364823.97	6408413.23
364824.33	6408420.00
364831.13	6408419.65
364831.49	6408426.42
364831.85	6408433.19
364838.65	6408432.84
364839.01	6408439.61
364845.81	6408439.26
364846.17	6408446.03
364846.53	6408452.80
364853.33	6408452.45
364853.69	6408459.22
364860.49	6408458.87
364860.85	6408465.64
364867.65	6408465.29
364868.01	6408472.06
364874.81	6408471.71
364875.17	6408478.48
364875.53	6408485.25
364882.33	6408484.90
364882.69	6408491.67
364883.05	6408498.44
364889.85	6408498.09
364890.21	6408504.86
364897.01	6408504.51
364897.37	6408511.28
364904.17	6408510.93
364904.53	6408517.70
364904.89	6408524.47
364911.69	6408524.12
364912.05	6408530.89
364918.85	6408530.54
364919.21	6408537.31
364926.01	6408536.96
364926.37	6408543.73
364926.73	6408550.50
364933.53	6408550.15
364933.89	6408556.92
364940.69	6408556.57
364941.05	6408563.34
364947.85	6408562.99
364954.65	6408562.64
364955.01	6408569.41
364955.37	6408576.18
364955.73	6408582.95
364956.09	6408589.72
364956.45	6408596.49
364963.25	6408596.14
364963.61	6408602.91
364970.41	6408602.56
364970.77	6408609.33
364977.57	6408608.98
364977.93	6408615.75
364984.73	6408615.40
364985.09	6408622.17
364991.89	6408621.82
364998.69	6408621.47
364999.05	6408628.24
365005.85	6408627.89
365006.21	6408634.66
365013.01	6408634.31
365013.37	6408641.08
365013.73	6408647.85
365014.09	6408654.62
365020.89	6408654.27
365021.25	6408661.04
365028.05	6408660.69
365034.85	6408660.34
365035.21	6408667.11
365035.57	6408673.88
365042.37	6408673.53
365042.73	6408680.30
365049.53	6408679.95
365049.89	6408686.72
365050.25	6408693.49
365057.05	6408693.14
365057.41	6408699.91
365064.21	6408699.56
365064.57	6408706.33
365071.37	6408705.98
365071.73	6408712.75
365072.09	6408719.52
365078.89	6408719.17
365079.25	6408725.94
365086.05	6408725.59
365086.41	6408732.36
365086.77	6408739.13
365087.13	6408745.90
365093.93	6408745.55
365094.29	6408752.32
365094.65	6408759.09
365101.45	6408758.74
365101.81	6408765.51
365102.17	6408772.28
365108.97	6408771.93
365109.33	6408778.70
365109.69	6408785.47
365116.49	6408785.12
365116.85	6408791.89
365117.21	6408798.66
365117.57	6408805.43
365124.37	6408805.08
365124.73	6408811.85
365125.09	6408818.62
365125.45	6408825.39
365125.81	6408832.16
365132.61	6408831.81
365132.97	6408838.58
365133.33	6408845.35
365133.69	6408852.12
365134.05	6408858.89
365134.41	6408865.66
365134.77	6408872.43
365135.13	6408879.20
365135.49	6408885.97
365135.85	6408892.74
365129.05	6408893.09
365129.41	6408899.86
365129.77	6408906.63
365130.13	6408913.40
365123.33	6408913.75
365123.69	6408920.52
365124.05	6408927.29
365124.41	6408934.06
365124.77	6408940.83
365125.13	6408947.60
365118.33	6408947.95
365118.69	6408954.72
365119.05	6408961.49
365119.41	6408968.26
365119.77	6408975.03
365112.97	6408975.38
365113.33	6408982.15
365113.69	6408988.92
365114.05	6408995.69
365114.41	6409002.46
365107.61	6409002.81
365107.97	6409009.58
365108.33	6409016.35
365108.69	6409023.12
365109.05	6409029.89
365109.41	6409036.66
365109.77	6409043.43
365110.13	6409050.20
365110.49	6409056.97
365110.85	6409063.74
365104.05	6409064.09
365104.41	6409070.86
365104.77	6409077.63
365105.13	6409084.40
365105.49	6409091.17
365105.85	6409097.94
365106.21	6409104.71
365106.57	6409111.48
365113.37	6409111.13
365113.73	6409117.90
365114.09	6409124.67
365114.45	6409131.44
365114.81	6409138.21
365121.61	6409137.86
365121.97	6409144.63
365128.77	6409144.28
365129.13	6409151.05
365135.93	6409150.70
365136.29	6409157.47
365136.65	6409164.24
365143.45	6409163.89
365143.81	6409170.66
365150.61	6409170.31
365150.97	6409177.08
365151.33	6409183.85
365158.13	6409183.50
365158.49	6409190.27
365165.29	6409189.92
365165.65	6409196.69
365166.01	6409203.46
365172.81	6409203.11
365173.17	6409209.88
365179.97	6409209.53
365180.33	6409216.30
365187.13	6409215.95
365187.49	6409222.72
365194.29	6409222.37
365194.65	6409229.14
365195.01	6409235.91
365201.81	6409235.56
365208.61	6409235.21
365208.97	6409241.98
365215.77	6409241.63
365216.13	6409248.40
365216.49	6409255.17
365223.29	6409254.82
365223.65	6409261.59
365230.45	6409261.24
365230.81	6409268.01
365237.61	6409267.66
365237.97	6409274.43
365244.77	6409274.08
365245.13	6409280.85
365251.93	6409280.50
365258.73	6409280.15
365259.09	6409286.92
365265.89	6409286.57
365266.25	6409293.34
365273.05	6409292.99
365273.41	6409299.76
365280.21	6409299.41
365280.57	6409306.18
365280.93	6409312.95
365287.73	6409312.60
365288.09	6409319.37
365294.89	6409319.02
365295.25	6409325.79
365302.05	6409325.44
365308.85	6409325.09
365309.21	6409331.86
365316.01	6409331.51
365316.37	6409338.28
365323.17	6409337.93
365323.53	6409344.70
365330.33	6409344.35
365330.69	6409351.12
365337.49	6409350.77
365344.29	6409350.42
365344.65	6409357.19
365351.45	6409356.84
365351.81	6409363.61
365358.61	6409363.26
365358.97	6409370.03
365365.77	6409369.68
365366.13	6409376.45
365372.93	6409376.10
365379.73	6409375.75
365380.09	6409382.52
365386.89	6409382.17
365387.25	6409388.94
365394.05	6409388.59
365400.85	6409388.24
365401.21	6409395.01
365408.01	6409394.66
365408.37	6409401.43
365415.17	6409401.08
365415.53	6409407.85
365422.33	6409407.50
365429.13	6409407.15
365429.49	6409413.92
365436.29	6409413.57
365436.65	6409420.34
365443.45	6409419.99
365443.81	6409426.76
365450.61	6409426.41
365457.41	6409426.06
365457.77	6409432.83
365464.57	6409432.48
365464.93	6409439.25
365471.73	6409438.90
365472.09	6409445.67
365478.89	6409445.32
365479.25	6409452.09
365486.05	6409451.74
365492.85	6409451.39
365499.65	6409451.04
365500.01	6409457.81
365506.81	6409457.46
365513.61	6409457.11
365513.97	6409463.88
365514.33	6409470.65
365521.13	6409470.30
365521.49	6409477.07
365528.29	6409476.72
365528.65	6409483.49
365535.45	6409483.14
365535.81	6409489.91
365536.17	6409496.68
365542.97	6409496.33
365543.33	6409503.10
365550.13	6409502.75
365550.49	6409509.52
365550.85	6409516.29
365557.65	6409515.94
365558.01	6409522.71
365564.81	6409522.36
365565.17	6409529.13
365565.53	6409535.90
365572.33	6409535.55
365572.69	6409542.32
365579.49	6409541.97
365579.85	6409548.74
365580.21	6409555.51
365587.01	6409555.16
365587.37	6409561.93
365587.73	6409568.70
365594.53	6409568.35
365594.89	6409575.12
365595.25	6409581.89
365602.05	6409581.54
365602.41	6409588.31
365609.21	6409587.96
365609.57	6409594.73
365609.93	6409601.50
365616.73	6409601.15
365617.09	6409607.92
365617.45	6409614.69
365624.25	6409614.34
365624.61	6409621.11
365631.41	6409620.76
365631.77	6409627.53
365632.13	6409634.30
365638.93	6409633.95
365639.29	6409640.72
365646.09	6409640.37
365646.45	6409647.14
365653.25	6409646.79
365653.61	6409653.56
365653.97	6409660.33
365660.77	6409659.98
365661.13	6409666.75
365667.93	6409666.40
365668.29	6409673.17
365675.09	6409672.82
365675.45	6409679.59
365675.81	6409686.36
365682.61	6409686.01
365682.97	6409692.78
365689.77	6409692.43
365690.13	6409699.20
365696.93	6409698.85
365697.29	6409705.62
365704.09	6409705.27
365704.45	6409712.04
365711.25	6409711.69
365711.61	6409718.46
365718.41	6409718.11
365718.77	6409724.88
365719.13	6409731.65
365725.93	6409731.30
365726.29	6409738.07
365726.65	6409744.84
365727.01	6409751.61
365733.81	6409751.26
365734.17	6409758.03
365734.53	6409764.80
365734.89	6409771.57
365735.25	6409778.34
365735.61	6409785.11
365742.41	6409784.76
365742.77	6409791.53
365743.13	6409798.30
365743.49	6409805.07
365743.85	6409811.84
365744.21	6409818.61
365744.57	6409825.38
365744.93	6409832.15
365751.73	6409831.80
365752.09	6409838.57
365752.45	6409845.34
365752.81	6409852.11
365753.17	6409858.88
365753.53	6409865.65
365753.89	6409872.42
365754.25	6409879.19
365754.61	6409885.96
365754.97	6409892.73
365755.33	6409899.50
365755.69	6409906.27
365756.05	6409913.04
365756.41	6409919.81
365749.61	6409920.16
365742.81	6409920.51
365736.01	6409920.86
365735.65	6409914.09
365735.29	6409907.32
365728.49	6409907.67
365728.13	6409900.90
365727.77	6409894.13
365727.41	6409887.36
365720.61	6409887.71
365720.25	6409880.94
365719.89	6409874.17
365719.53	6409867.40
365712.73	6409867.75
365712.37	6409860.98
365705.57	6409861.33
365698.77	6409861.68
365691.97	6409862.03
365685.17	6409862.38
365685.53	6409869.15
365678.73	6409869.50
365671.93	6409869.85
365665.13	6409870.20
365658.33	6409870.55
365651.53	6409870.90
365644.73	6409871.25
365637.93	6409871.60
365631.13	6409871.95
365624.33	6409872.30
365617.53	6409872.65
365610.73	6409873.00
365603.93	6409873.35
365597.13	6409873.70
365590.33	6409874.05
365590.69	6409880.82
365583.89	6409881.17
365584.25	6409887.94
365577.45	6409888.29
365577.81	6409895.06
365571.01	6409895.41
365571.37	6409902.18
365564.57	6409902.53
365564.93	6409909.30
365565.29	6409916.07
365558.49	6409916.42
365558.85	6409923.19
365559.21	6409929.96
365566.01	6409929.61
365566.37	6409936.38
365566.73	6409943.15
365573.53	6409942.80
365573.89	6409949.57
365574.25	6409956.34
365574.61	6409963.11
365581.41	6409962.76
365581.77	6409969.53
365588.57	6409969.18
365588.93	6409975.95
365589.29	6409982.72
365596.09	6409982.37
365596.45	6409989.14
365596.81	6409995.91
365603.61	6409995.56
365603.97	6410002.33
365604.33	6410009.10
365611.13	6410008.75
365611.49	6410015.52
365618.29	6410015.17
365618.65	6410021.94
365619.01	6410028.71
365625.81	6410028.36
365626.17	6410035.13
365626.53	6410041.90
365626.89	6410048.67
365627.25	6410055.44
365627.61	6410062.21
365627.97	6410068.98
365628.33	6410075.75
365635.13	6410075.40
365635.49	6410082.17
365635.85	6410088.94
365642.65	6410088.59
365643.01	6410095.36
365643.37	6410102.13
365650.17	6410101.78
365650.53	6410108.55
365650.89	6410115.32
365657.69	6410114.97
365658.05	6410121.74
365664.85	6410121.39
365671.65	6410121.04
365678.45	6410120.69
365678.81	6410127.46
365685.61	6410127.11
365685.97	6410133.88
365692.77	6410133.53
365693.13	6410140.30
365699.93	6410139.95
365700.29	6410146.72
365700.65	6410153.49
365701.01	6410160.26
365707.81	6410159.91
365708.17	6410166.68
365708.53	6410173.45
365708.89	6410180.22
365709.25	6410186.99
365716.05	6410186.64
365716.41	6410193.41
365723.21	6410193.06
365722.85	6410186.29
365729.65	6410185.94
365736.45	6410185.59
365743.25	6410185.24
365750.05	6410184.89
365749.69	6410178.12
365756.49	6410177.77
365763.29	6410177.42
365770.09	6410177.07
365769.73	6410170.30
365776.53	6410169.95
365783.33	6410169.60
365790.13	6410169.25
365796.93	6410168.90
365803.73	6410168.55
365810.53	6410168.20
365817.33	6410167.85
365824.13	6410167.50
365830.93	6410167.15
365837.73	6410166.80
365844.53	6410166.45
365844.89	6410173.22
365851.69	6410172.87
365858.49	6410172.52
365865.29	6410172.17
365872.09	6410171.82
365872.45	6410178.59
365879.25	6410178.24
365886.05	6410177.89
365892.85	6410177.54
365893.21	6410184.31
365900.01	6410183.96
365906.81	6410183.61
365907.17	6410190.38
365913.97	6410190.03
365920.77	6410189.68
365927.57	6410189.33
365927.93	6410196.10
365934.73	6410195.75
365941.53	6410195.40
365941.89	6410202.17
365948.69	6410201.82
365955.49	6410201.47
365955.85	6410208.24
365962.65	6410207.89
365969.45	6410207.54
365976.25	6410207.19
365976.61	6410213.96
365983.41	6410213.61
365990.21	6410213.26
365990.57	6410220.03
365997.37	6410219.68
366004.17	6410219.33
366004.53	6410226.10
366011.33	6410225.75
366018.13	6410225.40
366024.93	6410225.05
366025.29	6410231.82
366032.09	6410231.47
366032.45	6410238.24
366039.25	6410237.89
366039.61	6410244.66
366046.41	6410244.31
366053.21	6410243.96
366053.57	6410250.73
366060.37	6410250.38
366067.17	6410250.03
366067.53	6410256.80
366074.33	6410256.45
366074.69	6410263.22
366081.49	6410262.87
366088.29	6410262.52
366088.65	6410269.29
366095.45	6410268.94
366102.25	6410268.59
366102.61	6410275.36
366109.41	6410275.01
366116.21	6410274.66
366116.57	6410281.43
366123.37	6410281.08
366123.73	6410287.85
366130.53	6410287.50
366137.33	6410287.15
366137.69	6410293.92
366144.49	6410293.57
366151.29	6410293.22
366151.65	6410299.99
366158.45	6410299.64
366158.81	6410306.41
366165.61	6410306.06
366165.97	6410312.83
366172.77	6410312.48
366179.57	6410312.13
366179.93	6410318.90
366186.73	6410318.55
366193.53	6410318.20
366200.33	6410317.85
366200.69	6410324.62
366207.49	6410324.27
366214.29	6410323.92
366214.65	6410330.69
366221.45	6410330.34
366228.25	6410329.99
366228.61	6410336.76
366235.41	6410336.41
366242.21	6410336.06
366242.57	6410342.83
366249.37	6410342.48
366249.73	6410349.25
366256.53	6410348.90
366263.33	6410348.55
366270.13	6410348.20
366270.49	6410354.97
366277.29	6410354.62
366284.09	6410354.27
366284.45	6410361.04
366291.25	6410360.69
366298.05	6410360.34
366298.41	6410367.11
366305.21	6410366.76
366305.57	6410373.53
366312.37	6410373.18
366319.17	6410372.83
366319.53	6410379.60
366326.33	6410379.25
366333.13	6410378.90
366333.49	6410385.67
366340.29	6410385.32
366347.09	6410384.97
366347.45	6410391.74
366354.25	6410391.39
366354.61	6410398.16
366361.41	6410397.81
366368.21	6410397.46
366368.57	6410404.23
366375.37	6410403.88
366382.17	6410403.53
366382.53	6410410.30
366389.33	6410409.95
366389.69	6410416.72
366396.49	6410416.37
366403.29	6410416.02
366410.09	6410415.67
366416.89	6410415.32
366417.25	6410422.09
366424.05	6410421.74
366430.85	6410421.39
366431.21	6410428.16
366438.01	6410427.81
366444.81	6410427.46
366445.17	6410434.23
366451.97	6410433.88
366452.33	6410440.65
366459.13	6410440.30
366459.49	6410447.07
366466.29	6410446.72
366466.65	6410453.49
366473.45	6410453.14
366480.25	6410452.79
366480.61	6410459.56
366487.41	6410459.21
366487.77	6410465.98
366494.57	6410465.63
366501.37	6410465.28
366501.73	6410472.05
366508.53	6410471.70
366508.89	6410478.47
366515.69	6410478.12
366522.49	6410477.77
366522.85	6410484.54
366529.65	6410484.19
366530.01	6410490.96
366536.81	6410490.61
366543.61	6410490.26
366543.97	6410497.03
366550.77	6410496.68
366551.13	6410503.45
366557.93	6410503.10
366558.29	6410509.87
366565.09	6410509.52
366565.45	6410516.29
366572.25	6410515.94
366572.61	6410522.71
366579.41	6410522.36
366579.77	6410529.13
366586.57	6410528.78
366593.37	6410528.43
366593.73	6410535.20
366600.53	6410534.85
366600.89	6410541.62
366601.25	6410548.39
366608.05	6410548.04
366614.85	6410547.69
366615.21	6410554.46
366615.57	6410561.23
366622.37	6410560.88
366629.17	6410560.53
366629.53	6410567.30
366636.33	6410566.95
366636.69	6410573.72
366643.49	6410573.37
366650.29	6410573.02
366657.09	6410572.67
366657.45	6410579.44
366664.25	6410579.09
366671.05	6410578.74
366677.85	6410578.39
366678.21	6410585.16
366685.01	6410584.81
366685.37	6410591.58
366692.17	6410591.23
366692.53	6410598.00
366699.33	6410597.65
366699.69	6410604.42
366706.49	6410604.07
366706.85	6410610.84
366713.65	6410610.49
366720.45	6410610.14
366720.81	6410616.91
366727.61	6410616.56
366727.97	6410623.33
366734.77	6410622.98
366741.57	6410622.63
366741.93	6410629.40
366748.73	6410629.05
366749.09	6410635.82
366755.89	6410635.47
366756.25	6410642.24
366763.05	6410641.89
366763.41	6410648.66
366770.21	6410648.31
366770.57	6410655.08
366770.93	6410661.85
366777.73	6410661.50
366778.09	6410668.27
366784.89	6410667.92
366785.25	6410674.69
366785.61	6410681.46
366785.97	6410688.23
366786.33	6410695.00
366779.53	6410695.35
366772.73	6410695.70
366765.93	6410696.05
366765.57	6410689.28
366758.77	6410689.63
366758.41	6410682.86
366751.61	6410683.21
366744.81	6410683.56
366738.01	6410683.91
366738.37	6410690.68
366731.57	6410691.03
366724.77	6410691.38
366725.13	6410698.15
366718.33	6410698.50
366718.69	6410705.27
366711.89	6410705.62
366712.25	6410712.39
366712.61	6410719.16
366719.41	6410718.81
366719.77	6410725.58
366720.13	6410732.35
366726.93	6410732.00
366733.73	6410731.65
366734.09	6410738.42
366740.89	6410738.07
366747.69	6410737.72
366748.05	6410744.49
366754.85	6410744.14
366761.65	6410743.79
366768.45	6410743.44
366768.81	6410750.21
366775.61	6410749.86
366782.41	6410749.51
366782.77	6410756.28
366789.57	6410755.93
366796.37	6410755.58
366803.17	6410755.23
366809.97	6410754.88
366816.77	6410754.53
366817.13	6410761.30
366823.93	6410760.95
366824.29	6410767.72
366831.09	6410767.37
366831.45	6410774.14
366838.25	6410773.79
366845.05	6410773.44
366845.41	6410780.21
366852.21	6410779.86
366852.57	6410786.63
366859.37	6410786.28
366859.73	6410793.05
366866.53	6410792.70
366873.33	6410792.35
366873.69	6410799.12
366880.49	6410798.77
366887.29	6410798.42
366887.65	6410805.19
366894.45	6410804.84
366901.25	6410804.49
366901.61	6410811.26
366908.41	6410810.91
366915.21	6410810.56
366915.57	6410817.33
366922.37	6410816.98
366929.17	6410816.63
366929.53	6410823.40
366936.33	6410823.05
366943.13	6410822.70
366949.93	6410822.35
366950.29	6410829.12
366957.09	6410828.77
366957.45	6410835.54
366964.25	6410835.19
366971.05	6410834.84
366971.41	6410841.61
366978.21	6410841.26
366985.01	6410840.91
366991.81	6410840.56
366992.17	6410847.33
366998.97	6410846.98
367005.77	6410846.63
367012.57	6410846.28
367012.93	6410853.05
367019.73	6410852.70
367026.53	6410852.35
367026.89	6410859.12
367033.69	6410858.77
367040.49	6410858.42
367040.85	6410865.19
367047.65	6410864.84
367054.45	6410864.49
367054.81	6410871.26
367061.61	6410870.91
367068.41	6410870.56
367075.21	6410870.21
367075.57	6410876.98
367082.37	6410876.63
367089.17	6410876.28
367089.53	6410883.05
367096.33	6410882.70
367096.69	6410889.47
367103.49	6410889.12
367110.29	6410888.77
367110.65	6410895.54
367117.45	6410895.19
367124.25	6410894.84
367124.61	6410901.61
367131.41	6410901.26
367131.77	6410908.03
367138.57	6410907.68
367145.37	6410907.33
367145.73	6410914.10
367152.53	6410913.75
367152.89	6410920.52
367159.69	6410920.17
367160.05	6410926.94
367160.41	6410933.71
367160.77	6410940.48
367161.13	6410947.25
367161.49	6410954.02
367161.85	6410960.79
367162.21	6410967.56
367162.57	6410974.33
367162.93	6410981.10
367163.29	6410987.87
367163.65	6410994.64
367156.85	6410994.99
367157.21	6411001.76
367157.57	6411008.53
367157.93	6411015.30
367158.29	6411022.07
367158.65	6411028.84
367159.01	6411035.61
367152.21	6411035.96
367152.57	6411042.73
367145.77	6411043.08
367146.13	6411049.85
367146.49	6411056.62
367146.85	6411063.39
367140.05	6411063.74
367140.41	6411070.51
367140.77	6411077.28
367133.97	6411077.63
367134.33	6411084.40
367134.69	6411091.17
367135.05	6411097.94
367128.25	6411098.29
367128.61	6411105.06
367128.97	6411111.83
367129.33	6411118.60
367122.53	6411118.95
367122.89	6411125.72
367129.69	6411125.37
367130.05	6411132.14
367130.41	6411138.91
367130.77	6411145.68
367131.13	6411152.45
367131.49	6411159.22
367131.85	6411165.99
367132.21	6411172.76
367132.57	6411179.53
367132.93	6411186.30
367133.29	6411193.07
367133.65	6411199.84
367140.45	6411199.49
367140.81	6411206.26
367141.17	6411213.03
367141.53	6411219.80
367148.33	6411219.45
367148.69	6411226.22
367149.05	6411232.99
367149.41	6411239.76
367149.77	6411246.53
367150.13	6411253.30
367150.49	6411260.07
367157.29	6411259.72
367157.65	6411266.49
367164.45	6411266.14
367164.81	6411272.91
367171.61	6411272.56
367171.97	6411279.33
367172.33	6411286.10
367179.13	6411285.75
367179.49	6411292.52
367179.85	6411299.29
367186.65	6411298.94
367187.01	6411305.71
367187.37	6411312.48
367194.17	6411312.13
367194.53	6411318.90
367194.89	6411325.67
367201.69	6411325.32
367202.05	6411332.09
367208.85	6411331.74
367209.21	6411338.51
367216.01	6411338.16
367216.37	6411344.93
367223.17	6411344.58
367223.53	6411351.35
367230.33	6411351.00
367230.69	6411357.77
367237.49	6411357.42
367237.85	6411364.19
367244.65	6411363.84
367245.01	6411370.61
367245.37	6411377.38
367245.73	6411384.15
367252.53	6411383.80
367252.89	6411390.57
367259.69	6411390.22
367266.49	6411389.87
367266.85	6411396.64
367273.65	6411396.29
367274.01	6411403.06
367280.81	6411402.71
367281.17	6411409.48
367287.97	6411409.13
367288.33	6411415.90
367295.13	6411415.55
367301.93	6411415.20
367302.29	6411421.97
367309.09	6411421.62
367309.45	6411428.39
367316.25	6411428.04
367316.61	6411434.81
367323.41	6411434.46
367330.21	6411434.11
367330.57	6411440.88
367337.37	6411440.53
367337.73	6411447.30
367344.53	6411446.95
367351.33	6411446.60
367351.69	6411453.37
367358.49	6411453.02
367358.85	6411459.79
367365.65	6411459.44
367366.01	6411466.21
367372.81	6411465.86
367379.61	6411465.51
367379.97	6411472.28
367386.77	6411471.93
367387.13	6411478.70
367393.93	6411478.35
367400.73	6411478.00
367401.09	6411484.77
367407.89	6411484.42
367408.25	6411491.19
367415.05	6411490.84
367415.41	6411497.61
367422.21	6411497.26
367422.57	6411504.03
367429.37	6411503.68
367436.17	6411503.33
367436.53	6411510.10
367443.33	6411509.75
367443.69	6411516.52
367450.49	6411516.17
367450.85	6411522.94
367457.65	6411522.59
367464.45	6411522.24
367464.81	6411529.01
367471.61	6411528.66
367471.97	6411535.43
367478.77	6411535.08
367485.57	6411534.73
367485.93	6411541.50
367492.73	6411541.15
367493.09	6411547.92
367499.89	6411547.57
367506.69	6411547.22
367507.05	6411553.99
367513.85	6411553.64
367520.65	6411553.29
367521.01	6411560.06
367527.81	6411559.71
367534.61	6411559.36
367534.97	6411566.13
367541.77	6411565.78
367548.57	6411565.43
367548.93	6411572.20
367555.73	6411571.85
367562.53	6411571.50
367569.33	6411571.15
367569.69	6411577.92
367576.49	6411577.57
367583.29	6411577.22
367590.09	6411576.87
367596.89	6411576.52
367597.25	6411583.29
367604.05	6411582.94
367610.85	6411582.59
367617.65	6411582.24
367618.01	6411589.01
367618.37	6411595.78
367625.17	6411595.43
367625.53	6411602.20
367632.33	6411601.85
367639.13	6411601.50
367639.49	6411608.27
367646.29	6411607.92
367646.65	6411614.69
367653.45	6411614.34
367660.25	6411613.99
367660.61	6411620.76
367667.41	6411620.41
367667.77	6411627.18
367674.57	6411626.83
367681.37	6411626.48
367681.73	6411633.25
367688.53	6411632.90
367695.33	6411632.55
367695.69	6411639.32
367702.49	6411638.97
367709.29	6411638.62
367709.65	6411645.39
367716.45	6411645.04
367723.25	6411644.69
367723.61	6411651.46
367730.41	6411651.11
367737.21	6411650.76
367744.01	6411650.41
367744.37	6411657.18
367751.17	6411656.83
367751.53	6411663.60
367758.33	6411663.25
367758.69	6411670.02
367759.05	6411676.79
367765.85	6411676.44
367766.21	6411683.21
367766.57	6411689.98
367773.37	6411689.63
367773.73	6411696.40
367774.09	6411703.17
367780.89	6411702.82
367781.25	6411709.59
367788.05	6411709.24
367788.41	6411716.01
367788.77	6411722.78
367795.57	6411722.43
367795.93	6411729.20
367802.73	6411728.85
367803.09	6411735.62
367809.89	6411735.27
367810.25	6411742.04
367810.61	6411748.81
367817.41	6411748.46
367817.77	6411755.23
367824.57	6411754.88
367824.93	6411761.65
367825.29	6411768.42
367832.09	6411768.07
367832.45	6411774.84
367839.25	6411774.49
367846.05	6411774.14
367846.41	6411780.91
367853.21	6411780.56
367853.57	6411787.33
367860.37	6411786.98
367860.73	6411793.75
367867.53	6411793.40
367867.89	6411800.17
367868.25	6411806.94
367868.61	6411813.71
367875.41	6411813.36
367875.77	6411820.13
367876.13	6411826.90
367882.93	6411826.55
367883.29	6411833.32
367890.09	6411832.97
367890.45	6411839.74
367897.25	6411839.39
367897.61	6411846.16
367897.97	6411852.93
367904.77	6411852.58
367905.13	6411859.35
367905.49	6411866.12
367912.29	6411865.77
367912.65	6411872.54
367913.01	6411879.31
367913.37	6411886.08
367913.73	6411892.85
367906.93	6411893.20
367900.13	6411893.55
367893.33	6411893.90
367892.97	6411887.13
367886.17	6411887.48
367885.81	6411880.71
367885.45	6411873.94
367878.65	6411874.29
367871.85	6411874.64
367871.49	6411867.87
367864.69	6411868.22
367864.33	6411861.45
367857.53	6411861.80
367857.89	6411868.57
367851.09	6411868.92
367844.29	6411869.27
367844.65	6411876.04
367845.01	6411882.81
367845.37	6411889.58
367852.17	6411889.23
367852.53	6411896.00
367859.33	6411895.65
367859.69	6411902.42
367866.49	6411902.07
367866.85	6411908.84
367873.65	6411908.49
367874.01	6411915.26
367880.81	6411914.91
367881.17	6411921.68
367881.53	6411928.45
367888.33	6411928.10
367888.69	6411934.87
367895.49	6411934.52
367895.85	6411941.29
367902.65	6411940.94
367903.01	6411947.71
367909.81	6411947.36
367910.17	6411954.13
367916.97	6411953.78
367917.33	6411960.55
367924.13	6411960.20
367924.49	6411966.97
367931.29	6411966.62
367931.65	6411973.39
367938.45	6411973.04
367938.81	6411979.81
367939.17	6411986.58
367939.53	6411993.35
367939.89	6412000.12
367940.25	6412006.89
367947.05	6412006.54
367947.41	6412013.31
367947.77	6412020.08
367954.57	6412019.73
367954.93	6412026.50
367955.29	6412033.27
367962.09	6412032.92
367962.45	6412039.69
367969.25	6412039.34
367969.61	6412046.11
367969.97	6412052.88
367976.77	6412052.53
367977.13	6412059.30
367983.93	6412058.95
367984.29	6412065.72
367991.09	6412065.37
367991.45	6412072.14
367991.81	6412078.91
367998.61	6412078.56
367998.97	6412085.33
368005.77	6412084.98
368006.13	6412091.75
368012.93	6412091.40
368013.29	6412098.17
368013.65	6412104.94
368020.45	6412104.59
368020.81	6412111.36
368027.61	6412111.01
368027.97	6412117.78
368034.77	6412117.43
368041.57	6412117.08
368041.93	6412123.85
368048.73	6412123.50
368055.53	6412123.15
368055.89	6412129.92
368062.69	6412129.57
368063.05	6412136.34
368069.85	6412135.99
368076.65	6412135.64
368077.01	6412142.41
368083.81	6412142.06
368084.17	6412148.83
368090.97	6412148.48
368091.33	6412155.25
368098.13	6412154.90
368098.49	6412161.67
368105.29	6412161.32
368105.65	6412168.09
368112.45	6412167.74
368119.25	6412167.39
368119.61	6412174.16
368126.41	6412173.81
368126.77	6412180.58
368133.57	6412180.23
368133.93	6412187.00
368140.73	6412186.65
368141.09	6412193.42
368147.89	6412193.07
368154.69	6412192.72
368155.05	6412199.49
368161.85	6412199.14
368162.21	6412205.91
368169.01	6412205.56
368169.37	6412212.33
368176.17	6412211.98
368176.53	6412218.75
368183.33	6412218.40
368190.13	6412218.05
368190.49	6412224.82
368197.29	6412224.47
368197.65	6412231.24
368204.45	6412230.89
368204.81	6412237.66
368211.61	6412237.31
368211.97	6412244.08
368218.77	6412243.73
368225.57	6412243.38
368225.93	6412250.15
368232.73	6412249.80
368233.09	6412256.57
368239.89	6412256.22
368240.25	6412262.99
368247.05	6412262.64
368247.41	6412269.41
368254.21	6412269.06
368261.01	6412268.71
368261.37	6412275.48
368268.17	6412275.13
368268.53	6412281.90
368275.33	6412281.55
368275.69	6412288.32
368282.49	6412287.97
368282.85	6412294.74
368289.65	6412294.39
368290.01	6412301.16
368296.81	6412300.81
368297.17	6412307.58
368303.97	6412307.23
368304.33	6412314.00
368311.13	6412313.65
368311.49	6412320.42
368311.85	6412327.19
368312.21	6412333.96
368319.01	6412333.61
368319.37	6412340.38
368319.73	6412347.15
368326.53	6412346.80
368326.89	6412353.57
368333.69	6412353.22
368334.05	6412359.99
368334.41	6412366.76
368341.21	6412366.41
368341.57	6412373.18
368341.93	6412379.95
368348.73	6412379.60
368349.09	6412386.37
368349.45	6412393.14
368349.81	6412399.91
368356.61	6412399.56
368356.97	6412406.33
368357.33	6412413.10
368357.69	6412419.87
368364.49	6412419.52
368364.85	6412426.29
368365.21	6412433.06
368365.57	6412439.83
368365.93	6412446.60
368366.29	6412453.37
368373.09	6412453.02
368373.45	6412459.79
368373.81	6412466.56
368374.17	6412473.33
368380.97	6412472.98
368381.33	6412479.75
368381.69	6412486.52
368382.05	6412493.29
368382.41	6412500.06
368389.21	6412499.71
368389.57	6412506.48
368389.93	6412513.25
368396.73	6412512.90
368397.09	6412519.67
368397.45	6412526.44
368397.81	6412533.21
368398.17	6412539.98
368398.53	6412546.75
368398.89	6412553.52
368399.25	6412560.29
368399.61	6412567.06
368399.97	6412573.83
368400.33	6412580.60
368400.69	6412587.37
368401.05	6412594.14
368401.41	6412600.91
368394.61	6412601.26
368387.81	6412601.61
368381.01	6412601.96
368374.21	6412602.31
368367.41	6412602.66
368360.61	6412603.01
368353.81	6412603.36
368354.17	6412610.13
368347.37	6412610.48
368347.73	6412617.25
368348.09	6412624.02
368348.45	6412630.79
368341.65	6412631.14
368334.85	6412631.49
368328.05	6412631.84
368321.25	6412632.19
368314.45	6412632.54
368314.09	6412625.77
368313.73	6412619.00
368306.93	6412619.35
368306.57	6412612.58
368306.21	6412605.81
368299.41	6412606.16
368292.61	6412606.51
368285.81	6412606.86
368279.01	6412607.21
368278.65	6412600.44
368271.85	6412600.79
368265.05	6412601.14
368258.25	6412601.49
368258.61	6412608.26
368258.97	6412615.03
368252.17	6412615.38
368245.37	6412615.73
368245.73	6412622.50
368246.09	6412629.27
368246.45	6412636.04
368246.81	6412642.81
368240.01	6412643.16
368240.37	6412649.93
368233.57	6412650.28
368233.93	6412657.05
368227.13	6412657.40
368227.49	6412664.17
368227.85	6412670.94
368234.65	6412670.59
368241.45	6412670.24
368241.81	6412677.01
368248.61	6412676.66
368255.41	6412676.31
368262.21	6412675.96
368269.01	6412675.61
368275.81	6412675.26
368282.61	6412674.91
368289.41	6412674.56
368296.21	6412674.21
368303.01	6412673.86
368309.81	6412673.51
368316.61	6412673.16
368323.41	6412672.81
368323.77	6412679.58
368330.57	6412679.23
368337.37	6412678.88
368337.73	6412685.65
368338.09	6412692.42
368338.45	6412699.19
368338.81	6412705.96
368332.01	6412706.31
368325.21	6412706.66
368318.41	6412707.01
368311.61	6412707.36
368304.81	6412707.71
368298.01	6412708.06
368291.21	6412708.41
368291.57	6412715.18
368284.77	6412715.53
368285.13	6412722.30
368278.33	6412722.65
368271.53	6412723.00
368271.89	6412729.77
368272.25	6412736.54
368272.61	6412743.31
368265.81	6412743.66
368266.17	6412750.43
368272.97	6412750.08
368273.33	6412756.85
368273.69	6412763.62
368280.49	6412763.27
368280.85	6412770.04
368281.21	6412776.81
368288.01	6412776.46
368288.37	6412783.23
368288.73	6412790.00
368295.53	6412789.65
368295.89	6412796.42
368296.25	6412803.19
368303.05	6412802.84
368303.41	6412809.61
368303.77	6412816.38
368304.13	6412823.15
368310.93	6412822.80
368311.29	6412829.57
368311.65	6412836.34
368318.45	6412835.99
368318.81	6412842.76
368319.17	6412849.53
368325.97	6412849.18
368326.33	6412855.95
368326.69	6412862.72
368333.49	6412862.37
368333.85	6412869.14
368334.21	6412875.91
368334.57	6412882.68
368341.37	6412882.33
368341.73	6412889.10
368342.09	6412895.87
368348.89	6412895.52
368349.25	6412902.29
368349.61	6412909.06
368356.41	6412908.71
368356.77	6412915.48
368357.13	6412922.25
368363.93	6412921.90
368364.29	6412928.67
368364.65	6412935.44
368371.45	6412935.09
368371.81	6412941.86
368372.17	6412948.63
368378.97	6412948.28
368379.33	6412955.05
368386.13	6412954.70
368386.49	6412961.47
368386.85	6412968.24
368393.65	6412967.89
368394.01	6412974.66
368394.37	6412981.43
368401.17	6412981.08
368401.53	6412987.85
368401.89	6412994.62
368402.25	6413001.39
368409.05	6413001.04
368409.41	6413007.81
368409.77	6413014.58
368410.13	6413021.35
368416.93	6413021.00
368417.29	6413027.77
368417.65	6413034.54
368424.45	6413034.19
368431.25	6413033.84
368438.05	6413033.49
368444.85	6413033.14
368444.49	6413026.37
368451.29	6413026.02
368450.93	6413019.25
368457.73	6413018.90
368464.53	6413018.55
368471.33	6413018.20
368478.13	6413017.85
368484.93	6413017.50
368491.73	6413017.15
368498.53	6413016.80
368505.33	6413016.45
368512.13	6413016.10
368518.93	6413015.75
368519.29	6413022.52
368526.09	6413022.17
368532.89	6413021.82
368533.25	6413028.59
368540.05	6413028.24
368546.85	6413027.89
368547.21	6413034.66
368554.01	6413034.31
368554.37	6413041.08
368561.17	6413040.73
368567.97	6413040.38
368568.33	6413047.15
368575.13	6413046.80
368581.93	6413046.45
368582.29	6413053.22
368589.09	6413052.87
368589.45	6413059.64
368596.25	6413059.29
368603.05	6413058.94
368603.41	6413065.71
368610.21	6413065.36
368610.57	6413072.13
368617.37	6413071.78
368624.17	6413071.43
368624.53	6413078.20
368631.33	6413077.85
368638.13	6413077.50
368638.49	6413084.27
368645.29	6413083.92
368645.65	6413090.69
368652.45	6413090.34
368659.25	6413089.99
368659.61	6413096.76
368666.41	6413096.41
368673.21	6413096.06
368673.57	6413102.83
368680.37	6413102.48
368687.17	6413102.13
368687.53	6413108.90
368694.33	6413108.55
368701.13	6413108.20
368701.49	6413114.97
368708.29	6413114.62
368715.09	6413114.27
368721.89	6413113.92
368728.69	6413113.57
368735.49	6413113.22
368742.29	6413112.87
368749.09	6413112.52
368749.45	6413119.29
368756.25	6413118.94
368763.05	6413118.59
368769.85	6413118.24
368776.65	6413117.89
368777.01	6413124.66
368783.81	6413124.31
368784.17	6413131.08
368790.97	6413130.73
368791.33	6413137.50
368791.69	6413144.27
368798.49	6413143.92
368798.85	6413150.69
368805.65	6413150.34
368812.45	6413149.99
368819.25	6413149.64
368819.61	6413156.41
368826.41	6413156.06
368826.77	6413162.83
368827.13	6413169.60
368833.93	6413169.25
368834.29	6413176.02
368834.65	6413182.79
368835.01	6413189.56
368835.37	6413196.33
368828.57	6413196.68
368821.77	6413197.03
368822.13	6413203.80
368815.33	6413204.15
368815.69	6413210.92
368808.89	6413211.27
368809.25	6413218.04
368802.45	6413218.39
368802.81	6413225.16
368803.17	6413231.93
368809.97	6413231.58
368816.77	6413231.23
368823.57	6413230.88
368823.93	6413237.65
368824.29	6413244.42
368824.65	6413251.19
368825.01	6413257.96
368825.37	6413264.73
368825.73	6413271.50
368832.53	6413271.15
368832.89	6413277.92
368839.69	6413277.57
368840.05	6413284.34
368846.85	6413283.99
368847.21	6413290.76
368854.01	6413290.41
368854.37	6413297.18
368861.17	6413296.83
368861.53	6413303.60
368868.33	6413303.25
368868.69	6413310.02
368875.49	6413309.67
368875.85	6413316.44
368882.65	6413316.09
368883.01	6413322.86
368889.81	6413322.51
368890.17	6413329.28
368890.53	6413336.05
368897.33	6413335.70
368897.69	6413342.47
368904.49	6413342.12
368911.29	6413341.77
368911.65	6413348.54
368912.01	6413355.31
368918.81	6413354.96
368919.17	6413361.73
368925.97	6413361.38
368926.33	6413368.15
368933.13	6413367.80
368933.49	6413374.57
368940.29	6413374.22
368947.09	6413373.87
368947.45	6413380.64
368954.25	6413380.29
368954.61	6413387.06
368961.41	6413386.71
368961.77	6413393.48
368968.57	6413393.13
368968.93	6413399.90
368975.73	6413399.55
368976.09	6413406.32
368982.89	6413405.97
368983.25	6413412.74
368990.05	6413412.39
368996.85	6413412.04
368997.21	6413418.81
369004.01	6413418.46
369004.37	6413425.23
369011.17	6413424.88
369011.53	6413431.65
369011.89	6413438.42
369012.25	6413445.19
369019.05	6413444.84
369019.41	6413451.61
369019.77	6413458.38
369020.13	6413465.15
369026.93	6413464.80
369027.29	6413471.57
369027.65	6413478.34
369028.01	6413485.11
369034.81	6413484.76
369035.17	6413491.53
369035.53	6413498.30
369042.33	6413497.95
369042.69	6413504.72
369043.05	6413511.49
369043.41	6413518.26
369050.21	6413517.91
369050.57	6413524.68
369050.93	6413531.45
369057.73	6413531.10
369058.09	6413537.87
369058.45	6413544.64
369065.25	6413544.29
369065.61	6413551.06
369065.97	6413557.83
369072.77	6413557.48
369073.13	6413564.25
369073.49	6413571.02
369080.29	6413570.67
369080.65	6413577.44
369087.45	6413577.09
369087.81	6413583.86
369088.17	6413590.63
369088.53	6413597.40
369088.89	6413604.17
369089.25	6413610.94
369089.61	6413617.71
369089.97	6413624.48
369090.33	6413631.25
369090.69	6413638.02
369091.05	6413644.79
369097.85	6413644.44
369098.21	6413651.21
369098.57	6413657.98
369105.37	6413657.63
369105.73	6413664.40
369112.53	6413664.05
369112.89	6413670.82
369119.69	6413670.47
369120.05	6413677.24
369120.41	6413684.01
369127.21	6413683.66
369127.57	6413690.43
369134.37	6413690.08
369134.73	6413696.85
369141.53	6413696.50
369141.89	6413703.27
369148.69	6413702.92
369149.05	6413709.69
369155.85	6413709.34
369162.65	6413708.99
369163.01	6413715.76
369169.81	6413715.41
369176.61	6413715.06
369176.97	6413721.83
369183.77	6413721.48
369184.13	6413728.25
369190.93	6413727.90
369197.73	6413727.55
369198.09	6413734.32
369204.89	6413733.97
369211.69	6413733.62
369218.49	6413733.27
369218.85	6413740.04
369225.65	6413739.69
369232.45	6413739.34
369239.25	6413738.99
369239.61	6413745.76
369246.41	6413745.41
369253.21	6413745.06
369260.01	6413744.71
369266.81	6413744.36
369267.17	6413751.13
369273.97	6413750.78
369280.77	6413750.43
369281.13	6413757.20
369287.93	6413756.85
369294.73	6413756.50
369301.53	6413756.15
369301.89	6413762.92
369308.69	6413762.57
369315.49	6413762.22
369322.29	6413761.87
369322.65	6413768.64
369329.45	6413768.29
369336.25	6413767.94
369343.05	6413767.59
369349.85	6413767.24
369350.21	6413774.01
369357.01	6413773.66
369363.81	6413773.31
369370.61	6413772.96
369377.41	6413772.61
369384.21	6413772.26
369391.01	6413771.91
369391.37	6413778.68
369398.17	6413778.33
369404.97	6413777.98
369411.77	6413777.63
369418.57	6413777.28
369425.37	6413776.93
369425.73	6413783.70
369432.53	6413783.35
369439.33	6413783.00
369446.13	6413782.65
369452.93	6413782.30
369453.29	6413789.07
369460.09	6413788.72
369460.45	6413795.49
369467.25	6413795.14
369474.05	6413794.79
369480.85	6413794.44
369487.65	6413794.09
369494.45	6413793.74
369501.25	6413793.39
369501.61	6413800.16
369508.41	6413799.81
369515.21	6413799.46
369522.01	6413799.11
369528.81	6413798.76
369529.17	6413805.53
369535.97	6413805.18
369542.77	6413804.83
369549.57	6413804.48
369556.37	6413804.13
369563.17	6413803.78
369563.53	6413810.55
369570.33	6413810.20
369577.13	6413809.85
369576.77	6413803.08
369583.57	6413802.73
369590.37	6413802.38
369597.17	6413802.03
369603.97	6413801.68
369610.77	6413801.33
369617.57	6413800.98
369624.37	6413800.63
369631.17	6413800.28
369637.97	6413799.93
369638.33	6413806.70
369638.69	6413813.47
369645.49	6413813.12
369652.29	6413812.77
369659.09	6413812.42
369659.45	6413819.19
369666.25	6413818.84
369673.05	6413818.49
369673.41	6413825.26
369680.21	6413824.91
369687.01	6413824.56
369693.81	6413824.21
369694.17	6413830.98
369700.97	6413830.63
369701.33	6413837.40
369708.13	6413837.05
369714.93	6413836.70
369715.29	6413843.47
369722.09	6413843.12
369728.89	6413842.77
369735.69	6413842.42
369742.49	6413842.07
369749.29	6413841.72
369749.65	6413848.49
369750.01	6413855.26
369756.81	6413854.91
369757.17	6413861.68
369763.97	6413861.33
369770.77	6413860.98
369777.57	6413860.63
369777.93	6413867.40
369784.73	6413867.05
369785.09	6413873.82
369791.89	6413873.47
369792.25	6413880.24
369799.05	6413879.89
369799.41	6413886.66
369806.21	6413886.31
369813.01	6413885.96
369813.37	6413892.73
369820.17	6413892.38
369826.97	6413892.03
369827.33	6413898.80
369827.69	6413905.57
369828.05	6413912.34
369828.41	6413919.11
369821.61	6413919.46
369821.97	6413926.23
369822.33	6413933.00
369822.69	6413939.77
369823.05	6413946.54
369816.25	6413946.89
369816.61	6413953.66
369816.97	6413960.43
369817.33	6413967.20
369824.13	6413966.85
369824.49	6413973.62
369831.29	6413973.27
369831.65	6413980.04
369832.01	6413986.81
369838.81	6413986.46
369839.17	6413993.23
369839.53	6414000.00
369839.89	6414006.77
369840.25	6414013.54
369840.61	6414020.31
369840.97	6414027.08
369841.33	6414033.85
369848.13	6414033.50
369848.49	6414040.27
369848.85	6414047.04
369849.21	6414053.81
369849.57	6414060.58
369849.93	6414067.35
369856.73	6414067.00
369857.09	6414073.77
369857.45	6414080.54
369857.81	6414087.31
369858.17	6414094.08
369858.53	6414100.85
369865.33	6414100.50
369865.69	6414107.27
369866.05	6414114.04
369866.41	6414120.81
369859.61	6414121.16
369859.97	6414127.93
369860.33	6414134.70
369860.69	6414141.47
369861.05	6414148.24
369867.85	6414147.89
369868.21	6414154.66
369868.57	6414161.43
369868.93	6414168.20
369875.73	6414167.85
369876.09	6414174.62
369876.45	6414181.39
369876.81	6414188.16
369877.17	6414194.93
369870.37	6414195.28
369863.57	6414195.63
369856.77	6414195.98
369849.97	6414196.33
369843.17	6414196.68
369836.37	6414197.03
369829.57	6414197.38
369822.77	6414197.73
369815.97	6414198.08
369809.17	6414198.43
369809.53	6414205.20
369802.73	6414205.55
369795.93	6414205.90
369789.13	6414206.25
369789.49	6414213.02
369782.69	6414213.37
369775.89	6414213.72
369776.25	6414220.49
369776.61	6414227.26
369769.81	6414227.61
369770.17	6414234.38
369763.37	6414234.73
369763.73	6414241.50
369764.09	6414248.27
369757.29	6414248.62
369757.65	6414255.39
369758.01	6414262.16
369758.37	6414268.93
369751.57	6414269.28
369751.93	6414276.05
369752.29	6414282.82
369745.49	6414283.17
369745.85	6414289.94
369746.21	6414296.71
369746.57	6414303.48
369746.93	6414310.25
369753.73	6414309.90
369754.09	6414316.67
369754.45	6414323.44
369754.81	6414330.21
369755.17	6414336.98
369748.37	6414337.33
369748.73	6414344.10
369755.53	6414343.75
369755.89	6414350.52
369762.69	6414350.17
369763.05	6414356.94
369769.85	6414356.59
369776.65	6414356.24
369777.01	6414363.01
369783.81	6414362.66
369790.61	6414362.31
369790.97	6414369.08
369797.77	6414368.73
369804.57	6414368.38
369804.93	6414375.15
369811.73	6414374.80
369818.53	6414374.45
369818.89	6414381.22
369825.69	6414380.87
369832.49	6414380.52
369832.85	6414387.29
369839.65	6414386.94
369846.45	6414386.59
369853.25	6414386.24
369853.61	6414393.01
369860.41	6414392.66
369867.21	6414392.31
369874.01	6414391.96
369874.37	6414398.73
369881.17	6414398.38
369887.97	6414398.03
369894.77	6414397.68
369895.13	6414404.45
369895.49	6414411.22
369902.29	6414410.87
369902.65	6414417.64
369903.01	6414424.41
369909.81	6414424.06
369910.17	6414430.83
369916.97	6414430.48
369917.33	6414437.25
369924.13	6414436.90
369924.49	6414443.67
369924.85	6414450.44
369925.21	6414457.21
369925.57	6414463.98
369925.93	6414470.75
369926.29	6414477.52
369926.65	6414484.29
369927.01	6414491.06
369927.37	6414497.83
369927.73	6414504.60
369920.93	6414504.95
369914.13	6414505.30
369914.49	6414512.07
369907.69	6414512.42
369908.05	6414519.19
369901.25	6414519.54
369894.45	6414519.89
369894.81	6414526.66
369888.01	6414527.01
369881.21	6414527.36
369874.41	6414527.71
369874.77	6414534.48
369867.97	6414534.83
369868.33	6414541.60
369861.53	6414541.95
369854.73	6414542.30
369855.09	6414549.07
369848.29	6414549.42
369848.65	6414556.19
369841.85	6414556.54
369842.21	6414563.31
369835.41	6414563.66
369835.77	6414570.43
369828.97	6414570.78
369829.33	6414577.55
369829.69	6414584.32
369830.05	6414591.09
369823.25	6414591.44
369816.45	6414591.79
369816.81	6414598.56
369817.17	6414605.33
369817.53	6414612.10
369810.73	6414612.45
369811.09	6414619.22
369811.45	6414625.99
369811.81	6414632.76
369812.17	6414639.53
369805.37	6414639.88
369805.73	6414646.65
369798.93	6414647.00
369799.29	6414653.77
369799.65	6414660.54
369792.85	6414660.89
369793.21	6414667.66
369786.41	6414668.01
369786.77	6414674.78
369787.13	6414681.55
369787.49	6414688.32
369780.69	6414688.67
369781.05	6414695.44
369781.41	6414702.21
369788.21	6414701.86
369788.57	6414708.63
369788.93	6414715.40
369789.29	6414722.17
369782.49	6414722.52
369782.85	6414729.29
369783.21	6414736.06
369783.57	6414742.83
369790.37	6414742.48
369790.73	6414749.25
369791.09	6414756.02
369791.45	6414762.79
369784.65	6414763.14
369785.01	6414769.91
369791.81	6414769.56
369792.17	6414776.33
369792.53	6414783.10
369792.89	6414789.87
369793.25	6414796.64
369800.05	6414796.29
369800.41	6414803.06
369800.77	6414809.83
369801.13	6414816.60
369801.49	6414823.37
369808.29	6414823.02
369808.65	6414829.79
369809.01	6414836.56
369809.37	6414843.33
369816.17	6414842.98
369816.53	6414849.75
369816.89	6414856.52
369817.25	6414863.29
369817.61	6414870.06
369817.97	6414876.83
369818.33	6414883.60
369818.69	6414890.37
369819.05	6414897.14
369819.41	6414903.91
369819.77	6414910.68
369820.13	6414917.45
369813.33	6414917.80
369813.69	6414924.57
369806.89	6414924.92
369807.25	6414931.69
369800.45	6414932.04
369800.81	6414938.81
369794.01	6414939.16
369794.37	6414945.93
369787.57	6414946.28
369787.93	6414953.05
369788.29	6414959.82
369781.49	6414960.17
369781.85	6414966.94
369775.05	6414967.29
369775.41	6414974.06
369768.61	6414974.41
369768.97	6414981.18
369762.17	6414981.53
369762.53	6414988.30
369755.73	6414988.65
369756.09	6414995.42
369749.29	6414995.77
369749.65	6415002.54
369742.85	6415002.89
369743.21	6415009.66
369736.41	6415010.01
369729.61	6415010.36
369722.81	6415010.71
369716.01	6415011.06
369709.21	6415011.41
369702.41	6415011.76
369695.61	6415012.11
369688.81	6415012.46
369689.17	6415019.23
369682.37	6415019.58
369675.57	6415019.93
369668.77	6415020.28
369669.13	6415027.05
369662.33	6415027.40
369655.53	6415027.75
369648.73	6415028.10
369641.93	6415028.45
369641.57	6415021.68
369634.77	6415022.03
369627.97	6415022.38
369621.17	6415022.73
369614.37	6415023.08
369607.57	6415023.43
369607.21	6415016.66
369600.41	6415017.01
369593.61	6415017.36
369586.81	6415017.71
369580.01	6415018.06
369573.21	6415018.41
369566.41	6415018.76
369566.77	6415025.53
369559.97	6415025.88
369553.17	6415026.23
369546.37	6415026.58
369539.57	6415026.93
369539.93	6415033.70
369533.13	6415034.05
369533.49	6415040.82
369526.69	6415041.17
369519.89	6415041.52
369520.25	6415048.29
369513.45	6415048.64
369506.65	6415048.99
369507.01	6415055.76
369507.37	6415062.53
369500.57	6415062.88
369500.93	6415069.65
369501.29	6415076.42
369501.65	6415083.19
369502.01	6415089.96
369502.37	6415096.73
369502.73	6415103.50
369495.93	6415103.85
369496.29	6415110.62
369496.65	6415117.39
369497.01	6415124.16
369490.21	6415124.51
369490.57	6415131.28
369490.93	6415138.05
369484.13	6415138.40
369484.49	6415145.17
369484.85	6415151.94
369485.21	6415158.71
369478.41	6415159.06
369478.77	6415165.83
369479.13	6415172.60
369479.49	6415179.37
369472.69	6415179.72
369473.05	6415186.49
369466.25	6415186.84
369466.61	6415193.61
369466.97	6415200.38
369460.17	6415200.73
369460.53	6415207.50
369453.73	6415207.85
369454.09	6415214.62
369447.29	6415214.97
369447.65	6415221.74
369440.85	6415222.09
369434.05	6415222.44
369434.41	6415229.21
369427.61	6415229.56
369420.81	6415229.91
369421.17	6415236.68
369414.37	6415237.03
369407.57	6415237.38
369407.93	6415244.15
369401.13	6415244.50
369394.33	6415244.85
369394.69	6415251.62
369387.89	6415251.97
369388.25	6415258.74
369381.45	6415259.09
369374.65	6415259.44
369375.01	6415266.21
369368.21	6415266.56
369361.41	6415266.91
369361.77	6415273.68
369362.13	6415280.45
369355.33	6415280.80
369355.69	6415287.57
369348.89	6415287.92
369349.25	6415294.69
369349.61	6415301.46
369349.97	6415308.23
369350.33	6415315.00
369350.69	6415321.77
369351.05	6415328.54
369351.41	6415335.31
369351.77	6415342.08
369352.13	6415348.85
369352.49	6415355.62
369352.85	6415362.39
369353.21	6415369.16
369360.01	6415368.81
369366.81	6415368.46
369373.61	6415368.11
369380.41	6415367.76
369380.77	6415374.53
369387.57	6415374.18
369387.93	6415380.95
369394.73	6415380.60
369395.09	6415387.37
369401.89	6415387.02
369402.25	6415393.79
369409.05	6415393.44
369409.41	6415400.21
369416.21	6415399.86
369416.57	6415406.63
369423.37	6415406.28
369423.73	6415413.05
369430.53	6415412.70
369437.33	6415412.35
369437.69	6415419.12
369444.49	6415418.77
369451.29	6415418.42
369451.65	6415425.19
369458.45	6415424.84
369458.81	6415431.61
369459.17	6415438.38
369465.97	6415438.03
369466.33	6415444.80
369473.13	6415444.45
369479.93	6415444.10
369480.29	6415450.87
369487.09	6415450.52
369487.45	6415457.29
369494.25	6415456.94
369501.05	6415456.59
369501.41	6415463.36
369501.77	6415470.13
369502.13	6415476.90
369502.49	6415483.67
369502.85	6415490.44
369503.21	6415497.21
369503.57	6415503.98
369510.37	6415503.63
369517.17	6415503.28
369523.97	6415502.93
369530.77	6415502.58
369531.13	6415509.35
369531.49	6415516.12
369531.85	6415522.89
369532.21	6415529.66
369532.57	6415536.43
369539.37	6415536.08
369539.73	6415542.85
369540.09	6415549.62
369540.45	6415556.39
369540.81	6415563.16
369541.17	6415569.93
369541.53	6415576.70
369541.89	6415583.47
369542.25	6415590.24
369542.61	6415597.01
369535.81	6415597.36
369536.17	6415604.13
369529.37	6415604.48
369522.57	6415604.83
369515.77	6415605.18
369508.97	6415605.53
369509.33	6415612.30
369502.53	6415612.65
369502.89	6415619.42
369503.25	6415626.19
369510.05	6415625.84
369516.85	6415625.49
369523.65	6415625.14
369524.01	6415631.91
369524.37	6415638.68
369524.73	6415645.45
369517.93	6415645.80
369518.29	6415652.57
369511.49	6415652.92
369511.85	6415659.69
369518.65	6415659.34
369519.01	6415666.11
369525.81	6415665.76
369526.17	6415672.53
369532.97	6415672.18
369533.33	6415678.95
369533.69	6415685.72
369540.49	6415685.37
369540.85	6415692.14
369547.65	6415691.79
369548.01	6415698.56
369548.37	6415705.33
369548.73	6415712.10
369555.53	6415711.75
369562.33	6415711.40
369569.13	6415711.05
369569.49	6415717.82
369569.85	6415724.59
369570.21	6415731.36
369563.41	6415731.71
369563.77	6415738.48
369570.57	6415738.13
369570.93	6415744.90
369577.73	6415744.55
369578.09	6415751.32
369584.89	6415750.97
369585.25	6415757.74
369592.05	6415757.39
369598.85	6415757.04
369598.49	6415750.27
369605.29	6415749.92
369612.09	6415749.57
369618.89	6415749.22
369625.69	6415748.87
369626.05	6415755.64
369626.41	6415762.41
369633.21	6415762.06
369633.57	6415768.83
369633.93	6415775.60
369634.29	6415782.37
369627.49	6415782.72
369627.85	6415789.49
369621.05	6415789.84
369621.41	6415796.61
369621.77	6415803.38
369622.13	6415810.15
369622.49	6415816.92
369622.85	6415823.69
369629.65	6415823.34
369630.01	6415830.11
369630.37	6415836.88
369630.73	6415843.65
369637.53	6415843.30
369637.89	6415850.07
369644.69	6415849.72
369645.05	6415856.49
369645.41	6415863.26
369652.21	6415862.91
369652.57	6415869.68
369652.93	6415876.45
369653.29	6415883.22
369660.09	6415882.87
369660.45	6415889.64
369660.81	6415896.41
369667.61	6415896.06
369667.97	6415902.83
369674.77	6415902.48
369681.57	6415902.13
369681.93	6415908.90
369682.29	6415915.67
369689.09	6415915.32
369689.45	6415922.09
369696.25	6415921.74
369696.61	6415928.51
369703.41	6415928.16
369710.21	6415927.81
369710.57	6415934.58
369717.37	6415934.23
369724.17	6415933.88
369724.53	6415940.65
369731.33	6415940.30
369731.69	6415947.07
369732.05	6415953.84
369738.85	6415953.49
369739.21	6415960.26
369746.01	6415959.91
369746.37	6415966.68
369753.17	6415966.33
369759.97	6415965.98
369766.77	6415965.63
369773.57	6415965.28
369780.37	6415964.93
369787.17	6415964.58
369793.97	6415964.23
369800.77	6415963.88
369801.13	6415970.65
369807.93	6415970.30
369814.73	6415969.95
369815.09	6415976.72
369821.89	6415976.37
369822.25	6415983.14
369829.05	6415982.79
369829.41	6415989.56
369836.21	6415989.21
369836.57	6415995.98
369843.37	6415995.63
369843.73	6416002.40
369850.53	6416002.05
369850.89	6416008.82
369857.69	6416008.47
369858.05	6416015.24
369864.85	6416014.89
369865.21	6416021.66
369872.01	6416021.31
369872.37	6416028.08
369872.73	6416034.85
369879.53	6416034.50
369879.89	6416041.27
369886.69	6416040.92
369887.05	6416047.69
369893.85	6416047.34
369894.21	6416054.11
369894.57	6416060.88
369894.93	6416067.65
369901.73	6416067.30
369902.09	6416074.07
369902.45	6416080.84
369902.81	6416087.61
369896.01	6416087.96
369896.37	6416094.73
369896.73	6416101.50
369889.93	6416101.85
369890.29	6416108.62
369883.49	6416108.97
369883.85	6416115.74
369884.21	6416122.51
369877.41	6416122.86
369877.77	6416129.63
369878.13	6416136.40
369878.49	6416143.17
369878.85	6416149.94
369879.21	6416156.71
369886.01	6416156.36
369886.37	6416163.13
369886.73	6416169.90
369893.53	6416169.55
369893.89	6416176.32
369900.69	6416175.97
369900.33	6416169.20
369907.13	6416168.85
369913.93	6416168.50
369920.73	6416168.15
369921.09	6416174.92
369927.89	6416174.57
369928.25	6416181.34
369935.05	6416180.99
369935.41	6416187.76
369942.21	6416187.41
369942.57	6416194.18
369949.37	6416193.83
369949.73	6416200.60
369956.53	6416200.25
369963.33	6416199.90
369963.69	6416206.67
369970.49	6416206.32
369970.85	6416213.09
369977.65	6416212.74
369978.01	6416219.51
369984.81	6416219.16
369985.17	6416225.93
369985.53	6416232.70
369985.89	6416239.47
369979.09	6416239.82
369979.45	6416246.59
369986.25	6416246.24
369986.61	6416253.01
369993.41	6416252.66
370000.21	6416252.31
370007.01	6416251.96
370007.37	6416258.73
370007.73	6416265.50
370008.09	6416272.27
370008.45	6416279.04
370015.25	6416278.69
370015.61	6416285.46
370022.41	6416285.11
370022.05	6416278.34
370028.85	6416277.99
370035.65	6416277.64
370042.45	6416277.29
370049.25	6416276.94
370049.61	6416283.71
370056.41	6416283.36
370056.77	6416290.13
370063.57	6416289.78
370063.93	6416296.55
370070.73	6416296.20
370071.09	6416302.97
370071.45	6416309.74
370078.25	6416309.39
370078.61	6416316.16
370078.97	6416322.93
370079.33	6416329.70
370079.69	6416336.47
370080.05	6416343.24
370073.25	6416343.59
370073.61	6416350.36
370066.81	6416350.71
370067.17	6416357.48
370067.53	6416364.25
370067.89	6416371.02
370068.25	6416377.79
370068.61	6416384.56
370068.97	6416391.33
370075.77	6416390.98
370076.13	6416397.75
370076.49	6416404.52
370083.29	6416404.17
370083.65	6416410.94
370090.45	6416410.59
370090.81	6416417.36
370091.17	6416424.13
370097.97	6416423.78
370098.33	6416430.55
370105.13	6416430.20
370111.93	6416429.85
370112.29	6416436.62
370119.09	6416436.27
370119.45	6416443.04
370126.25	6416442.69
370126.61	6416449.46
370133.41	6416449.11
370133.77	6416455.88
370134.13	6416462.65
370134.49	6416469.42
370134.85	6416476.19
370135.21	6416482.96
370135.57	6416489.73
370142.37	6416489.38
370142.73	6416496.15
370143.09	6416502.92
370143.45	6416509.69
370143.81	6416516.46
370144.17	6416523.23
370137.37	6416523.58
370130.57	6416523.93
370130.93	6416530.70
370131.29	6416537.47
370131.65	6416544.24
370132.01	6416551.01
370132.37	6416557.78
370132.73	6416564.55
370139.53	6416564.20
370139.89	6416570.97
370140.25	6416577.74
370140.61	6416584.51
370133.81	6416584.86
370134.17	6416591.63
370140.97	6416591.28
370141.33	6416598.05
370148.13	6416597.70
370148.49	6416604.47
370155.29	6416604.12
370155.65	6416610.89
370162.45	6416610.54
370162.81	6416617.31
370169.61	6416616.96
370169.97	6416623.73
370176.77	6416623.38
370183.57	6416623.03
370183.93	6416629.80
370190.73	6416629.45
370191.09	6416636.22
370191.45	6416642.99
370191.81	6416649.76
370192.17	6416656.53
370185.37	6416656.88
370185.73	6416663.65
370178.93	6416664.00
370179.29	6416670.77
370172.49	6416671.12
370172.85	6416677.89
370166.05	6416678.24
370166.41	6416685.01
370159.61	6416685.36
370152.81	6416685.71
370153.17	6416692.48
370146.37	6416692.83
370139.57	6416693.18
370132.77	6416693.53
370125.97	6416693.88
370126.33	6416700.65
370133.13	6416700.30
370139.93	6416699.95
370140.29	6416706.72
370147.09	6416706.37
370153.89	6416706.02
370153.53	6416699.25
370160.33	6416698.90
370167.13	6416698.55
370166.77	6416691.78
370173.57	6416691.43
370173.21	6416684.66
370180.01	6416684.31
370179.65	6416677.54
370186.45	6416677.19
370186.09	6416670.42
370192.89	6416670.07
370199.69	6416669.72
370199.33	6416662.95
370206.13	6416662.60
370205.77	6416655.83
370212.57	6416655.48
370219.37	6416655.13
370226.17	6416654.78
370226.53	6416661.55
370233.33	6416661.20
370240.13	6416660.85
370246.93	6416660.50
370253.73	6416660.15
370260.53	6416659.80
370260.89	6416666.57
370267.69	6416666.22
370274.49	6416665.87
370274.85	6416672.64
370281.65	6416672.29
370282.01	6416679.06
370288.81	6416678.71
370289.17	6416685.48
370295.97	6416685.13
370296.33	6416691.90
370303.13	6416691.55
370303.49	6416698.32
370310.29	6416697.97
370310.65	6416704.74
370311.01	6416711.51
370317.81	6416711.16
370318.17	6416717.93
370318.53	6416724.70
370318.89	6416731.47
370319.25	6416738.24
370319.61	6416745.01
370326.41	6416744.66
370326.77	6416751.43
370327.13	6416758.20
370327.49	6416764.97
370334.29	6416764.62
370334.65	6416771.39
370335.01	6416778.16
370335.37	6416784.93
370335.73	6416791.70
370336.09	6416798.47
370342.89	6416798.12
370343.25	6416804.89
370343.61	6416811.66
370343.97	6416818.43
370350.77	6416818.08
370351.13	6416824.85
370351.49	6416831.62
370358.29	6416831.27
370358.65	6416838.04
370359.01	6416844.81
370359.37	6416851.58
370352.57	6416851.93
370352.93	6416858.70
370346.13	6416859.05
370339.33	6416859.40
370332.53	6416859.75
370332.89	6416866.52
370326.09	6416866.87
370326.45	6416873.64
370326.81	6416880.41
370320.01	6416880.76
370320.37	6416887.53
370320.73	6416894.30
370313.93	6416894.65
370314.29	6416901.42
370314.65	6416908.19
370315.01	6416914.96
370315.37	6416921.73
370315.73	6416928.50
370316.09	6416935.27
370316.45	6416942.04
370316.81	6416948.81
370317.17	6416955.58
370317.53	6416962.35
370310.73	6416962.70
370311.09	6416969.47
370317.89	6416969.12
370318.25	6416975.89
370318.61	6416982.66
370318.97	6416989.43
370319.33	6416996.20
370319.69	6417002.97
370312.89	6417003.32
370313.25	6417010.09
370320.05	6417009.74
370320.41	6417016.51
370320.77	6417023.28
370321.13	6417030.05
370321.49	6417036.82
370321.85	6417043.59
370322.21	6417050.36
370322.57	6417057.13
370329.37	6417056.78
370329.73	6417063.55
370336.53	6417063.20
370336.89	6417069.97
370343.69	6417069.62
370344.05	6417076.39
370344.41	6417083.16
370344.77	6417089.93
370351.57	6417089.58
370351.93	6417096.35
370358.73	6417096.00
370359.09	6417102.77
370359.45	6417109.54
370366.25	6417109.19
370373.05	6417108.84
370373.41	6417115.61
370380.21	6417115.26
370379.85	6417108.49
370386.65	6417108.14
370393.45	6417107.79
370400.25	6417107.44
370407.05	6417107.09
370407.41	6417113.86
370407.77	6417120.63
370408.13	6417127.40
370414.93	6417127.05
370415.29	6417133.82
370422.09	6417133.47
370422.45	6417140.24
370422.81	6417147.01
370423.17	6417153.78
370429.97	6417153.43
370436.77	6417153.08
370437.13	6417159.85
370437.49	6417166.62
370444.29	6417166.27
370443.93	6417159.50
370450.73	6417159.15
370457.53	6417158.80
370464.33	6417158.45
370471.13	6417158.10
370471.49	6417164.87
370478.29	6417164.52
370478.65	6417171.29
370485.45	6417170.94
370492.25	6417170.59
370499.05	6417170.24
370499.41	6417177.01
370506.21	6417176.66
370513.01	6417176.31
370519.81	6417175.96
370526.61	6417175.61
370533.41	6417175.26
370540.21	6417174.91
370539.85	6417168.14
370546.65	6417167.79
370553.45	6417167.44
370553.09	6417160.67
370552.73	6417153.90
370559.53	6417153.55
370559.17	6417146.78
370565.97	6417146.43
370572.77	6417146.08
370579.57	6417145.73
370586.37	6417145.38
370593.17	6417145.03
370592.81	6417138.26
370599.61	6417137.91
370606.41	6417137.56
370606.05	6417130.79
370612.85	6417130.44
370612.49	6417123.67
370612.13	6417116.90
370618.93	6417116.55
370625.73	6417116.20
370632.53	6417115.85
370639.33	6417115.50
370646.13	6417115.15
370652.93	6417114.80
370652.57	6417108.03
370659.37	6417107.68
370659.01	6417100.91
370658.65	6417094.14
370665.45	6417093.79
370665.09	6417087.02
370671.89	6417086.67
370678.69	6417086.32
370685.49	6417085.97
370692.29	6417085.62
370692.65	6417092.39
370693.01	6417099.16
370693.37	6417105.93
370700.17	6417105.58
370700.53	6417112.35
370700.89	6417119.12
370701.25	6417125.89
370701.61	6417132.66
370701.97	6417139.43
370695.17	6417139.78
370695.53	6417146.55
370695.89	6417153.32
370702.69	6417152.97
370703.05	6417159.74
370703.41	6417166.51
370703.77	6417173.28
370704.13	6417180.05
370704.49	6417186.82
370704.85	6417193.59
370705.21	6417200.36
370705.57	6417207.13
370705.93	6417213.90
370699.13	6417214.25
370699.49	6417221.02
370706.29	6417220.67
370706.65	6417227.44
370707.01	6417234.21
370707.37	6417240.98
370714.17	6417240.63
370714.53	6417247.40
370714.89	6417254.17
370715.25	6417260.94
370708.45	6417261.29
370701.65	6417261.64
370694.85	6417261.99
370688.05	6417262.34
370681.25	6417262.69
370674.45	6417263.04
370667.65	6417263.39
370660.85	6417263.74
370661.21	6417270.51
370654.41	6417270.86
370654.77	6417277.63
370647.97	6417277.98
370648.33	6417284.75
370641.53	6417285.10
370641.89	6417291.87
370635.09	6417292.22
370628.29	6417292.57
370628.65	6417299.34
370629.01	6417306.11
370622.21	6417306.46
370622.57	6417313.23
370615.77	6417313.58
370616.13	6417320.35
370609.33	6417320.70
370609.69	6417327.47
370610.05	6417334.24
370603.25	6417334.59
370603.61	6417341.36
370596.81	6417341.71
370597.17	6417348.48
370590.37	6417348.83
370590.73	6417355.60
370583.93	6417355.95
370584.29	6417362.72
370577.49	6417363.07
370577.85	6417369.84
370571.05	6417370.19
370571.41	6417376.96
370564.61	6417377.31
370564.97	6417384.08
370565.33	6417390.85
370558.53	6417391.20
370558.89	6417397.97
370552.09	6417398.32
370552.45	6417405.09
370552.81	6417411.86
370546.01	6417412.21
370546.37	6417418.98
370553.17	6417418.63
370559.97	6417418.28
370559.61	6417411.51
370566.41	6417411.16
370566.05	6417404.39
370565.69	6417397.62
370572.49	6417397.27
370572.13	6417390.50
370578.93	6417390.15
370578.57	6417383.38
370585.37	6417383.03
370585.01	6417376.26
370591.81	6417375.91
370591.45	6417369.14
370591.09	6417362.37
370597.89	6417362.02
370597.53	6417355.25
370604.33	6417354.90
370611.13	6417354.55
370610.77	6417347.78
370617.57	6417347.43
370617.21	6417340.66
370624.01	6417340.31
370623.65	6417333.54
370630.45	6417333.19
370637.25	6417332.84
370636.89	6417326.07
370643.69	6417325.72
370643.33	6417318.95
370650.13	6417318.60
370649.77	6417311.83
370656.57	6417311.48
370656.21	6417304.71
370655.85	6417297.94
370655.49	6417291.17
370662.29	6417290.82
370661.93	6417284.05
370668.73	6417283.70
370675.53	6417283.35
370682.33	6417283.00
370689.13	6417282.65
370695.93	6417282.30
370702.73	6417281.95
370709.53	6417281.60
370716.33	6417281.25
370723.13	6417280.90
370729.93	6417280.55
370730.29	6417287.32
370737.09	6417286.97
370737.45	6417293.74
370737.81	6417300.51
370744.61	6417300.16
370744.97	6417306.93
370751.77	6417306.58
370758.57	6417306.23
370765.37	6417305.88
370772.17	6417305.53
370772.53	6417312.30
370779.33	6417311.95
370779.69	6417318.72
370786.49	6417318.37
370793.29	6417318.02
370793.65	6417324.79
370800.45	6417324.44
370807.25	6417324.09
370814.05	6417323.74
370814.41	6417330.51
370814.77	6417337.28
370815.13	6417344.05
370821.93	6417343.70
370828.73	6417343.35
370829.09	6417350.12
370829.45	6417356.89
370829.81	6417363.66
370830.17	6417370.43
370823.37	6417370.78
370823.73	6417377.55
370824.09	6417384.32
370817.29	6417384.67
370817.65	6417391.44
370818.01	6417398.21
370811.21	6417398.56
370811.57	6417405.33
370811.93	6417412.10
370812.29	6417418.87
370812.65	6417425.64
370813.01	6417432.41
370806.21	6417432.76
370806.57	6417439.53
370806.93	6417446.30
370807.29	6417453.07
370807.65	6417459.84
370808.01	6417466.61
370808.37	6417473.38
370808.73	6417480.15
370809.09	6417486.92
370809.45	6417493.69
370809.81	6417500.46
370816.61	6417500.11
370816.97	6417506.88
370817.33	6417513.65
370817.69	6417520.42
370818.05	6417527.19
370818.41	6417533.96
370825.21	6417533.61
370825.57	6417540.38
370825.93	6417547.15
370826.29	6417553.92
370833.09	6417553.57
370833.45	6417560.34
370833.81	6417567.11
370834.17	6417573.88
370840.97	6417573.53
370841.33	6417580.30
370841.69	6417587.07
370842.05	6417593.84
370842.41	6417600.61
370842.77	6417607.38
370849.57	6417607.03
370849.93	6417613.80
370850.29	6417620.57
370850.65	6417627.34
370851.01	6417634.11
370851.37	6417640.88
370851.73	6417647.65
370852.09	6417654.42
370852.45	6417661.19
370852.81	6417667.96
370853.17	6417674.73
370853.53	6417681.50
370846.73	6417681.85
370847.09	6417688.62
370847.45	6417695.39
370847.81	6417702.16
370848.17	6417708.93
370848.53	6417715.70
370848.89	6417722.47
370855.69	6417722.12
370856.05	6417728.89
370856.41	6417735.66
370856.77	6417742.43
370857.13	6417749.20
370857.49	6417755.97
370857.85	6417762.74
370858.21	6417769.51
370865.01	6417769.16
370865.37	6417775.93
370865.73	6417782.70
370866.09	6417789.47
370866.45	6417796.24
370866.81	6417803.01
370873.61	6417802.66
370873.97	6417809.43
370874.33	6417816.20
370874.69	6417822.97
370875.05	6417829.74
370875.41	6417836.51
370875.77	6417843.28
370882.57	6417842.93
370882.93	6417849.70
370883.29	6417856.47
370883.65	6417863.24
370884.01	6417870.01
370884.37	6417876.78
370884.73	6417883.55
370885.09	6417890.32
370885.45	6417897.09
370878.65	6417897.44
370879.01	6417904.21
370879.37	6417910.98
370879.73	6417917.75
370880.09	6417924.52
370880.45	6417931.29
370880.81	6417938.06
370874.01	6417938.41
370874.37	6417945.18
370874.73	6417951.95
370875.09	6417958.72
370875.45	6417965.49
370868.65	6417965.84
370869.01	6417972.61
370869.37	6417979.38
370869.73	6417986.15
370870.09	6417992.92
370870.45	6417999.69
370870.81	6418006.46
370871.17	6418013.23
370871.53	6418020.00
370871.89	6418026.77
370872.25	6418033.54
370872.61	6418040.31
370872.97	6418047.08
370879.77	6418046.73
370880.13	6418053.50
370880.49	6418060.27
370880.85	6418067.04
370881.21	6418073.81
370881.57	6418080.58
370881.93	6418087.35
370882.29	6418094.12
370882.65	6418100.89
370883.01	6418107.66
370883.37	6418114.43
370883.73	6418121.20
370884.09	6418127.97
370884.45	6418134.74
370884.81	6418141.51
370885.17	6418148.28
370891.97	6418147.93
370892.33	6418154.70
370892.69	6418161.47
370899.49	6418161.12
370899.85	6418167.89
370900.21	6418174.66
370900.57	6418181.43
370907.37	6418181.08
370907.73	6418187.85
370908.09	6418194.62
370914.89	6418194.27
370915.25	6418201.04
370915.61	6418207.81
370922.41	6418207.46
370922.77	6418214.23
370929.57	6418213.88
370929.93	6418220.65
370930.29	6418227.42
370937.09	6418227.07
370937.45	6418233.84
370937.81	6418240.61
370938.17	6418247.38
370944.97	6418247.03
370945.33	6418253.80
370945.69	6418260.57
370946.05	6418267.34
370946.41	6418274.11
370946.77	6418280.88
370947.13	6418287.65
370947.49	6418294.42
370947.85	6418301.19
370948.21	6418307.96
370948.57	6418314.73
370948.93	6418321.50
370949.29	6418328.27
370949.65	6418335.04
370950.01	6418341.81
370950.37	6418348.58
370950.73	6418355.35
370943.93	6418355.70
370944.29	6418362.47
370944.65	6418369.24
370945.01	6418376.01
370951.81	6418375.66
370952.17	6418382.43
370952.53	6418389.20
370952.89	6418395.97
370953.25	6418402.74
370960.05	6418402.39
370960.41	6418409.16
370960.77	6418415.93
370961.13	6418422.70
370967.93	6418422.35
370968.29	6418429.12
370968.65	6418435.89
370969.01	6418442.66
370969.37	6418449.43
370969.73	6418456.20
370970.09	6418462.97
370970.45	6418469.74
370970.81	6418476.51
370971.17	6418483.28
370964.37	6418483.63
370957.57	6418483.98
370957.93	6418490.75
370951.13	6418491.10
370951.49	6418497.87
370944.69	6418498.22
370945.05	6418504.99
370945.41	6418511.76
370945.77	6418518.53
370946.13	6418525.30
370952.93	6418524.95
370953.29	6418531.72
370953.65	6418538.49
370960.45	6418538.14
370960.81	6418544.91
370967.61	6418544.56
370967.97	6418551.33
370974.77	6418550.98
370975.13	6418557.75
370975.49	6418564.52
370982.29	6418564.17
370982.65	6418570.94
370989.45	6418570.59
370989.81	6418577.36
370990.17	6418584.13
370996.97	6418583.78
370997.33	6418590.55
370997.69	6418597.32
371004.49	6418596.97
371004.85	6418603.74
371005.21	6418610.51
371005.57	6418617.28
371005.93	6418624.05
371006.29	6418630.82
371006.65	6418637.59
371007.01	6418644.36
371007.37	6418651.13
371007.73	6418657.90
371008.09	6418664.67
371008.45	6418671.44
371001.65	6418671.79
371002.01	6418678.56
371002.37	6418685.33
371009.17	6418684.98
371009.53	6418691.75
371009.89	6418698.52
371010.25	6418705.29
371010.61	6418712.06
371010.97	6418718.83
371011.33	6418725.60
371018.13	6418725.25
371018.49	6418732.02
371018.85	6418738.79
371019.21	6418745.56
371019.57	6418752.33
371019.93	6418759.10
371020.29	6418765.87
371020.65	6418772.64
371021.01	6418779.41
371021.37	6418786.18
371021.73	6418792.95
371022.09	6418799.72
371022.45	6418806.49
371022.81	6418813.26
371023.17	6418820.03
371023.53	6418826.80
371023.89	6418833.57
371024.25	6418840.34
371024.61	6418847.11
371024.97	6418853.88
371025.33	6418860.65
371025.69	6418867.42
371026.05	6418874.19
371026.41	6418880.96
371026.77	6418887.73
371027.13	6418894.50
371033.93	6418894.15
371034.29	6418900.92
371034.65	6418907.69
371035.01	6418914.46
371041.81	6418914.11
371042.17	6418920.88
371042.53	6418927.65
371049.33	6418927.30
371049.69	6418934.07
371050.05	6418940.84
371056.85	6418940.49
371057.21	6418947.26
371057.57	6418954.03
371057.93	6418960.80
371058.29	6418967.57
371058.65	6418974.34
371059.01	6418981.11
371059.37	6418987.88
371059.73	6418994.65
371066.53	6418994.30
371066.89	6419001.07
371067.25	6419007.84
371067.61	6419014.61
371067.97	6419021.38
371068.33	6419028.15
371068.69	6419034.92
371069.05	6419041.69
371069.41	6419048.46
371069.77	6419055.23
371070.13	6419062.00
371070.49	6419068.77
371077.29	6419068.42
371077.65	6419075.19
371078.01	6419081.96
371078.37	6419088.73
371078.73	6419095.50
371085.53	6419095.15
371085.89	6419101.92
371086.25	6419108.69
371086.61	6419115.46
371086.97	6419122.23
371087.33	6419129.00
371087.69	6419135.77
371088.05	6419142.54
371088.41	6419149.31
371081.61	6419149.66
371081.97	6419156.43
371082.33	6419163.20
371089.13	6419162.85
371089.49	6419169.62
371089.85	6419176.39
371090.21	6419183.16
371090.57	6419189.93
371097.37	6419189.58
371097.73	6419196.35
371098.09	6419203.12
371098.45	6419209.89
371098.81	6419216.66
371105.61	6419216.31
371105.97	6419223.08
371106.33	6419229.85
371106.69	6419236.62
371107.05	6419243.39
371107.41	6419250.16
371107.77	6419256.93
371108.13	6419263.70
371108.49	6419270.47
371101.69	6419270.82
371102.05	6419277.59
371095.25	6419277.94
371095.61	6419284.71
371095.97	6419291.48
371089.17	6419291.83
371089.53	6419298.60
371089.89	6419305.37
371090.25	6419312.14
371090.61	6419318.91
371090.97	6419325.68
371091.33	6419332.45
371098.13	6419332.10
371098.49	6419338.87
371098.85	6419345.64
371105.65	6419345.29
371106.01	6419352.06
371106.37	6419358.83
371113.17	6419358.48
371113.53	6419365.25
371113.89	6419372.02
371114.25	6419378.79
371121.05	6419378.44
371121.41	6419385.21
371121.77	6419391.98
371122.13	6419398.75
371122.49	6419405.52
371122.85	6419412.29
371123.21	6419419.06
371123.57	6419425.83
371123.93	6419432.60
371124.29	6419439.37
371124.65	6419446.14
371125.01	6419452.91
371125.37	6419459.68
371125.73	6419466.45
371132.53	6419466.10
371132.89	6419472.87
371133.25	6419479.64
371140.05	6419479.29
371140.41	6419486.06
371140.77	6419492.83
371147.57	6419492.48
371147.93	6419499.25
371148.29	6419506.02
371148.65	6419512.79
371149.01	6419519.56
371149.37	6419526.33
371149.73	6419533.10
371150.09	6419539.87
371150.45	6419546.64
371150.81	6419553.41
371144.01	6419553.76
371144.37	6419560.53
371144.73	6419567.30
371145.09	6419574.07
371145.45	6419580.84
371145.81	6419587.61
371146.17	6419594.38
371139.37	6419594.73
371139.73	6419601.50
371140.09	6419608.27
371146.89	6419607.92
371147.25	6419614.69
371147.61	6419621.46
371154.41	6419621.11
371154.77	6419627.88
371161.57	6419627.53
371161.21	6419620.76
371168.01	6419620.41
371167.65	6419613.64
371167.29	6419606.87
371166.93	6419600.10
371166.57	6419593.33
371166.21	6419586.56
371165.85	6419579.79
371165.49	6419573.02
371165.13	6419566.25
371164.77	6419559.48
371171.57	6419559.13
371171.21	6419552.36
371170.85	6419545.59
371170.49	6419538.82
371170.13	6419532.05
371169.77	6419525.28
371169.41	6419518.51
371169.05	6419511.74
371168.69	6419504.97
371161.89	6419505.32
371161.53	6419498.55
371161.17	6419491.78
371160.81	6419485.01
371160.45	6419478.24
371153.65	6419478.59
371153.29	6419471.82
371152.93	6419465.05
371152.57	6419458.28
371152.21	6419451.51
371145.41	6419451.86
371145.05	6419445.09
371144.69	6419438.32
371144.33	6419431.55
371143.97	6419424.78
371143.61	6419418.01
371143.25	6419411.24
371142.89	6419404.47
371142.53	6419397.70
371142.17	6419390.93
371135.37	6419391.28
371135.01	6419384.51
371134.65	6419377.74
371134.29	6419370.97
371133.93	6419364.20
371127.13	6419364.55
371126.77	6419357.78
371126.41	6419351.01
371126.05	6419344.24
371119.25	6419344.59
371118.89	6419337.82
371118.53	6419331.05
371118.17	6419324.28
371111.37	6419324.63
371111.01	6419317.86
371110.65	6419311.09
371110.29	6419304.32
371117.09	6419303.97
371116.73	6419297.20
371123.53	6419296.85
371123.17	6419290.08
371122.81	6419283.31
371129.61	6419282.96
371129.25	6419276.19
371128.89	6419269.42
371128.53	6419262.65
371128.17	6419255.88
371127.81	6419249.11
371127.45	6419242.34
371127.09	6419235.57
371120.29	6419235.92
371119.93	6419229.15
371119.57	6419222.38
371119.21	6419215.61
371118.85	6419208.84
371112.05	6419209.19
371111.69	6419202.42
371111.33	6419195.65
371110.97	6419188.88
371110.61	6419182.11
371103.81	6419182.46
371103.45	6419175.69
371103.09	6419168.92
371102.73	6419162.15
371102.37	6419155.38
371102.01	6419148.61
371101.65	6419141.84
371108.45	6419141.49
371108.09	6419134.72
371107.73	6419127.95
371107.37	6419121.18
371114.17	6419120.83
371113.81	6419114.06
371113.45	6419107.29
371113.09	6419100.52
371112.73	6419093.75
371112.37	6419086.98
371112.01	6419080.21
371111.65	6419073.44
371104.85	6419073.79
371104.49	6419067.02
371104.13	6419060.25
371097.33	6419060.60
371096.97	6419053.83
371090.17	6419054.18
371089.81	6419047.41
371089.45	6419040.64
371089.09	6419033.87
371088.73	6419027.10
371088.37	6419020.33
371088.01	6419013.56
371081.21	6419013.91
371080.85	6419007.14
371080.49	6419000.37
371080.13	6418993.60
371079.77	6418986.83
371079.41	6418980.06
371079.05	6418973.29
371078.69	6418966.52
371078.33	6418959.75
371077.97	6418952.98
371071.17	6418953.33
371070.81	6418946.56
371070.45	6418939.79
371070.09	6418933.02
371063.29	6418933.37
371062.93	6418926.60
371062.57	6418919.83
371062.21	6418913.06
371061.85	6418906.29
371055.05	6418906.64
371054.69	6418899.87
371054.33	6418893.10
371053.97	6418886.33
371053.61	6418879.56
371046.81	6418879.91
371046.45	6418873.14
371046.09	6418866.37
371045.73	6418859.60
371045.37	6418852.83
371045.01	6418846.06
371044.65	6418839.29
371051.45	6418838.94
371051.09	6418832.17
371050.73	6418825.40
371050.37	6418818.63
371050.01	6418811.86
371049.65	6418805.09
371042.85	6418805.44
371042.49	6418798.67
371042.13	6418791.90
371041.77	6418785.13
371041.41	6418778.36
371041.05	6418771.59
371040.69	6418764.82
371040.33	6418758.05
371039.97	6418751.28
371039.61	6418744.51
371039.25	6418737.74
371038.89	6418730.97
371038.53	6418724.20
371038.17	6418717.43
371037.81	6418710.66
371031.01	6418711.01
371030.65	6418704.24
371030.29	6418697.47
371029.93	6418690.70
371029.57	6418683.93
371029.21	6418677.16
371028.85	6418670.39
371028.49	6418663.62
371028.13	6418656.85
371027.77	6418650.08
371027.41	6418643.31
371027.05	6418636.54
371026.69	6418629.77
371026.33	6418623.00
371033.13	6418622.65
371032.77	6418615.88
371032.41	6418609.11
371025.61	6418609.46
371025.25	6418602.69
371024.89	6418595.92
371024.53	6418589.15
371024.17	6418582.38
371017.37	6418582.73
371017.01	6418575.96
371016.65	6418569.19
371009.85	6418569.54
371009.49	6418562.77
371002.69	6418563.12
371002.33	6418556.35
370995.53	6418556.70
370995.17	6418549.93
370994.81	6418543.16
370988.01	6418543.51
370987.65	6418536.74
370987.29	6418529.97
370980.49	6418530.32
370980.13	6418523.55
370979.77	6418516.78
370979.41	6418510.01
370986.21	6418509.66
370985.85	6418502.89
370985.49	6418496.12
370985.13	6418489.35
370991.93	6418489.00
370991.57	6418482.23
370991.21	6418475.46
370990.85	6418468.69
370990.49	6418461.92
370990.13	6418455.15
370989.77	6418448.38
370989.41	6418441.61
370989.05	6418434.84
370988.69	6418428.07
370988.33	6418421.30
370987.97	6418414.53
370981.17	6418414.88
370980.81	6418408.11
370980.45	6418401.34
370973.65	6418401.69
370973.29	6418394.92
370972.93	6418388.15
370972.57	6418381.38
370972.21	6418374.61
370971.85	6418367.84
370971.49	6418361.07
370971.13	6418354.30
370970.77	6418347.53
370977.57	6418347.18
370977.21	6418340.41
370976.85	6418333.64
370976.49	6418326.87
370976.13	6418320.10
370975.77	6418313.33
370975.41	6418306.56
370968.61	6418306.91
370968.25	6418300.14
370967.89	6418293.37
370967.53	6418286.60
370967.17	6418279.83
370973.97	6418279.48
370973.61	6418272.71
370980.41	6418272.36
370980.05	6418265.59
370979.69	6418258.82
370972.89	6418259.17
370972.53	6418252.40
370965.73	6418252.75
370965.37	6418245.98
370958.57	6418246.33
370958.21	6418239.56
370957.85	6418232.79
370957.49	6418226.02
370957.13	6418219.25
370950.33	6418219.60
370949.97	6418212.83
370943.17	6418213.18
370942.81	6418206.41
370942.45	6418199.64
370942.09	6418192.87
370948.89	6418192.52
370955.69	6418192.17
370962.49	6418191.82
370969.29	6418191.47
370976.09	6418191.12
370976.45	6418197.89
370983.25	6418197.54
370983.61	6418204.31
370990.41	6418203.96
370990.05	6418197.19
370996.85	6418196.84
371003.65	6418196.49
371010.45	6418196.14
371010.81	6418202.91
371017.61	6418202.56
371017.25	6418195.79
371024.05	6418195.44
371030.85	6418195.09
371037.65	6418194.74
371037.29	6418187.97
371044.09	6418187.62
371050.89	6418187.27
371057.69	6418186.92
371058.05	6418193.69
371058.41	6418200.46
371065.21	6418200.11
371065.57	6418206.88
371072.37	6418206.53
371072.01	6418199.76
371078.81	6418199.41
371078.45	6418192.64
371078.09	6418185.87
371077.73	6418179.10
371077.37	6418172.33
371077.01	6418165.56
371076.65	6418158.79
371076.29	6418152.02
371075.93	6418145.25
371075.57	6418138.48
371075.21	6418131.71
371074.85	6418124.94
371074.49	6418118.17
371074.13	6418111.40
371073.77	6418104.63
371073.41	6418097.86
371073.05	6418091.09
371072.69	6418084.32
371072.33	6418077.55
371071.97	6418070.78
371071.61	6418064.01
371071.25	6418057.24
371070.89	6418050.47
371070.53	6418043.70
371077.33	6418043.35
371076.97	6418036.58
371076.61	6418029.81
371076.25	6418023.04
371075.89	6418016.27
371075.53	6418009.50
371075.17	6418002.73
371074.81	6417995.96
371074.45	6417989.19
371074.09	6417982.42
371073.73	6417975.65
371073.37	6417968.88
371073.01	6417962.11
371072.65	6417955.34
371072.29	6417948.57
371071.93	6417941.80
371071.57	6417935.03
371071.21	6417928.26
371070.85	6417921.49
371070.49	6417914.72
371070.13	6417907.95
371069.77	6417901.18
371069.41	6417894.41
371069.05	6417887.64
371062.25	6417887.99
371061.89	6417881.22
371061.53	6417874.45
371054.73	6417874.80
371054.37	6417868.03
371047.57	6417868.38
371047.21	6417861.61
371040.41	6417861.96
371033.61	6417862.31
371033.25	6417855.54
371026.45	6417855.89
371019.65	6417856.24
371012.85	6417856.59
371006.05	6417856.94
370999.25	6417857.29
370998.89	6417850.52
370992.09	6417850.87
370985.29	6417851.22
370978.49	6417851.57
370971.69	6417851.92
370972.05	6417858.69
370965.25	6417859.04
370958.45	6417859.39
370951.65	6417859.74
370952.01	6417866.51
370945.21	6417866.86
370938.41	6417867.21
370938.77	6417873.98
370931.97	6417874.33
370925.17	6417874.68
370925.53	6417881.45
370918.73	6417881.80
370911.93	6417882.15
370905.13	6417882.50
370904.77	6417875.73
370904.41	6417868.96
370904.05	6417862.19
370903.69	6417855.42
370903.33	6417848.65
370902.97	6417841.88
370902.61	6417835.11
370902.25	6417828.34
370901.89	6417821.57
370901.53	6417814.80
370894.73	6417815.15
370894.37	6417808.38
370894.01	6417801.61
370893.65	6417794.84
370893.29	6417788.07
370892.93	6417781.30
370892.57	6417774.53
370892.21	6417767.76
370891.85	6417760.99
370885.05	6417761.34
370884.69	6417754.57
370884.33	6417747.80
370883.97	6417741.03
370877.17	6417741.38
370876.81	6417734.61
370876.45	6417727.84
370876.09	6417721.07
370875.73	6417714.30
370875.37	6417707.53
370875.01	6417700.76
370874.65	6417693.99
370874.29	6417687.22
370873.93	6417680.45
370873.57	6417673.68
370880.37	6417673.33
370880.01	6417666.56
370879.65	6417659.79
370879.29	6417653.02
370878.93	6417646.25
370878.57	6417639.48
370878.21	6417632.71
370877.85	6417625.94
370877.49	6417619.17
370877.13	6417612.40
370870.33	6417612.75
370869.97	6417605.98
370869.61	6417599.21
370869.25	6417592.44
370862.45	6417592.79
370862.09	6417586.02
370861.73	6417579.25
370854.93	6417579.60
370854.57	6417572.83
370854.21	6417566.06
370853.85	6417559.29
370853.49	6417552.52
370853.13	6417545.75
370852.77	6417538.98
370852.41	6417532.21
370852.05	6417525.44
370851.69	6417518.67
370844.89	6417519.02
370844.53	6417512.25
370844.17	6417505.48
370843.81	6417498.71
370843.45	6417491.94
370836.65	6417492.29
370836.29	6417485.52
370835.93	6417478.75
370835.57	6417471.98
370835.21	6417465.21
370834.85	6417458.44
370834.49	6417451.67
370834.13	6417444.90
370833.77	6417438.13
370833.41	6417431.36
370833.05	6417424.59
370839.85	6417424.24
370839.49	6417417.47
370839.13	6417410.70
370838.77	6417403.93
370845.57	6417403.58
370845.21	6417396.81
370844.85	6417390.04
370851.65	6417389.69
370851.29	6417382.92
370850.93	6417376.15
370850.57	6417369.38
370850.21	6417362.61
370857.01	6417362.26
370856.65	6417355.49
370863.45	6417355.14
370863.09	6417348.37
370862.73	6417341.60
370862.37	6417334.83
370862.01	6417328.06
370855.21	6417328.41
370854.85	6417321.64
370848.05	6417321.99
370847.69	6417315.22
370840.89	6417315.57
370834.09	6417315.92
370833.73	6417309.15
370833.37	6417302.38
370826.57	6417302.73
370826.21	6417295.96
370819.41	6417296.31
370819.05	6417289.54
370812.25	6417289.89
370811.89	6417283.12
370805.09	6417283.47
370804.73	6417276.70
370797.93	6417277.05
370791.13	6417277.40
370790.77	6417270.63
370783.97	6417270.98
370783.61	6417264.21
370783.25	6417257.44
370782.89	6417250.67
370782.53	6417243.90
370789.33	6417243.55
370788.97	6417236.78
370788.61	6417230.01
370788.25	6417223.24
370795.05	6417222.89
370794.69	6417216.12
370794.33	6417209.35
370801.13	6417209.00
370800.77	6417202.23
370800.41	6417195.46
370800.05	6417188.69
370799.69	6417181.92
370799.33	6417175.15
370806.13	6417174.80
370805.77	6417168.03
370805.41	6417161.26
370805.05	6417154.49
370804.69	6417147.72
370804.33	6417140.95
370811.13	6417140.60
370810.77	6417133.83
370810.41	6417127.06
370817.21	6417126.71
370824.01	6417126.36
370830.81	6417126.01
370830.45	6417119.24
370830.09	6417112.47
370829.73	6417105.70
370836.53	6417105.35
370836.17	6417098.58
370835.81	6417091.81
370842.61	6417091.46
370842.25	6417084.69
370849.05	6417084.34
370855.85	6417083.99
370855.49	6417077.22
370862.29	6417076.87
370861.93	6417070.10
370868.73	6417069.75
370875.53	6417069.40
370882.33	6417069.05
370889.13	6417068.70
370895.93	6417068.35
370902.73	6417068.00
370909.53	6417067.65
370916.33	6417067.30
370916.69	6417074.07
370917.05	6417080.84
370917.41	6417087.61
370917.77	6417094.38
370910.97	6417094.73
370911.33	6417101.50
370904.53	6417101.85
370904.89	6417108.62
370905.25	6417115.39
370905.61	6417122.16
370898.81	6417122.51
370892.01	6417122.86
370892.37	6417129.63
370885.57	6417129.98
370878.77	6417130.33
370879.13	6417137.10
370879.49	6417143.87
370872.69	6417144.22
370873.05	6417150.99
370873.41	6417157.76
370873.77	6417164.53
370874.13	6417171.30
370874.49	6417178.07
370874.85	6417184.84
370875.21	6417191.61
370875.57	6417198.38
370875.93	6417205.15
370882.73	6417204.80
370889.53	6417204.45
370896.33	6417204.10
370895.97	6417197.33
370902.77	6417196.98
370909.57	6417196.63
370909.21	6417189.86
370916.01	6417189.51
370922.81	6417189.16
370929.61	6417188.81
370929.97	6417195.58
370936.77	6417195.23
370937.13	6417202.00
370937.49	6417208.77
370944.29	6417208.42
370951.09	6417208.07
370950.73	6417201.30
370950.37	6417194.53
370950.01	6417187.76
370949.65	6417180.99
370956.45	6417180.64
370956.09	6417173.87
370955.73	6417167.10
370955.37	6417160.33
370955.01	6417153.56
370954.65	6417146.79
370961.45	6417146.44
370961.09	6417139.67
370960.73	6417132.90
370960.37	6417126.13
370960.01	6417119.36
370966.81	6417119.01
370966.45	6417112.24
370966.09	6417105.47
370965.73	6417098.70
370965.37	6417091.93
370965.01	6417085.16
370971.81	6417084.81
370971.45	6417078.04
370971.09	6417071.27
370970.73	6417064.50
370977.53	6417064.15
370984.33	6417063.80
370991.13	6417063.45
370991.49	6417070.22
370998.29	6417069.87
370998.65	6417076.64
371005.45	6417076.29
371012.25	6417075.94
371011.89	6417069.17
371011.53	6417062.40
371018.33	6417062.05
371017.97	6417055.28
371017.61	6417048.51
371017.25	6417041.74
371016.89	6417034.97
371016.53	6417028.20
371009.73	6417028.55
371009.37	6417021.78
371009.01	6417015.01
371008.65	6417008.24
371001.85	6417008.59
371001.49	6417001.82
371001.13	6416995.05
371000.77	6416988.28
371000.41	6416981.51
371000.05	6416974.74
370999.69	6416967.97
371006.49	6416967.62
371006.13	6416960.85
371005.77	6416954.08
371012.57	6416953.73
371012.21	6416946.96
371011.85	6416940.19
371018.65	6416939.84
371025.45	6416939.49
371025.09	6416932.72
371024.73	6416925.95
371031.53	6416925.60
371031.17	6416918.83
371030.81	6416912.06
371037.61	6416911.71
371037.25	6416904.94
371036.89	6416898.17
371043.69	6416897.82
371043.33	6416891.05
371042.97	6416884.28
371049.77	6416883.93
371049.41	6416877.16
371049.05	6416870.39
371055.85	6416870.04
371055.49	6416863.27
371055.13	6416856.50
371054.77	6416849.73
371054.41	6416842.96
371054.05	6416836.19
371060.85	6416835.84
371060.49	6416829.07
371067.29	6416828.72
371066.93	6416821.95
371066.57	6416815.18
371073.37	6416814.83
371073.01	6416808.06
371072.65	6416801.29
371079.45	6416800.94
371079.09	6416794.17
371078.73	6416787.40
371078.37	6416780.63
371085.17	6416780.28
371084.81	6416773.51
371091.61	6416773.16
371091.25	6416766.39
371090.89	6416759.62
371097.69	6416759.27
371097.33	6416752.50
371096.97	6416745.73
371103.77	6416745.38
371103.41	6416738.61
371110.21	6416738.26
371109.85	6416731.49
371116.65	6416731.14
371116.29	6416724.37
371123.09	6416724.02
371122.73	6416717.25
371129.53	6416716.90
371129.17	6416710.13
371135.97	6416709.78
371135.61	6416703.01
371142.41	6416702.66
371142.05	6416695.89
371148.85	6416695.54
371148.49	6416688.77
371155.29	6416688.42
371154.93	6416681.65
371161.73	6416681.30
371161.37	6416674.53
371161.01	6416667.76
371167.81	6416667.41
371167.45	6416660.64
371174.25	6416660.29
371173.89	6416653.52
371180.69	6416653.17
371180.33	6416646.40
371179.97	6416639.63
371186.77	6416639.28
371186.41	6416632.51
371193.21	6416632.16
371192.85	6416625.39
371199.65	6416625.04
371199.29	6416618.27
371206.09	6416617.92
371205.73	6416611.15
371212.53	6416610.80
371212.17	6416604.03
371211.81	6416597.26
371218.61	6416596.91
371218.25	6416590.14
371225.05	6416589.79
371224.69	6416583.02
371231.49	6416582.67
371231.13	6416575.90
371237.93	6416575.55
371237.57	6416568.78
371244.37	6416568.43
371244.01	6416561.66
371250.81	6416561.31
371257.61	6416560.96
371264.41	6416560.61
371271.21	6416560.26
371278.01	6416559.91
371284.81	6416559.56
371291.61	6416559.21
371298.41	6416558.86
371305.21	6416558.51
371312.01	6416558.16
371312.37	6416564.93
371319.17	6416564.58
371319.53	6416571.35
371326.33	6416571.00
371333.13	6416570.65
371333.49	6416577.42
371340.29	6416577.07
371347.09	6416576.72
371353.89	6416576.37
371360.69	6416576.02
371360.33	6416569.25
371367.13	6416568.90
371373.93	6416568.55
371373.57	6416561.78
371380.37	6416561.43
371380.01	6416554.66
371386.81	6416554.31
371386.45	6416547.54
371393.25	6416547.19
371392.89	6416540.42
371399.69	6416540.07
371399.33	6416533.30
371406.13	6416532.95
371405.77	6416526.18
371412.57	6416525.83
371419.37	6416525.48
371419.01	6416518.71
371425.81	6416518.36
371425.45	6416511.59
371432.25	6416511.24
371431.89	6416504.47
371438.69	6416504.12
371438.33	6416497.35
371445.13	6416497.00
371444.77	6416490.23
371451.57	6416489.88
371451.21	6416483.11
371458.01	6416482.76
371457.65	6416475.99
371464.45	6416475.64
371464.09	6416468.87
371470.89	6416468.52
371470.53	6416461.75
371477.33	6416461.40
371484.13	6416461.05
371483.77	6416454.28
371490.57	6416453.93
371490.21	6416447.16
371497.01	6416446.81
371503.81	6416446.46
371503.45	6416439.69
371510.25	6416439.34
371517.05	6416438.99
371516.69	6416432.22
371523.49	6416431.87
371523.13	6416425.10
371522.77	6416418.33
371515.97	6416418.68
371515.61	6416411.91
371508.81	6416412.26
371508.45	6416405.49
371508.09	6416398.72
371507.73	6416391.95
371514.53	6416391.60
371521.33	6416391.25
371520.97	6416384.48
371527.77	6416384.13
371527.41	6416377.36
371527.05	6416370.59
371533.85	6416370.24
371533.49	6416363.47
371540.29	6416363.12
371539.93	6416356.35
371546.73	6416356.00
371553.53	6416355.65
371560.33	6416355.30
371559.97	6416348.53
371566.77	6416348.18
371573.57	6416347.83
371573.21	6416341.06
371580.01	6416340.71
371586.81	6416340.36
371593.61	6416340.01
371600.41	6416339.66
371600.05	6416332.89
371606.85	6416332.54
371606.49	6416325.77
371613.29	6416325.42
371612.93	6416318.65
371619.73	6416318.30
371619.37	6416311.53
371626.17	6416311.18
371632.97	6416310.83
371632.61	6416304.06
371639.41	6416303.71
371639.05	6416296.94
371645.85	6416296.59
371645.49	6416289.82
371652.29	6416289.47
371651.93	6416282.70
371658.73	6416282.35
371658.37	6416275.58
371665.17	6416275.23
371664.81	6416268.46
371671.61	6416268.11
371671.25	6416261.34
371678.05	6416260.99
371677.69	6416254.22
371684.49	6416253.87
371684.13	6416247.10
371690.93	6416246.75
371690.57	6416239.98
371697.37	6416239.63
371697.01	6416232.86
371696.65	6416226.09
371703.45	6416225.74
371703.09	6416218.97
371709.89	6416218.62
371709.53	6416211.85
371716.33	6416211.50
371715.97	6416204.73
371715.61	6416197.96
371722.41	6416197.61
371722.05	6416190.84
371721.69	6416184.07
371721.33	6416177.30
371714.53	6416177.65
371714.17	6416170.88
371713.81	6416164.11
371707.01	6416164.46
371706.65	6416157.69
371706.29	6416150.92
371705.93	6416144.15
371705.57	6416137.38
371712.37	6416137.03
371719.17	6416136.68
371725.97	6416136.33
371732.77	6416135.98
371733.13	6416142.75
371733.49	6416149.52
371740.29	6416149.17
371747.09	6416148.82
371753.89	6416148.47
371753.53	6416141.70
371753.17	6416134.93
371759.97	6416134.58
371766.77	6416134.23
371766.41	6416127.46
371766.05	6416120.69
371765.69	6416113.92
371765.33	6416107.15
371758.53	6416107.50
371758.17	6416100.73
371757.81	6416093.96
371757.45	6416087.19
371757.09	6416080.42
371756.73	6416073.65
371756.37	6416066.88
371756.01	6416060.11
371755.65	6416053.34
371755.29	6416046.57
371754.93	6416039.80
371754.57	6416033.03
371754.21	6416026.26
371753.85	6416019.49
371747.05	6416019.84
371746.69	6416013.07
371746.33	6416006.30
371745.97	6415999.53
371745.61	6415992.76
371745.25	6415985.99
371744.89	6415979.22
371744.53	6415972.45
371744.17	6415965.68
371743.81	6415958.91
371743.45	6415952.14
371743.09	6415945.37
371742.73	6415938.60
371742.37	6415931.83
371742.01	6415925.06
371735.21	6415925.41
371734.85	6415918.64
371734.49	6415911.87
371734.13	6415905.10
371733.77	6415898.33
371733.41	6415891.56
371733.05	6415884.79
371732.69	6415878.02
371732.33	6415871.25
371731.97	6415864.48
371738.77	6415864.13
371745.57	6415863.78
371752.37	6415863.43
371752.73	6415870.20
371759.53	6415869.85
371759.89	6415876.62
371760.25	6415883.39
371760.61	6415890.16
371767.41	6415889.81
371767.77	6415896.58
371768.13	6415903.35
371774.93	6415903.00
371781.73	6415902.65
371788.53	6415902.30
371788.17	6415895.53
371787.81	6415888.76
371794.61	6415888.41
371801.41	6415888.06
371801.05	6415881.29
371807.85	6415880.94
371807.49	6415874.17
371814.29	6415873.82
371821.09	6415873.47
371820.73	6415866.70
371820.37	6415859.93
371827.17	6415859.58
371826.81	6415852.81
371833.61	6415852.46
371833.25	6415845.69
371832.89	6415838.92
371832.53	6415832.15
371832.17	6415825.38
371831.81	6415818.61
371831.45	6415811.84
371838.25	6415811.49
371837.89	6415804.72
371837.53	6415797.95
371844.33	6415797.60
371843.97	6415790.83
371843.61	6415784.06
371843.25	6415777.29
371850.05	6415776.94
371849.69	6415770.17
371856.49	6415769.82
371856.13	6415763.05
371855.77	6415756.28
371862.57	6415755.93
371862.21	6415749.16
371861.85	6415742.39
371861.49	6415735.62
371861.13	6415728.85
371867.93	6415728.50
371867.57	6415721.73
371867.21	6415714.96
371866.85	6415708.19
371873.65	6415707.84
371873.29	6415701.07
371872.93	6415694.30
371872.57	6415687.53
371879.37	6415687.18
371879.01	6415680.41
371878.65	6415673.64
371885.45	6415673.29
371885.09	6415666.52
371891.89	6415666.17
371891.53	6415659.40
371898.33	6415659.05
371897.97	6415652.28
371904.77	6415651.93
371904.41	6415645.16
371911.21	6415644.81
371910.85	6415638.04
371917.65	6415637.69
371917.29	6415630.92
371924.09	6415630.57
371923.73	6415623.80
371930.53	6415623.45
371937.33	6415623.10
371936.97	6415616.33
371943.77	6415615.98
371943.41	6415609.21
371950.21	6415608.86
371949.85	6415602.09
371956.65	6415601.74
371956.29	6415594.97
371963.09	6415594.62
371969.89	6415594.27
371969.53	6415587.50
371976.33	6415587.15
371975.97	6415580.38
371982.77	6415580.03
371982.41	6415573.26
371989.21	6415572.91
371988.85	6415566.14
371995.65	6415565.79
371995.29	6415559.02
372002.09	6415558.67
372008.89	6415558.32
372008.53	6415551.55
372015.33	6415551.20
372022.13	6415550.85
372028.93	6415550.50
372028.57	6415543.73
372028.21	6415536.96
372035.01	6415536.61
372041.81	6415536.26
372048.61	6415535.91
372055.41	6415535.56
372055.77	6415542.33
372062.57	6415541.98
372069.37	6415541.63
372069.73	6415548.40
372076.53	6415548.05
372076.89	6415554.82
372083.69	6415554.47
372084.05	6415561.24
372090.85	6415560.89
372097.65	6415560.54
372098.01	6415567.31
372104.81	6415566.96
372105.17	6415573.73
372111.97	6415573.38
372118.77	6415573.03
372119.13	6415579.80
372125.93	6415579.45
372132.73	6415579.10
372139.53	6415578.75
372139.89	6415585.52
372146.69	6415585.17
372147.05	6415591.94
372153.85	6415591.59
372154.21	6415598.36
372161.01	6415598.01
372161.37	6415604.78
372168.17	6415604.43
372174.97	6415604.08
372181.77	6415603.73
372188.57	6415603.38
372188.21	6415596.61
372195.01	6415596.26
372201.81	6415595.91
372208.61	6415595.56
372208.25	6415588.79
372215.05	6415588.44
372221.85	6415588.09
372228.65	6415587.74
372228.29	6415580.97
372235.09	6415580.62
372241.89	6415580.27
372241.53	6415573.50
372248.33	6415573.15
372255.13	6415572.80
372254.77	6415566.03
372261.57	6415565.68
372268.37	6415565.33
372268.01	6415558.56
372274.81	6415558.21
372281.61	6415557.86
372281.25	6415551.09
372288.05	6415550.74
372287.69	6415543.97
372294.49	6415543.62
372301.29	6415543.27
372300.93	6415536.50
372307.73	6415536.15
372307.37	6415529.38
372314.17	6415529.03
372320.97	6415528.68
372320.61	6415521.91
372327.41	6415521.56
372327.05	6415514.79
372333.85	6415514.44
372340.65	6415514.09
372340.29	6415507.32
372347.09	6415506.97
372346.73	6415500.20
372353.53	6415499.85
372360.33	6415499.50
372359.97	6415492.73
372366.77	6415492.38
372366.41	6415485.61
372373.21	6415485.26
372372.85	6415478.49
372372.49	6415471.72
372379.29	6415471.37
372378.93	6415464.60
372385.73	6415464.25
372385.37	6415457.48
372392.17	6415457.13
372391.81	6415450.36
372398.61	6415450.01
372398.25	6415443.24
372405.05	6415442.89
372404.69	6415436.12
372411.49	6415435.77
372411.13	6415429.00
372417.93	6415428.65
372417.57	6415421.88
372424.37	6415421.53
372424.01	6415414.76
372430.81	6415414.41
372430.45	6415407.64
372437.25	6415407.29
372436.89	6415400.52
372443.69	6415400.17
372443.33	6415393.40
372442.97	6415386.63
372449.77	6415386.28
372449.41	6415379.51
372456.21	6415379.16
372455.85	6415372.39
372455.49	6415365.62
372462.29	6415365.27
372469.09	6415364.92
372468.73	6415358.15
372475.53	6415357.80
372475.17	6415351.03
372481.97	6415350.68
372481.61	6415343.91
372488.41	6415343.56
372488.05	6415336.79
372494.85	6415336.44
372494.49	6415329.67
372501.29	6415329.32
372500.93	6415322.55
372507.73	6415322.20
372507.37	6415315.43
372514.17	6415315.08
372520.97	6415314.73
372520.61	6415307.96
372527.41	6415307.61
372534.21	6415307.26
372533.85	6415300.49
372540.65	6415300.14
372540.29	6415293.37
372547.09	6415293.02
372553.89	6415292.67
372553.53	6415285.90
372560.33	6415285.55
372559.97	6415278.78
372566.77	6415278.43
372566.41	6415271.66
372573.21	6415271.31
372580.01	6415270.96
372579.65	6415264.19
372586.45	6415263.84
372586.09	6415257.07
372592.89	6415256.72
372592.53	6415249.95
372599.33	6415249.60
372598.97	6415242.83
372605.77	6415242.48
372605.41	6415235.71
372612.21	6415235.36
372611.85	6415228.59
372618.65	6415228.24
372625.45	6415227.89
372625.09	6415221.12
372624.73	6415214.35
372631.53	6415214.00
372631.17	6415207.23
372637.97	6415206.88
372637.61	6415200.11
372644.41	6415199.76
372644.05	6415192.99
372650.85	6415192.64
372650.49	6415185.87
372657.29	6415185.52
372656.93	6415178.75
372663.73	6415178.40
372663.37	6415171.63
372670.17	6415171.28
372669.81	6415164.51
372676.61	6415164.16
372676.25	6415157.39
372675.89	6415150.62
372682.69	6415150.27
372682.33	6415143.50
372689.13	6415143.15
372688.77	6415136.38
372695.57	6415136.03
372695.21	6415129.26
372702.01	6415128.91
372701.65	6415122.14
372708.45	6415121.79
372708.09	6415115.02
372714.89	6415114.67
372721.69	6415114.32
372728.49	6415113.97
372728.13	6415107.20
372727.77	6415100.43
372734.57	6415100.08
372734.21	6415093.31
372733.85	6415086.54
372740.65	6415086.19
372740.29	6415079.42
372747.09	6415079.07
372753.89	6415078.72
372760.69	6415078.37
372767.49	6415078.02
372774.29	6415077.67
372781.09	6415077.32
372787.89	6415076.97
372794.69	6415076.62
372801.49	6415076.27
372801.13	6415069.50
372807.93	6415069.15
372807.57	6415062.38
372814.37	6415062.03
372821.17	6415061.68
372820.81	6415054.91
372827.61	6415054.56
372827.25	6415047.79
372834.05	6415047.44
372833.69	6415040.67
372840.49	6415040.32
372840.13	6415033.55
372839.77	6415026.78
372846.57	6415026.43
372846.21	6415019.66
372853.01	6415019.31
372852.65	6415012.54
372852.29	6415005.77
372859.09	6415005.42
372858.73	6414998.65
372865.53	6414998.30
372865.17	6414991.53
372864.81	6414984.76
372871.61	6414984.41
372871.25	6414977.64
372878.05	6414977.29
372877.69	6414970.52
372877.33	6414963.75
372884.13	6414963.40
372883.77	6414956.63
372890.57	6414956.28
372890.21	6414949.51
372889.85	6414942.74
372896.65	6414942.39
372896.29	6414935.62
372895.93	6414928.85
372902.73	6414928.50
372902.37	6414921.73
372909.17	6414921.38
372908.81	6414914.61
372908.45	6414907.84
372915.25	6414907.49
372914.89	6414900.72
372914.53	6414893.95
372921.33	6414893.60
372920.97	6414886.83
372927.77	6414886.48
372927.41	6414879.71
372927.05	6414872.94
372933.85	6414872.59
372933.49	6414865.82
372933.13	6414859.05
372939.93	6414858.70
372939.57	6414851.93
372939.21	6414845.16
372946.01	6414844.81
372945.65	6414838.04
372945.29	6414831.27
372944.93	6414824.50
372944.57	6414817.73
372951.37	6414817.38
372951.01	6414810.61
372950.65	6414803.84
372957.45	6414803.49
372957.09	6414796.72
372956.73	6414789.95
372963.53	6414789.60
372963.17	6414782.83
372962.81	6414776.06
372969.61	6414775.71
372969.25	6414768.94
372976.05	6414768.59
372975.69	6414761.82
372975.33	6414755.05
372982.13	6414754.70
372981.77	6414747.93
372981.41	6414741.16
372988.21	6414740.81
372987.85	6414734.04
372994.65	6414733.69
372994.29	6414726.92
373001.09	6414726.57
373000.73	6414719.80
373007.53	6414719.45
373007.17	6414712.68
373013.97	6414712.33
373013.61	6414705.56
373013.25	6414698.79
373020.05	6414698.44
373019.69	6414691.67
373026.49	6414691.32
373026.13	6414684.55
373032.93	6414684.20
373032.57	6414677.43
373039.37	6414677.08
373039.01	6414670.31
373045.81	6414669.96
373052.61	6414669.61
373052.25	6414662.84
373059.05	6414662.49
373058.69	6414655.72
373065.49	6414655.37
373065.13	6414648.60
373064.77	6414641.83
373064.41	6414635.06
373071.21	6414634.71
373070.85	6414627.94
373077.65	6414627.59
373077.29	6414620.82
373084.09	6414620.47
373090.89	6414620.12
373090.53	6414613.35
373097.33	6414613.00
373096.97	6414606.23
373096.61	6414599.46
373103.41	6414599.11
373103.05	6414592.34
373109.85	6414591.99
373109.49	6414585.22
373109.13	6414578.45
373108.77	6414571.68
373115.57	6414571.33
373115.21	6414564.56
373122.01	6414564.21
373121.65	6414557.44
373128.45	6414557.09
373128.09	6414550.32
373127.73	6414543.55
373134.53	6414543.20
373134.17	6414536.43
373140.97	6414536.08
373147.77	6414535.73
373147.41	6414528.96
373154.21	6414528.61
373153.85	6414521.84
373160.65	6414521.49
373160.29	6414514.72
373167.09	6414514.37
373166.73	6414507.60
373173.53	6414507.25
373180.33	6414506.90
373179.97	6414500.13
373186.77	6414499.78
373186.41	6414493.01
373193.21	6414492.66
373192.85	6414485.89
373199.65	6414485.54
373199.29	6414478.77
373206.09	6414478.42
373205.73	6414471.65
373212.53	6414471.30
373219.33	6414470.95
373218.97	6414464.18
373225.77	6414463.83
373225.41	6414457.06
373232.21	6414456.71
373231.85	6414449.94
373238.65	6414449.59
373245.45	6414449.24
373245.09	6414442.47
373251.89	6414442.12
373251.53	6414435.35
373258.33	6414435.00
373257.97	6414428.23
373264.77	6414427.88
373271.57	6414427.53
373271.21	6414420.76
373278.01	6414420.41
373277.65	6414413.64
373284.45	6414413.29
373284.09	6414406.52
373290.89	6414406.17
373297.69	6414405.82
373297.33	6414399.05
373304.13	6414398.70
373310.93	6414398.35
373310.57	6414391.58
373317.37	6414391.23
373324.17	6414390.88
373323.81	6414384.11
373330.61	6414383.76
373330.25	6414376.99
373337.05	6414376.64
373343.85	6414376.29
373343.49	6414369.52
373350.29	6414369.17
373357.09	6414368.82
373356.73	6414362.05
373363.53	6414361.70
373370.33	6414361.35
373369.97	6414354.58
373376.77	6414354.23
373383.57	6414353.88
373383.21	6414347.11
373390.01	6414346.76
373389.65	6414339.99
373396.45	6414339.64
373403.25	6414339.29
373402.89	6414332.52
373409.69	6414332.17
373416.49	6414331.82
373416.13	6414325.05
373422.93	6414324.70
373422.57	6414317.93
373429.37	6414317.58
373436.17	6414317.23
373435.81	6414310.46
373442.61	6414310.11
373449.41	6414309.76
373449.05	6414302.99
373455.85	6414302.64
373455.49	6414295.87
373462.29	6414295.52
373469.09	6414295.17
373468.73	6414288.40
373475.53	6414288.05
373482.33	6414287.70
373481.97	6414280.93
373488.77	6414280.58
373495.57	6414280.23
373502.37	6414279.88
373502.01	6414273.11
373508.81	6414272.76
373515.61	6414272.41
373522.41	6414272.06
373529.21	6414271.71
373536.01	6414271.36
373535.65	6414264.59
373542.45	6414264.24
373549.25	6414263.89
373556.05	6414263.54
373562.85	6414263.19
373562.49	6414256.42
373569.29	6414256.07
373576.09	6414255.72
373582.89	6414255.37
373589.69	6414255.02
373596.49	6414254.67
373603.29	6414254.32
373610.09	6414253.97
373616.89	6414253.62
373616.53	6414246.85
373623.33	6414246.50
373630.13	6414246.15
373636.93	6414245.80
373643.73	6414245.45
373644.09	6414252.22
373644.45	6414258.99
373644.81	6414265.76
373638.01	6414266.11
373638.37	6414272.88
373645.17	6414272.53
373651.97	6414272.18
373652.33	6414278.95
373659.13	6414278.60
373665.93	6414278.25
373665.57	6414271.48
373672.37	6414271.13
373679.17	6414270.78
373678.81	6414264.01
373685.61	6414263.66
373692.41	6414263.31
373699.21	6414262.96
373699.57	6414269.73
373699.93	6414276.50
373700.29	6414283.27
373700.65	6414290.04
373701.01	6414296.81
373701.37	6414303.58
373701.73	6414310.35
373708.53	6414310.00
373708.89	6414316.77
373715.69	6414316.42
373716.05	6414323.19
373722.85	6414322.84
373729.65	6414322.49
373736.45	6414322.14
373736.09	6414315.37
373742.89	6414315.02
373742.53	6414308.25
373749.33	6414307.90
373748.97	6414301.13
373755.77	6414300.78
373755.41	6414294.01
373762.21	6414293.66
373769.01	6414293.31
373775.81	6414292.96
373782.61	6414292.61
373789.41	6414292.26
373796.21	6414291.91
373803.01	6414291.56
373803.37	6414298.33
373810.17	6414297.98
373810.53	6414304.75
373817.33	6414304.40
373817.69	6414311.17
373824.49	6414310.82
373824.85	6414317.59
373825.21	6414324.36
373832.01	6414324.01
373832.37	6414330.78
373832.73	6414337.55
373839.53	6414337.20
373846.33	6414336.85
373853.13	6414336.50
373852.77	6414329.73
373852.41	6414322.96
373859.21	6414322.61
373858.85	6414315.84
373858.49	6414309.07
373858.13	6414302.30
373857.77	6414295.53
373857.41	6414288.76
373857.05	6414281.99
373863.85	6414281.64
373863.49	6414274.87
373870.29	6414274.52
373869.93	6414267.75
373869.57	6414260.98
373876.37	6414260.63
373876.01	6414253.86
373875.65	6414247.09
373882.45	6414246.74
373882.09	6414239.97
373888.89	6414239.62
373895.69	6414239.27
373902.49	6414238.92
373902.13	6414232.15
373901.77	6414225.38
373908.57	6414225.03
373908.21	6414218.26
373915.01	6414217.91
373914.65	6414211.14
373921.45	6414210.79
373921.09	6414204.02
373927.89	6414203.67
373927.53	6414196.90
373934.33	6414196.55
373933.97	6414189.78
373940.77	6414189.43
373940.41	6414182.66
373947.21	6414182.31
373946.85	6414175.54
373953.65	6414175.19
373953.29	6414168.42
373952.93	6414161.65
373952.57	6414154.88
373959.37	6414154.53
373959.01	6414147.76
373965.81	6414147.41
373965.45	6414140.64
373965.09	6414133.87
373971.89	6414133.52
373971.53	6414126.75
373978.33	6414126.40
373977.97	6414119.63
373984.77	6414119.28
373984.41	6414112.51
373984.05	6414105.74
373990.85	6414105.39
373990.49	6414098.62
373997.29	6414098.27
373996.93	6414091.50
373996.57	6414084.73
373996.21	6414077.96
373995.85	6414071.19
374002.65	6414070.84
374002.29	6414064.07
374001.93	6414057.30
374001.57	6414050.53
374001.21	6414043.76
374008.01	6414043.41
374007.65	6414036.64
374007.29	6414029.87
374006.93	6414023.10
374013.73	6414022.75
374013.37	6414015.98
374013.01	6414009.21
374012.65	6414002.44
374012.29	6413995.67
374011.93	6413988.90
374011.57	6413982.13
374011.21	6413975.36
374010.85	6413968.59
374017.65	6413968.24
374018.01	6413975.01
374024.81	6413974.66
374024.45	6413967.89
374024.09	6413961.12
374023.73	6413954.35
374030.53	6413954.00
374030.17	6413947.23
374029.81	6413940.46
374029.45	6413933.69
374036.25	6413933.34
374035.89	6413926.57
374035.53	6413919.80
374042.33	6413919.45
374041.97	6413912.68
374041.61	6413905.91
374048.41	6413905.56
374048.05	6413898.79
374047.69	6413892.02
374047.33	6413885.25
374046.97	6413878.48
374046.61	6413871.71
374046.25	6413864.94
374045.89	6413858.17
374052.69	6413857.82
374053.05	6413864.59
374053.41	6413871.36
374053.77	6413878.13
374054.13	6413884.90
374060.93	6413884.55
374061.29	6413891.32
374061.65	6413898.09
374062.01	6413904.86
374062.37	6413911.63
374069.17	6413911.28
374075.97	6413910.93
374082.77	6413910.58
374089.57	6413910.23
374096.37	6413909.88
374103.17	6413909.53
374109.97	6413909.18
374116.77	6413908.83
374123.57	6413908.48
374130.37	6413908.13
374130.01	6413901.36
374136.81	6413901.01
374143.61	6413900.66
374143.25	6413893.89
374150.05	6413893.54
374149.69	6413886.77
374149.33	6413880.00
374148.97	6413873.23
374148.61	6413866.46
374148.25	6413859.69
374147.89	6413852.92
374147.53	6413846.15
374147.17	6413839.38
374146.81	6413832.61
374146.45	6413825.84
374146.09	6413819.07
374145.73	6413812.30
374145.37	6413805.53
374152.17	6413805.18
374158.97	6413804.83
374165.77	6413804.48
374172.57	6413804.13
374179.37	6413803.78
374186.17	6413803.43
374192.97	6413803.08
374199.77	6413802.73
374206.57	6413802.38
374213.37	6413802.03
374220.17	6413801.68
374226.97	6413801.33
374233.77	6413800.98
374240.57	6413800.63
374247.37	6413800.28
374254.17	6413799.93
374260.97	6413799.58
374261.33	6413806.35
374268.13	6413806.00
374274.93	6413805.65
374275.29	6413812.42
374282.09	6413812.07
374288.89	6413811.72
374289.25	6413818.49
374296.05	6413818.14
374302.85	6413817.79
374303.21	6413824.56
374310.01	6413824.21
374316.81	6413823.86
374317.17	6413830.63
374323.97	6413830.28
374330.77	6413829.93
374337.57	6413829.58
374337.93	6413836.35
374344.73	6413836.00
374351.53	6413835.65
374351.89	6413842.42
374358.69	6413842.07
374365.49	6413841.72
374365.85	6413848.49
374372.65	6413848.14
374379.45	6413847.79
374386.25	6413847.44
374393.05	6413847.09
374399.85	6413846.74
374400.21	6413853.51
374407.01	6413853.16
374413.81	6413852.81
374414.17	6413859.58
374420.97	6413859.23
374427.77	6413858.88
374428.13	6413865.65
374434.93	6413865.30
374435.29	6413872.07
374442.09	6413871.72
374442.45	6413878.49
374449.25	6413878.14
374449.61	6413884.91
374456.41	6413884.56
374456.77	6413891.33
374463.57	6413890.98
374463.93	6413897.75
374470.73	6413897.40
374471.09	6413904.17
374471.45	6413910.94
374478.25	6413910.59
374478.61	6413917.36
374485.41	6413917.01
374485.77	6413923.78
374492.57	6413923.43
374492.93	6413930.20
374499.73	6413929.85
374500.09	6413936.62
374506.89	6413936.27
374507.25	6413943.04
374514.05	6413942.69
374514.41	6413949.46
374521.21	6413949.11
374521.57	6413955.88
374528.37	6413955.53
374528.73	6413962.30
374529.09	6413969.07
374535.89	6413968.72
374536.25	6413975.49
374543.05	6413975.14
374543.41	6413981.91
374550.21	6413981.56
374550.57	6413988.33
374557.37	6413987.98
374557.73	6413994.75
374564.53	6413994.40
374564.89	6414001.17
374571.69	6414000.82
374572.05	6414007.59
374578.85	6414007.24
374579.21	6414014.01
374586.01	6414013.66
374586.37	6414020.43
374586.73	6414027.20
374593.53	6414026.85
374593.89	6414033.62
374594.25	6414040.39
374601.05	6414040.04
374601.41	6414046.81
374601.77	6414053.58
374608.57	6414053.23
374608.93	6414060.00
374615.73	6414059.65
374622.53	6414059.30
374622.89	6414066.07
374629.69	6414065.72
374630.05	6414072.49
374636.85	6414072.14
374637.21	6414078.91
374644.01	6414078.56
374650.81	6414078.21
374651.17	6414084.98
374657.97	6414084.63
374658.33	6414091.40
374665.13	6414091.05
374665.49	6414097.82
374672.29	6414097.47
374679.09	6414097.12
374679.45	6414103.89
374686.25	6414103.54
374693.05	6414103.19
374693.41	6414109.96
374700.21	6414109.61
374707.01	6414109.26
374707.37	6414116.03
374714.17	6414115.68
374720.97	6414115.33
374721.33	6414122.10
374728.13	6414121.75
374734.93	6414121.40
374735.29	6414128.17
374742.09	6414127.82
374748.89	6414127.47
374755.69	6414127.12
374756.05	6414133.89
374762.85	6414133.54
374769.65	6414133.19
374776.45	6414132.84
374776.81	6414139.61
374783.61	6414139.26
374790.41	6414138.91
374790.77	6414145.68
374797.57	6414145.33
374804.37	6414144.98
374804.73	6414151.75
374811.53	6414151.40
374811.89	6414158.17
374818.69	6414157.82
374825.49	6414157.47
374825.85	6414164.24
374832.65	6414163.89
374833.01	6414170.66
374839.81	6414170.31
374840.17	6414177.08
374846.97	6414176.73
374847.33	6414183.50
374854.13	6414183.15
374854.49	6414189.92
374861.29	6414189.57
374868.09	6414189.22
374868.45	6414195.99
374875.25	6414195.64
374875.61	6414202.41
374882.41	6414202.06
374882.77	6414208.83
374889.57	6414208.48
374889.93	6414215.25
374896.73	6414214.90
374897.09	6414221.67
374903.89	6414221.32
374904.25	6414228.09
374911.05	6414227.74
374911.41	6414234.51
374918.21	6414234.16
374925.01	6414233.81
374931.81	6414233.46
374931.45	6414226.69
374931.09	6414219.92
374930.73	6414213.15
374923.93	6414213.50
374923.57	6414206.73
374923.21	6414199.96
374916.41	6414200.31
374916.05	6414193.54
374909.25	6414193.89
374902.45	6414194.24
374902.09	6414187.47
374895.29	6414187.82
374894.93	6414181.05
374888.13	6414181.40
374887.77	6414174.63
374880.97	6414174.98
374880.61	6414168.21
374873.81	6414168.56
374873.45	6414161.79
374866.65	6414162.14
374859.85	6414162.49
374859.49	6414155.72
374852.69	6414156.07
374852.33	6414149.30
374845.53	6414149.65
374845.17	6414142.88
374838.37	6414143.23
374838.01	6414136.46
374831.21	6414136.81
374824.41	6414137.16
374824.05	6414130.39
374817.25	6414130.74
374816.89	6414123.97
374810.09	6414124.32
374803.29	6414124.67
374802.93	6414117.90
374796.13	6414118.25
374789.33	6414118.60
374788.97	6414111.83
374782.17	6414112.18
374775.37	6414112.53
374768.57	6414112.88
374768.21	6414106.11
374761.41	6414106.46
374754.61	6414106.81
374747.81	6414107.16
374747.45	6414100.39
374740.65	6414100.74
374733.85	6414101.09
374733.49	6414094.32
374726.69	6414094.67
374719.89	6414095.02
374719.53	6414088.25
374712.73	6414088.60
374705.93	6414088.95
374705.57	6414082.18
374698.77	6414082.53
374691.97	6414082.88
374691.61	6414076.11
374684.81	6414076.46
374678.01	6414076.81
374677.65	6414070.04
374670.85	6414070.39
374670.49	6414063.62
374663.69	6414063.97
374663.33	6414057.20
374656.53	6414057.55
374649.73	6414057.90
374649.37	6414051.13
374642.57	6414051.48
374642.21	6414044.71
374635.41	6414045.06
374635.05	6414038.29
374628.25	6414038.64
374621.45	6414038.99
374621.09	6414032.22
374620.73	6414025.45
374613.93	6414025.80
374613.57	6414019.03
374613.21	6414012.26
374606.41	6414012.61
374606.05	6414005.84
374605.69	6413999.07
374605.33	6413992.30
374598.53	6413992.65
374598.17	6413985.88
374591.37	6413986.23
374591.01	6413979.46
374584.21	6413979.81
374583.85	6413973.04
374577.05	6413973.39
374576.69	6413966.62
374569.89	6413966.97
374569.53	6413960.20
374562.73	6413960.55
374555.93	6413960.90
374555.57	6413954.13
374555.21	6413947.36
374548.41	6413947.71
374548.05	6413940.94
374541.25	6413941.29
374540.89	6413934.52
374534.09	6413934.87
374533.73	6413928.10
374526.93	6413928.45
374526.57	6413921.68
374526.21	6413914.91
374519.41	6413915.26
374519.05	6413908.49
374512.25	6413908.84
374505.45	6413909.19
374505.09	6413902.42
374498.29	6413902.77
374497.93	6413896.00
374491.13	6413896.35
374490.77	6413889.58
374490.41	6413882.81
374483.61	6413883.16
374483.25	6413876.39
374476.45	6413876.74
374476.09	6413869.97
374469.29	6413870.32
374468.93	6413863.55
374462.13	6413863.90
374461.77	6413857.13
374461.41	6413850.36
374454.61	6413850.71
374447.81	6413851.06
374447.45	6413844.29
374440.65	6413844.64
374440.29	6413837.87
374433.49	6413838.22
374426.69	6413838.57
374426.33	6413831.80
374419.53	6413832.15
374419.17	6413825.38
374412.37	6413825.73
374405.57	6413826.08
374398.77	6413826.43
374398.41	6413819.66
374391.61	6413820.01
374384.81	6413820.36
374378.01	6413820.71
374371.21	6413821.06
374364.41	6413821.41
374364.05	6413814.64
374357.25	6413814.99
374350.45	6413815.34
374350.09	6413808.57
374343.29	6413808.92
374336.49	6413809.27
374329.69	6413809.62
374329.33	6413802.85
374322.53	6413803.20
374315.73	6413803.55
374315.37	6413796.78
374308.57	6413797.13
374301.77	6413797.48
374301.41	6413790.71
374294.61	6413791.06
374287.81	6413791.41
374287.45	6413784.64
374280.65	6413784.99
374273.85	6413785.34
374273.49	6413778.57
374266.69	6413778.92
374259.89	6413779.27
374253.09	6413779.62
374246.29	6413779.97
374239.49	6413780.32
374232.69	6413780.67
374225.89	6413781.02
374219.09	6413781.37
374212.29	6413781.72
374205.49	6413782.07
374198.69	6413782.42
374191.89	6413782.77
374185.09	6413783.12
374178.29	6413783.47
374171.49	6413783.82
374164.69	6413784.17
374157.89	6413784.52
374151.09	6413784.87
374144.29	6413785.22
374137.49	6413785.57
374130.69	6413785.92
374123.89	6413786.27
374124.25	6413793.04
374124.61	6413799.81
374124.97	6413806.58
374125.33	6413813.35
374125.69	6413820.12
374118.89	6413820.47
374119.25	6413827.24
374119.61	6413834.01
374119.97	6413840.78
374120.33	6413847.55
374120.69	6413854.32
374121.05	6413861.09
374121.41	6413867.86
374121.77	6413874.63
374122.13	6413881.40
374115.33	6413881.75
374108.53	6413882.10
374101.73	6413882.45
374094.93	6413882.80
374095.29	6413889.57
374088.49	6413889.92
374081.69	6413890.27
374081.33	6413883.50
374080.97	6413876.73
374080.61	6413869.96
374080.25	6413863.19
374073.45	6413863.54
374073.09	6413856.77
374072.73	6413850.00
374072.37	6413843.23
374072.01	6413836.46
374065.21	6413836.81
374064.85	6413830.04
374064.49	6413823.27
374057.69	6413823.62
374050.89	6413823.97
374050.53	6413817.20
374057.33	6413816.85
374056.97	6413810.08
374056.61	6413803.31
374063.41	6413802.96
374063.05	6413796.19
374069.85	6413795.84
374069.49	6413789.07
374069.13	6413782.30
374075.93	6413781.95
374075.57	6413775.18
374068.77	6413775.53
374068.41	6413768.76
374068.05	6413761.99
374067.69	6413755.22
374074.49	6413754.87
374074.13	6413748.10
374073.77	6413741.33
374073.41	6413734.56
374073.05	6413727.79
374079.85	6413727.44
374079.49	6413720.67
374079.13	6413713.90
374078.77	6413707.13
374085.57	6413706.78
374085.21	6413700.01
374084.85	6413693.24
374084.49	6413686.47
374091.29	6413686.12
374090.93	6413679.35
374090.57	6413672.58
374090.21	6413665.81
374089.85	6413659.04
374096.65	6413658.69
374096.29	6413651.92
374095.93	6413645.15
374102.73	6413644.80
374102.37	6413638.03
374102.01	6413631.26
374108.81	6413630.91
374108.45	6413624.14
374115.25	6413623.79
374114.89	6413617.02
374121.69	6413616.67
374121.33	6413609.90
374128.13	6413609.55
374127.77	6413602.78
374134.57	6413602.43
374134.21	6413595.66
374133.85	6413588.89
374140.65	6413588.54
374140.29	6413581.77
374147.09	6413581.42
374146.73	6413574.65
374146.37	6413567.88
374153.17	6413567.53
374152.81	6413560.76
374159.61	6413560.41
374159.25	6413553.64
374166.05	6413553.29
374165.69	6413546.52
374165.33	6413539.75
374172.13	6413539.40
374171.77	6413532.63
374178.57	6413532.28
374178.21	6413525.51
374185.01	6413525.16
374184.65	6413518.39
374191.45	6413518.04
374191.09	6413511.27
374197.89	6413510.92
374197.53	6413504.15
374204.33	6413503.80
374211.13	6413503.45
374217.93	6413503.10
374224.73	6413502.75
374225.09	6413509.52
374231.89	6413509.17
374231.53	6413502.40
374238.33	6413502.05
374245.13	6413501.70
374251.93	6413501.35
374258.73	6413501.00
374259.09	6413507.77
374259.45	6413514.54
374259.81	6413521.31
374266.61	6413520.96
374266.97	6413527.73
374267.33	6413534.50
374267.69	6413541.27
374274.49	6413540.92
374274.85	6413547.69
374281.65	6413547.34
374288.45	6413546.99
374295.25	6413546.64
374302.05	6413546.29
374302.41	6413553.06
374309.21	6413552.71
374316.01	6413552.36
374322.81	6413552.01
374329.61	6413551.66
374336.41	6413551.31
374343.21	6413550.96
374343.57	6413557.73
374350.37	6413557.38
374357.17	6413557.03
374363.97	6413556.68
374370.77	6413556.33
374377.57	6413555.98
374384.37	6413555.63
374391.17	6413555.28
374397.97	6413554.93
374404.77	6413554.58
374411.57	6413554.23
374418.37	6413553.88
374418.73	6413560.65
374425.53	6413560.30
374432.33	6413559.95
374439.13	6413559.60
374438.77	6413552.83
374445.57	6413552.48
374452.37	6413552.13
374459.17	6413551.78
374465.97	6413551.43
374472.77	6413551.08
374472.41	6413544.31
374479.21	6413543.96
374486.01	6413543.61
374492.81	6413543.26
374499.61	6413542.91
374506.41	6413542.56
374513.21	6413542.21
374512.85	6413535.44
374519.65	6413535.09
374526.45	6413534.74
374533.25	6413534.39
374540.05	6413534.04
374539.69	6413527.27
374546.49	6413526.92
374553.29	6413526.57
374560.09	6413526.22
374566.89	6413525.87
374566.53	6413519.10
374573.33	6413518.75
374580.13	6413518.40
374579.77	6413511.63
374586.57	6413511.28
374586.21	6413504.51
374593.01	6413504.16
374592.65	6413497.39
374599.45	6413497.04
374599.09	6413490.27
374605.89	6413489.92
374605.53	6413483.15
374612.33	6413482.80
374611.97	6413476.03
374611.61	6413469.26
374618.41	6413468.91
374618.05	6413462.14
374624.85	6413461.79
374624.49	6413455.02
374631.29	6413454.67
374630.93	6413447.90
374637.73	6413447.55
374637.37	6413440.78
374644.17	6413440.43
374643.81	6413433.66
374650.61	6413433.31
374650.25	6413426.54
374657.05	6413426.19
374663.85	6413425.84
374670.65	6413425.49
374677.45	6413425.14
374684.25	6413424.79
374691.05	6413424.44
374691.41	6413431.21
374698.21	6413430.86
374705.01	6413430.51
374711.81	6413430.16
374712.17	6413436.93
374718.97	6413436.58
374725.77	6413436.23
374732.57	6413435.88
374739.37	6413435.53
374739.73	6413442.30
374746.53	6413441.95
374753.33	6413441.60
374760.13	6413441.25
374760.49	6413448.02
374767.29	6413447.67
374774.09	6413447.32
374780.89	6413446.97
374781.25	6413453.74
374788.05	6413453.39
374794.85	6413453.04
374801.65	6413452.69
374808.45	6413452.34
374808.81	6413459.11
374815.61	6413458.76
374822.41	6413458.41
374829.21	6413458.06
374829.57	6413464.83
374836.37	6413464.48
374843.17	6413464.13
374849.97	6413463.78
374850.33	6413470.55
374857.13	6413470.20
374863.93	6413469.85
374870.73	6413469.50
374877.53	6413469.15
374877.89	6413475.92
374884.69	6413475.57
374891.49	6413475.22
374898.29	6413474.87
374905.09	6413474.52
374911.89	6413474.17
374918.69	6413473.82
374918.33	6413467.05
374925.13	6413466.70
374924.77	6413459.93
374924.41	6413453.16
374924.05	6413446.39
374917.25	6413446.74
374916.89	6413439.97
374910.09	6413440.32
374903.29	6413440.67
374896.49	6413441.02
374896.13	6413434.25
374889.33	6413434.60
374882.53	6413434.95
374875.73	6413435.30
374875.37	6413428.53
374868.57	6413428.88
374861.77	6413429.23
374854.97	6413429.58
374848.17	6413429.93
374847.81	6413423.16
374841.01	6413423.51
374834.21	6413423.86
374827.41	6413424.21
374827.05	6413417.44
374820.25	6413417.79
374813.45	6413418.14
374806.65	6413418.49
374806.29	6413411.72
374799.49	6413412.07
374792.69	6413412.42
374785.89	6413412.77
374779.09	6413413.12
374778.73	6413406.35
374771.93	6413406.70
374765.13	6413407.05
374758.33	6413407.40
374757.97	6413400.63
374751.17	6413400.98
374744.37	6413401.33
374744.01	6413394.56
374743.65	6413387.79
374743.29	6413381.02
374750.09	6413380.67
374749.73	6413373.90
374756.53	6413373.55
374763.33	6413373.20
374770.13	6413372.85
374776.93	6413372.50
374777.29	6413379.27
374784.09	6413378.92
374790.89	6413378.57
374797.69	6413378.22
374798.05	6413384.99
374804.85	6413384.64
374811.65	6413384.29
374818.45	6413383.94
374818.81	6413390.71
374825.61	6413390.36
374832.41	6413390.01
374839.21	6413389.66
374846.01	6413389.31
374846.37	6413396.08
374853.17	6413395.73
374859.97	6413395.38
374866.77	6413395.03
374867.13	6413401.80
374873.93	6413401.45
374880.73	6413401.10
374887.53	6413400.75
374887.89	6413407.52
374894.69	6413407.17
374901.49	6413406.82
374908.29	6413406.47
374915.09	6413406.12
374915.45	6413412.89
374922.25	6413412.54
374929.05	6413412.19
374935.85	6413411.84
374936.21	6413418.61
374943.01	6413418.26
374949.81	6413417.91
374956.61	6413417.56
374956.97	6413424.33
374963.77	6413423.98
374970.57	6413423.63
374977.37	6413423.28
374977.73	6413430.05
374984.53	6413429.70
374991.33	6413429.35
374998.13	6413429.00
375004.93	6413428.65
375011.73	6413428.30
375011.37	6413421.53
375011.01	6413414.76
375017.81	6413414.41
375024.61	6413414.06
375024.25	6413407.29
375023.89	6413400.52
375017.09	6413400.87
375016.73	6413394.10
375009.93	6413394.45
375003.13	6413394.80
374996.33	6413395.15
374995.97	6413388.38
374989.17	6413388.73
374982.37	6413389.08
374975.57	6413389.43
374975.21	6413382.66
374968.41	6413383.01
374961.61	6413383.36
374954.81	6413383.71
374954.45	6413376.94
374947.65	6413377.29
374940.85	6413377.64
374934.05	6413377.99
374933.69	6413371.22
374926.89	6413371.57
374920.09	6413371.92
374913.29	6413372.27
374912.93	6413365.50
374906.13	6413365.85
374899.33	6413366.20
374892.53	6413366.55
374885.73	6413366.90
374885.37	6413360.13
374878.57	6413360.48
374871.77	6413360.83
374864.97	6413361.18
374864.61	6413354.41
374857.81	6413354.76
374851.01	6413355.11
374844.21	6413355.46
374837.41	6413355.81
374837.05	6413349.04
374830.25	6413349.39
374823.45	6413349.74
374816.65	6413350.09
374816.29	6413343.32
374809.49	6413343.67
374802.69	6413344.02
374795.89	6413344.37
374795.53	6413337.60
374795.17	6413330.83
374794.81	6413324.06
374794.45	6413317.29
374801.25	6413316.94
374808.05	6413316.59
374814.85	6413316.24
374821.65	6413315.89
374828.45	6413315.54
374835.25	6413315.19
374835.61	6413321.96
374842.41	6413321.61
374849.21	6413321.26
374856.01	6413320.91
374856.37	6413327.68
374863.17	6413327.33
374869.97	6413326.98
374876.77	6413326.63
374883.57	6413326.28
374883.93	6413333.05
374890.73	6413332.70
374897.53	6413332.35
374904.33	6413332.00
374904.69	6413338.77
374911.49	6413338.42
374918.29	6413338.07
374925.09	6413337.72
374925.45	6413344.49
374932.25	6413344.14
374939.05	6413343.79
374945.85	6413343.44
374946.21	6413350.21
374953.01	6413349.86
374959.81	6413349.51
374966.61	6413349.16
374973.41	6413348.81
374973.77	6413355.58
374980.57	6413355.23
374987.37	6413354.88
374994.17	6413354.53
374994.53	6413361.30
375001.33	6413360.95
375008.13	6413360.60
375014.93	6413360.25
375015.29	6413367.02
375022.09	6413366.67
375028.89	6413366.32
375035.69	6413365.97
375036.05	6413372.74
375042.85	6413372.39
375049.65	6413372.04
375056.45	6413371.69
375063.25	6413371.34
375070.05	6413370.99
375069.69	6413364.22
375076.49	6413363.87
375076.13	6413357.10
375075.77	6413350.33
375075.41	6413343.56
375068.61	6413343.91
375068.25	6413337.14
375067.89	6413330.37
375067.53	6413323.60
375074.33	6413323.25
375081.13	6413322.90
375087.93	6413322.55
375087.57	6413315.78
375094.37	6413315.43
375101.17	6413315.08
375100.81	6413308.31
375107.61	6413307.96
375107.25	6413301.19
375114.05	6413300.84
375113.69	6413294.07
375120.49	6413293.72
375120.13	6413286.95
375126.93	6413286.60
375133.73	6413286.25
375133.37	6413279.48
375140.17	6413279.13
375139.81	6413272.36
375146.61	6413272.01
375153.41	6413271.66
375160.21	6413271.31
375167.01	6413270.96
375173.81	6413270.61
375173.45	6413263.84
375180.25	6413263.49
375179.89	6413256.72
375186.69	6413256.37
375186.33	6413249.60
375193.13	6413249.25
375199.93	6413248.90
375199.57	6413242.13
375206.37	6413241.78
375213.17	6413241.43
375212.81	6413234.66
375219.61	6413234.31
375219.25	6413227.54
375226.05	6413227.19
375232.85	6413226.84
375232.49	6413220.07
375239.29	6413219.72
375238.93	6413212.95
375245.73	6413212.60
375252.53	6413212.25
375252.17	6413205.48
375258.97	6413205.13
375265.77	6413204.78
375265.41	6413198.01
375272.21	6413197.66
375279.01	6413197.31
375278.65	6413190.54
375285.45	6413190.19
375285.09	6413183.42
375291.89	6413183.07
375298.69	6413182.72
375298.33	6413175.95
375305.13	6413175.60
375304.77	6413168.83
375311.57	6413168.48
375318.37	6413168.13
375318.01	6413161.36
375324.81	6413161.01
375331.61	6413160.66
375331.25	6413153.89
375338.05	6413153.54
375337.69	6413146.77
375337.33	6413140.00
375344.13	6413139.65
375343.77	6413132.88
375350.57	6413132.53
375350.21	6413125.76
375357.01	6413125.41
375356.65	6413118.64
375363.45	6413118.29
375363.09	6413111.52
375369.89	6413111.17
375369.53	6413104.40
375376.33	6413104.05
375375.97	6413097.28
375382.77	6413096.93
375389.57	6413096.58
375389.21	6413089.81
375396.01	6413089.46
375395.65	6413082.69
375402.45	6413082.34
375402.09	6413075.57
375408.89	6413075.22
375415.69	6413074.87
375415.33	6413068.10
375414.97	6413061.33
375421.77	6413060.98
375428.57	6413060.63
375428.21	6413053.86
375435.01	6413053.51
375434.65	6413046.74
375441.45	6413046.39
375441.09	6413039.62
375447.89	6413039.27
375447.53	6413032.50
375454.33	6413032.15
375461.13	6413031.80
375460.77	6413025.03
375460.41	6413018.26
375460.05	6413011.49
375459.69	6413004.72
375459.33	6412997.95
375458.97	6412991.18
375465.77	6412990.83
375465.41	6412984.06
375472.21	6412983.71
375471.85	6412976.94
375478.65	6412976.59
375478.29	6412969.82
375485.09	6412969.47
375484.73	6412962.70
375491.53	6412962.35
375491.17	6412955.58
375497.97	6412955.23
375497.61	6412948.46
375504.41	6412948.11
375504.05	6412941.34
375503.69	6412934.57
375510.49	6412934.22
375517.29	6412933.87
375516.93	6412927.10
375523.73	6412926.75
375523.37	6412919.98
375523.01	6412913.21
375529.81	6412912.86
375529.45	6412906.09
375536.25	6412905.74
375543.05	6412905.39
375549.85	6412905.04
375549.49	6412898.27
375556.29	6412897.92
375555.93	6412891.15
375562.73	6412890.80
375562.37	6412884.03
375562.01	6412877.26
375568.81	6412876.91
375568.45	6412870.14
375575.25	6412869.79
375574.89	6412863.02
375581.69	6412862.67
375581.33	6412855.90
375588.13	6412855.55
375587.77	6412848.78
375594.57	6412848.43
375594.21	6412841.66
375593.85	6412834.89
375600.65	6412834.54
375600.29	6412827.77
375607.09	6412827.42
375606.73	6412820.65
375613.53	6412820.30
375613.17	6412813.53
375612.81	6412806.76
375619.61	6412806.41
375619.25	6412799.64
375618.89	6412792.87
375625.69	6412792.52
375625.33	6412785.75
375632.13	6412785.40
375631.77	6412778.63
375638.57	6412778.28
375645.37	6412777.93
375645.01	6412771.16
375651.81	6412770.81
375651.45	6412764.04
375658.25	6412763.69
375665.05	6412763.34
375664.69	6412756.57
375671.49	6412756.22
375678.29	6412755.87
375677.93	6412749.10
375684.73	6412748.75
375691.53	6412748.40
375691.17	6412741.63
375697.97	6412741.28
375704.77	6412740.93
375704.41	6412734.16
375711.21	6412733.81
375718.01	6412733.46
375717.65	6412726.69
375724.45	6412726.34
375731.25	6412725.99
375730.89	6412719.22
375737.69	6412718.87
375744.49	6412718.52
375744.13	6412711.75
375750.93	6412711.40
375757.73	6412711.05
375757.37	6412704.28
375764.17	6412703.93
375770.97	6412703.58
375777.77	6412703.23
375784.57	6412702.88
375791.37	6412702.53
375798.17	6412702.18
375797.81	6412695.41
375804.61	6412695.06
375804.25	6412688.29
375811.05	6412687.94
375817.85	6412687.59
375817.49	6412680.82
375824.29	6412680.47
375823.93	6412673.70
375830.73	6412673.35
375837.53	6412673.00
375837.17	6412666.23
375843.97	6412665.88
375843.61	6412659.11
375850.41	6412658.76
375857.21	6412658.41
375856.85	6412651.64
375863.65	6412651.29
375863.29	6412644.52
375870.09	6412644.17
375869.73	6412637.40
375876.53	6412637.05
375876.17	6412630.28
375882.97	6412629.93
375882.61	6412623.16
375889.41	6412622.81
375889.05	6412616.04
375895.85	6412615.69
375895.49	6412608.92
375902.29	6412608.57
375901.93	6412601.80
375908.73	6412601.45
375908.37	6412594.68
375908.01	6412587.91
375914.81	6412587.56
375914.45	6412580.79
375921.25	6412580.44
375920.89	6412573.67
375920.53	6412566.90
375920.17	6412560.13
375919.81	6412553.36
375926.61	6412553.01
375926.25	6412546.24
375925.89	6412539.47
375932.69	6412539.12
375932.33	6412532.35
375931.97	6412525.58
375938.77	6412525.23
375938.41	6412518.46
375938.05	6412511.69
375944.85	6412511.34
375944.49	6412504.57
375944.13	6412497.80
375950.93	6412497.45
375950.57	6412490.68
375950.21	6412483.91
375957.01	6412483.56
375956.65	6412476.79
375956.29	6412470.02
375963.09	6412469.67
375962.73	6412462.90
375962.37	6412456.13
375969.17	6412455.78
375968.81	6412449.01
375968.45	6412442.24
375975.25	6412441.89
375974.89	6412435.12
375974.53	6412428.35
375981.33	6412428.00
375980.97	6412421.23
375980.61	6412414.46
375980.25	6412407.69
375987.05	6412407.34
375986.69	6412400.57
375986.33	6412393.80
375993.13	6412393.45
375992.77	6412386.68
375992.41	6412379.91
375999.21	6412379.56
375998.85	6412372.79
375998.49	6412366.02
376005.29	6412365.67
376004.93	6412358.90
376004.57	6412352.13
376011.37	6412351.78
376011.01	6412345.01
376010.65	6412338.24
376017.45	6412337.89
376017.09	6412331.12
376016.73	6412324.35
376023.53	6412324.00
376023.17	6412317.23
376022.81	6412310.46
376029.61	6412310.11
376029.25	6412303.34
376028.89	6412296.57
376035.69	6412296.22
376042.49	6412295.87
376049.29	6412295.52
376049.65	6412302.29
376050.01	6412309.06
376050.37	6412315.83
376050.73	6412322.60
376051.09	6412329.37
376051.45	6412336.14
376051.81	6412342.91
376052.17	6412349.68
376052.53	6412356.45
376052.89	6412363.22
376053.25	6412369.99
376046.45	6412370.34
376046.81	6412377.11
376047.17	6412383.88
376047.53	6412390.65
376047.89	6412397.42
376048.25	6412404.19
376048.61	6412410.96
376048.97	6412417.73
376049.33	6412424.50
376049.69	6412431.27
376050.05	6412438.04
376050.41	6412444.81
376050.77	6412451.58
376057.57	6412451.23
376057.93	6412458.00
376064.73	6412457.65
376065.09	6412464.42
376065.45	6412471.19
376072.25	6412470.84
376072.61	6412477.61
376079.41	6412477.26
376079.77	6412484.03
376086.57	6412483.68
376086.93	6412490.45
376087.29	6412497.22
376094.09	6412496.87
376094.45	6412503.64
376101.25	6412503.29
376101.61	6412510.06
376108.41	6412509.71
376115.21	6412509.36
376122.01	6412509.01
376121.65	6412502.24
376128.45	6412501.89
376128.09	6412495.12
376134.89	6412494.77
376134.53	6412488.00
376134.17	6412481.23
376133.81	6412474.46
376127.01	6412474.81
376126.65	6412468.04
376119.85	6412468.39
376119.49	6412461.62
376119.13	6412454.85
376112.33	6412455.20
376111.97	6412448.43
376105.17	6412448.78
376104.81	6412442.01
376104.45	6412435.24
376097.65	6412435.59
376097.29	6412428.82
376096.93	6412422.05
376096.57	6412415.28
376096.21	6412408.51
376095.85	6412401.74
376095.49	6412394.97
376095.13	6412388.20
376094.77	6412381.43
376094.41	6412374.66
376094.05	6412367.89
376093.69	6412361.12
376100.49	6412360.77
376100.13	6412354.00
376099.77	6412347.23
376099.41	6412340.46
376099.05	6412333.69
376098.69	6412326.92
376098.33	6412320.15
376097.97	6412313.38
376097.61	6412306.61
376097.25	6412299.84
376096.89	6412293.07
376103.69	6412292.72
376103.33	6412285.95
376102.97	6412279.18
376109.77	6412278.83
376109.41	6412272.06
376116.21	6412271.71
376115.85	6412264.94
376122.65	6412264.59
376122.29	6412257.82
376129.09	6412257.47
376128.73	6412250.70
376135.53	6412250.35
376135.17	6412243.58
376141.97	6412243.23
376141.61	6412236.46
376148.41	6412236.11
376148.05	6412229.34
376154.85	6412228.99
376154.49	6412222.22
376161.29	6412221.87
376160.93	6412215.10
376160.57	6412208.33
376160.21	6412201.56
376159.85	6412194.79
376166.65	6412194.44
376166.29	6412187.67
376165.93	6412180.90
376172.73	6412180.55
376172.37	6412173.78
376172.01	6412167.01
376178.81	6412166.66
376178.45	6412159.89
376178.09	6412153.12
376184.89	6412152.77
376184.53	6412146.00
376184.17	6412139.23
376190.97	6412138.88
376190.61	6412132.11
376190.25	6412125.34
376197.05	6412124.99
376203.85	6412124.64
376203.49	6412117.87
376203.13	6412111.10
376202.77	6412104.33
376202.41	6412097.56
376209.21	6412097.21
376216.01	6412096.86
376215.65	6412090.09
376222.45	6412089.74
376222.09	6412082.97
376221.73	6412076.20
376228.53	6412075.85
376228.17	6412069.08
376227.81	6412062.31
376234.61	6412061.96
376234.25	6412055.19
376233.89	6412048.42
376240.69	6412048.07
376240.33	6412041.30
376239.97	6412034.53
376246.77	6412034.18
376246.41	6412027.41
376246.05	6412020.64
376252.85	6412020.29
376252.49	6412013.52
376252.13	6412006.75
376258.93	6412006.40
376258.57	6411999.63
376258.21	6411992.86
376265.01	6411992.51
376264.65	6411985.74
376264.29	6411978.97
376271.09	6411978.62
376270.73	6411971.85
376277.53	6411971.50
376277.17	6411964.73
376283.97	6411964.38
376283.61	6411957.61
376283.25	6411950.84
376290.05	6411950.49
376289.69	6411943.72
376289.33	6411936.95
376296.13	6411936.60
376295.77	6411929.83
376295.41	6411923.06
376295.05	6411916.29
376301.85	6411915.94
376301.49	6411909.17
376301.13	6411902.40
376300.77	6411895.63
376307.57	6411895.28
376314.37	6411894.93
376314.01	6411888.16
376320.81	6411887.81
376320.45	6411881.04
376320.09	6411874.27
376326.89	6411873.92
376326.53	6411867.15
376333.33	6411866.80
376332.97	6411860.03
376332.61	6411853.26
376339.41	6411852.91
376339.05	6411846.14
376338.69	6411839.37
376345.49	6411839.02
376345.13	6411832.25
376344.77	6411825.48
376351.57	6411825.13
376351.21	6411818.36
376358.01	6411818.01
376357.65	6411811.24
376357.29	6411804.47
376356.93	6411797.70
376363.73	6411797.35
376363.37	6411790.58
376370.17	6411790.23
376369.81	6411783.46
376369.45	6411776.69
376376.25	6411776.34
376375.89	6411769.57
376375.53	6411762.80
376382.33	6411762.45
376381.97	6411755.68
376381.61	6411748.91
376388.41	6411748.56
376388.05	6411741.79
376387.69	6411735.02
376394.49	6411734.67
376394.13	6411727.90
376393.77	6411721.13
376400.57	6411720.78
376400.21	6411714.01
376407.01	6411713.66
376406.65	6411706.89
376406.29	6411700.12
376413.09	6411699.77
376412.73	6411693.00
376412.37	6411686.23
376419.17	6411685.88
376418.81	6411679.11
376418.45	6411672.34
376425.25	6411671.99
376424.89	6411665.22
376431.69	6411664.87
376431.33	6411658.10
376430.97	6411651.33
376437.77	6411650.98
376437.41	6411644.21
376437.05	6411637.44
376443.85	6411637.09
376443.49	6411630.32
376443.13	6411623.55
376449.93	6411623.20
376449.57	6411616.43
376456.37	6411616.08
376456.01	6411609.31
376455.65	6411602.54
376462.45	6411602.19
376462.09	6411595.42
376468.89	6411595.07
376468.53	6411588.30
376468.17	6411581.53
376474.97	6411581.18
376474.61	6411574.41
376474.25	6411567.64
376481.05	6411567.29
376480.69	6411560.52
376487.49	6411560.17
376487.13	6411553.40
376486.77	6411546.63
376493.57	6411546.28
376493.21	6411539.51
376500.01	6411539.16
376499.65	6411532.39
376499.29	6411525.62
376506.09	6411525.27
376505.73	6411518.50
376512.53	6411518.15
376512.17	6411511.38
376511.81	6411504.61
376518.61	6411504.26
376518.25	6411497.49
376525.05	6411497.14
376524.69	6411490.37
376524.33	6411483.60
376531.13	6411483.25
376530.77	6411476.48
376537.57	6411476.13
376537.21	6411469.36
376536.85	6411462.59
376543.65	6411462.24
376543.29	6411455.47
376550.09	6411455.12
376549.73	6411448.35
376549.37	6411441.58
376556.17	6411441.23
376555.81	6411434.46
376555.45	6411427.69
376562.25	6411427.34
376561.89	6411420.57
376568.69	6411420.22
376568.33	6411413.45
376575.13	6411413.10
376574.77	6411406.33
376574.41	6411399.56
376581.21	6411399.21
376580.85	6411392.44
376587.65	6411392.09
376587.29	6411385.32
376594.09	6411384.97
376593.73	6411378.20
376600.53	6411377.85
376607.33	6411377.50
376606.97	6411370.73
376613.77	6411370.38
376620.57	6411370.03
376627.37	6411369.68
376634.17	6411369.33
376640.97	6411368.98
376640.61	6411362.21
376647.41	6411361.86
376654.21	6411361.51
376661.01	6411361.16
376667.81	6411360.81
376667.45	6411354.04
376674.25	6411353.69
376681.05	6411353.34
376687.85	6411352.99
376694.65	6411352.64
376694.29	6411345.87
376701.09	6411345.52
376707.89	6411345.17
376714.69	6411344.82
376721.49	6411344.47
376728.29	6411344.12
376727.93	6411337.35
376734.73	6411337.00
376741.53	6411336.65
376748.33	6411336.30
376755.13	6411335.95
376754.77	6411329.18
376761.57	6411328.83
376768.37	6411328.48
376775.17	6411328.13
376781.97	6411327.78
376781.61	6411321.01
376788.41	6411320.66
376795.21	6411320.31
376802.01	6411319.96
376801.65	6411313.19
376808.45	6411312.84
376815.25	6411312.49
376822.05	6411312.14
376821.69	6411305.37
376828.49	6411305.02
376835.29	6411304.67
376834.93	6411297.90
376841.73	6411297.55
376848.53	6411297.20
376848.17	6411290.43
376854.97	6411290.08
376861.77	6411289.73
376861.41	6411282.96
376868.21	6411282.61
376867.85	6411275.84
376874.65	6411275.49
376881.45	6411275.14
376881.09	6411268.37
376887.89	6411268.02
376887.53	6411261.25
376894.33	6411260.90
376893.97	6411254.13
376900.77	6411253.78
376907.57	6411253.43
376907.21	6411246.66
376914.01	6411246.31
376913.65	6411239.54
376920.45	6411239.19
376920.09	6411232.42
376926.89	6411232.07
376926.53	6411225.30
376933.33	6411224.95
376932.97	6411218.18
376939.77	6411217.83
376946.57	6411217.48
376946.21	6411210.71
376953.01	6411210.36
376952.65	6411203.59
376959.45	6411203.24
376959.09	6411196.47
376965.89	6411196.12
376965.53	6411189.35
376972.33	6411189.00
376971.97	6411182.23
376978.77	6411181.88
376978.41	6411175.11
376985.21	6411174.76
376984.85	6411167.99
376991.65	6411167.64
376991.29	6411160.87
376998.09	6411160.52
376997.73	6411153.75
377004.53	6411153.40
377004.17	6411146.63
377010.97	6411146.28
377010.61	6411139.51
377017.41	6411139.16
377017.05	6411132.39
377023.85	6411132.04
377023.49	6411125.27
377030.29	6411124.92
377029.93	6411118.15
377036.73	6411117.80
377036.37	6411111.03
377043.17	6411110.68
377042.81	6411103.91
377049.61	6411103.56
377049.25	6411096.79
377056.05	6411096.44
377055.69	6411089.67
377062.49	6411089.32
377062.13	6411082.55
377068.93	6411082.20
377068.57	6411075.43
377075.37	6411075.08
377075.01	6411068.31
377081.81	6411067.96
377081.45	6411061.19
377088.25	6411060.84
377087.89	6411054.07
377094.69	6411053.72
377094.33	6411046.95
377101.13	6411046.60
377100.77	6411039.83
377107.57	6411039.48
377107.21	6411032.71
377114.01	6411032.36
377113.65	6411025.59
377120.45	6411025.24
377120.09	6411018.47
377126.89	6411018.12
377126.53	6411011.35
377133.33	6411011.00
377132.97	6411004.23
377139.77	6411003.88
377139.41	6410997.11
377146.21	6410996.76
377153.01	6410996.41
377152.65	6410989.64
377159.45	6410989.29
377159.09	6410982.52
377165.89	6410982.17
377165.53	6410975.40
377172.33	6410975.05
377171.97	6410968.28
377178.77	6410967.93
377178.41	6410961.16
377185.21	6410960.81
377192.01	6410960.46
377191.65	6410953.69
377191.29	6410946.92
377198.09	6410946.57
377204.89	6410946.22
377204.53	6410939.45
377204.17	6410932.68
377203.81	6410925.91
377203.45	6410919.14
377203.09	6410912.37
377202.73	6410905.60
377202.37	6410898.83
377209.17	6410898.48
377208.81	6410891.71
377215.61	6410891.36
377215.25	6410884.59
377222.05	6410884.24
377221.69	6410877.47
377221.33	6410870.70
377228.13	6410870.35
377234.93	6410870.00
377241.73	6410869.65
377242.09	6410876.42
377248.89	6410876.07
377249.25	6410882.84
377249.61	6410889.61
377249.97	6410896.38
377250.33	6410903.15
377250.69	6410909.92
377251.05	6410916.69
377257.85	6410916.34
377258.21	6410923.11
377258.57	6410929.88
377265.37	6410929.53
377265.73	6410936.30
377272.53	6410935.95
377279.33	6410935.60
377286.13	6410935.25
377292.93	6410934.90
377293.29	6410941.67
377300.09	6410941.32
377300.45	6410948.09
377293.65	6410948.44
377294.01	6410955.21
377294.37	6410961.98
377294.73	6410968.75
377295.09	6410975.52
377295.45	6410982.29
377295.81	6410989.06
377296.17	6410995.83
377302.97	6410995.48
377309.77	6410995.13
377316.57	6410994.78
377316.93	6411001.55
377323.73	6411001.20
377330.53	6411000.85
377337.33	6411000.50
377337.69	6411007.27
377344.49	6411006.92
377351.29	6411006.57
377358.09	6411006.22
377358.45	6411012.99
377365.25	6411012.64
377372.05	6411012.29
377372.41	6411019.06
377379.21	6411018.71
377386.01	6411018.36
377392.81	6411018.01
377393.17	6411024.78
377399.97	6411024.43
377406.77	6411024.08
377413.57	6411023.73
377413.93	6411030.50
377420.73	6411030.15
377427.53	6411029.80
377434.33	6411029.45
377434.69	6411036.22
377441.49	6411035.87
377448.29	6411035.52
377455.09	6411035.17
377454.73	6411028.40
377461.53	6411028.05
377461.17	6411021.28
377460.81	6411014.51
377467.61	6411014.16
377467.25	6411007.39
377466.89	6411000.62
377466.53	6410993.85
377473.33	6410993.50
377472.97	6410986.73
377472.61	6410979.96
377479.41	6410979.61
377479.05	6410972.84
377478.69	6410966.07
377478.33	6410959.30
377477.97	6410952.53
377477.61	6410945.76
377477.25	6410938.99
377470.45	6410939.34
377470.09	6410932.57
377463.29	6410932.92
377456.49	6410933.27
377449.69	6410933.62
377449.33	6410926.85
377442.53	6410927.20
377435.73	6410927.55
377435.37	6410920.78
377428.57	6410921.13
377421.77	6410921.48
377414.97	6410921.83
377414.61	6410915.06
377407.81	6410915.41
377401.01	6410915.76
377400.65	6410908.99
377393.85	6410909.34
377387.05	6410909.69
377380.25	6410910.04
377379.89	6410903.27
377373.09	6410903.62
377366.29	6410903.97
377359.49	6410904.32
377359.13	6410897.55
377352.33	6410897.90
377345.53	6410898.25
377338.73	6410898.60
377338.37	6410891.83
377331.57	6410892.18
377324.77	6410892.53
377317.97	6410892.88
377317.61	6410886.11
377310.81	6410886.46
377310.45	6410879.69
377303.65	6410880.04
377303.29	6410873.27
377310.09	6410872.92
377309.73	6410866.15
377316.53	6410865.80
377316.17	6410859.03
377322.97	6410858.68
377322.61	6410851.91
377329.41	6410851.56
377329.05	6410844.79
377335.85	6410844.44
377335.49	6410837.67
377342.29	6410837.32
377341.93	6410830.55
377348.73	6410830.20
377348.37	6410823.43
377348.01	6410816.66
377354.81	6410816.31
377354.45	6410809.54
377361.25	6410809.19
377360.89	6410802.42
377360.53	6410795.65
377367.33	6410795.30
377366.97	6410788.53
377366.61	6410781.76
377373.41	6410781.41
377373.05	6410774.64
377379.85	6410774.29
377379.49	6410767.52
377379.13	6410760.75
377385.93	6410760.40
377385.57	6410753.63
377385.21	6410746.86
377392.01	6410746.51
377391.65	6410739.74
377398.45	6410739.39
377398.09	6410732.62
377397.73	6410725.85
377404.53	6410725.50
377404.17	6410718.73
377403.81	6410711.96
377410.61	6410711.61
377410.25	6410704.84
377409.89	6410698.07
377416.69	6410697.72
377416.33	6410690.95
377423.13	6410690.60
377422.77	6410683.83
377422.41	6410677.06
377429.21	6410676.71
377428.85	6410669.94
377435.65	6410669.59
377442.45	6410669.24
377442.09	6410662.47
377448.89	6410662.12
377448.53	6410655.35
377455.33	6410655.00
377454.97	6410648.23
377454.61	6410641.46
377461.41	6410641.11
377461.05	6410634.34
377467.85	6410633.99
377467.49	6410627.22
377467.13	6410620.45
377473.93	6410620.10
377473.57	6410613.33
377473.21	6410606.56
377480.01	6410606.21
377479.65	6410599.44
377479.29	6410592.67
377486.09	6410592.32
377485.73	6410585.55
377492.53	6410585.20
377492.17	6410578.43
377498.97	6410578.08
377498.61	6410571.31
377505.41	6410570.96
377505.05	6410564.19
377511.85	6410563.84
377511.49	6410557.07
377518.29	6410556.72
377525.09	6410556.37
377524.73	6410549.60
377531.53	6410549.25
377538.33	6410548.90
377537.97	6410542.13
377537.61	6410535.36
377544.41	6410535.01
377544.05	6410528.24
377550.85	6410527.89
377557.65	6410527.54
377557.29	6410520.77
377564.09	6410520.42
377563.73	6410513.65
377570.53	6410513.30
377570.17	6410506.53
377576.97	6410506.18
377583.77	6410505.83
377583.41	6410499.06
377590.21	6410498.71
377589.85	6410491.94
377596.65	6410491.59
377596.29	6410484.82
377603.09	6410484.47
377602.73	6410477.70
377609.53	6410477.35
377616.33	6410477.00
377623.13	6410476.65
377622.77	6410469.88
377629.57	6410469.53
377629.21	6410462.76
377636.01	6410462.41
377635.65	6410455.64
377642.45	6410455.29
377642.09	6410448.52
377648.89	6410448.17
377655.69	6410447.82
377655.33	6410441.05
377662.13	6410440.70
377661.77	6410433.93
377668.57	6410433.58
377668.21	6410426.81
377675.01	6410426.46
377674.65	6410419.69
377674.29	6410412.92
377681.09	6410412.57
377680.73	6410405.80
377687.53	6410405.45
377687.17	6410398.68
377693.97	6410398.33
377693.61	6410391.56
377693.25	6410384.79
377700.05	6410384.44
377699.69	6410377.67
377706.49	6410377.32
377706.13	6410370.55
377712.93	6410370.20
377712.57	6410363.43
377712.21	6410356.66
377719.01	6410356.31
377718.65	6410349.54
377725.45	6410349.19
377725.09	6410342.42
377724.73	6410335.65
377731.53	6410335.30
377731.17	6410328.53
377730.81	6410321.76
377737.61	6410321.41
377737.25	6410314.64
377736.89	6410307.87
377736.53	6410301.10
377743.33	6410300.75
377742.97	6410293.98
377749.77	6410293.63
377749.41	6410286.86
377749.05	6410280.09
377755.85	6410279.74
377755.49	6410272.97
377755.13	6410266.20
377761.93	6410265.85
377761.57	6410259.08
377761.21	6410252.31
377768.01	6410251.96
377767.65	6410245.19
377774.45	6410244.84
377774.09	6410238.07
377773.73	6410231.30
377780.53	6410230.95
377787.33	6410230.60
377794.13	6410230.25
377794.49	6410237.02
377801.29	6410236.67
377801.65	6410243.44
377808.45	6410243.09
377815.25	6410242.74
377814.89	6410235.97
377821.69	6410235.62
377821.33	6410228.85
377828.13	6410228.50
377834.93	6410228.15
377834.57	6410221.38
377841.37	6410221.03
377841.01	6410214.26
377847.81	6410213.91
377847.45	6410207.14
377854.25	6410206.79
377853.89	6410200.02
377860.69	6410199.67
377860.33	6410192.90
377867.13	6410192.55
377866.77	6410185.78
377873.57	6410185.43
377873.21	6410178.66
377880.01	6410178.31
377879.65	6410171.54
377879.29	6410164.77
377886.09	6410164.42
377885.73	6410157.65
377885.37	6410150.88
377885.01	6410144.11
377884.65	6410137.34
377884.29	6410130.57
377883.93	6410123.80
377877.13	6410124.15
377876.77	6410117.38
377876.41	6410110.61
377876.05	6410103.84
377882.85	6410103.49
377889.65	6410103.14
377889.29	6410096.37
377896.09	6410096.02
377902.89	6410095.67
377902.53	6410088.90
377902.17	6410082.13
377908.97	6410081.78
377908.61	6410075.01
377915.41	6410074.66
377915.05	6410067.89
377914.69	6410061.12
377921.49	6410060.77
377921.13	6410054.00
377927.93	6410053.65
377927.57	6410046.88
377927.21	6410040.11
377934.01	6410039.76
377933.65	6410032.99
377940.45	6410032.64
377940.09	6410025.87
377946.89	6410025.52
377946.53	6410018.75
377953.33	6410018.40
377952.97	6410011.63
377959.77	6410011.28
377959.41	6410004.51
377959.05	6409997.74
377965.85	6409997.39
377965.49	6409990.62
377972.29	6409990.27
377971.93	6409983.50
377978.73	6409983.15
377978.37	6409976.38
377985.17	6409976.03
377984.81	6409969.26
377991.61	6409968.91
377991.25	6409962.14
377998.05	6409961.79
377997.69	6409955.02
378004.49	6409954.67
378004.13	6409947.90
378003.77	6409941.13
378010.57	6409940.78
378010.21	6409934.01
378017.01	6409933.66
378016.65	6409926.89
378023.45	6409926.54
378023.09	6409919.77
378029.89	6409919.42
378036.69	6409919.07
378036.33	6409912.30
378043.13	6409911.95
378042.77	6409905.18
378049.57	6409904.83
378049.21	6409898.06
378056.01	6409897.71
378055.65	6409890.94
378062.45	6409890.59
378069.25	6409890.24
378068.89	6409883.47
378075.69	6409883.12
378075.33	6409876.35
378082.13	6409876.00
378081.77	6409869.23
378088.57	6409868.88
378095.37	6409868.53
378095.01	6409861.76
378101.81	6409861.41
378101.45	6409854.64
378108.25	6409854.29
378115.05	6409853.94
378114.69	6409847.17
378121.49	6409846.82
378128.29	6409846.47
378127.93	6409839.70
378134.73	6409839.35
378141.53	6409839.00
378141.17	6409832.23
378147.97	6409831.88
378147.61	6409825.11
378154.41	6409824.76
378161.21	6409824.41
378160.85	6409817.64
378167.65	6409817.29
378174.45	6409816.94
378174.09	6409810.17
378180.89	6409809.82
378180.53	6409803.05
378187.33	6409802.70
378194.13	6409802.35
378193.77	6409795.58
378200.57	6409795.23
378200.21	6409788.46
378207.01	6409788.11
378206.65	6409781.34
378213.45	6409780.99
378220.25	6409780.64
378219.89	6409773.87
378226.69	6409773.52
378226.33	6409766.75
378233.13	6409766.40
378239.93	6409766.05
378239.57	6409759.28
378246.37	6409758.93
378246.01	6409752.16
378252.81	6409751.81
378252.45	6409745.04
378259.25	6409744.69
378266.05	6409744.34
378265.69	6409737.57
378272.49	6409737.22
378272.13	6409730.45
378278.93	6409730.10
378285.73	6409729.75
378292.53	6409729.40
378292.89	6409736.17
378293.25	6409742.94
378293.61	6409749.71
378300.41	6409749.36
378300.77	6409756.13
378301.13	6409762.90
378301.49	6409769.67
378301.85	6409776.44
378302.21	6409783.21
378302.57	6409789.98
378302.93	6409796.75
378309.73	6409796.40
378310.09	6409803.17
378310.45	6409809.94
378310.81	6409816.71
378317.61	6409816.36
378317.97	6409823.13
378318.33	6409829.90
378318.69	6409836.67
378319.05	6409843.44
378319.41	6409850.21
378319.77	6409856.98
378320.13	6409863.75
378320.49	6409870.52
378320.85	6409877.29
378321.21	6409884.06
378328.01	6409883.71
378328.37	6409890.48
378335.17	6409890.13
378335.53	6409896.90
378335.89	6409903.67
378336.25	6409910.44
378336.61	6409917.21
378336.97	6409923.98
378337.33	6409930.75
378337.69	6409937.52
378338.05	6409944.29
378338.41	6409951.06
378338.77	6409957.83
378339.13	6409964.60
378339.49	6409971.37
378346.29	6409971.02
378346.65	6409977.79
378347.01	6409984.56
378347.37	6409991.33
378354.17	6409990.98
378354.53	6409997.75
378361.33	6409997.40
378361.69	6410004.17
378362.05	6410010.94
378368.85	6410010.59
378369.21	6410017.36
378369.57	6410024.13
378369.93	6410030.90
378376.73	6410030.55
378377.09	6410037.32
378383.89	6410036.97
378384.25	6410043.74
378391.05	6410043.39
378391.41	6410050.16
378391.77	6410056.93
378392.13	6410063.70
378392.49	6410070.47
378399.29	6410070.12
378399.65	6410076.89
378400.01	6410083.66
378400.37	6410090.43
378400.73	6410097.20
378407.53	6410096.85
378414.33	6410096.50
378421.13	6410096.15
378427.93	6410095.80
378427.57	6410089.03
378427.21	6410082.26
378426.85	6410075.49
378426.49	6410068.72
378419.69	6410069.07
378419.33	6410062.30
378418.97	6410055.53
378418.61	6410048.76
378418.25	6410041.99
378411.45	6410042.34
378411.09	6410035.57
378410.73	6410028.80
378410.37	6410022.03
378403.57	6410022.38
378396.77	6410022.73
378396.41	6410015.96
378396.05	6410009.19
378389.25	6410009.54
378388.89	6410002.77
378388.53	6409996.00
378388.17	6409989.23
378387.81	6409982.46
378381.01	6409982.81
378380.65	6409976.04
378380.29	6409969.27
378373.49	6409969.62
378373.13	6409962.85
378372.77	6409956.08
378372.41	6409949.31
378365.61	6409949.66
378365.25	6409942.89
378364.89	6409936.12
378364.53	6409929.35
378364.17	6409922.58
378363.81	6409915.81
378363.45	6409909.04
378363.09	6409902.27
378362.73	6409895.50
378362.37	6409888.73
378362.01	6409881.96
378355.21	6409882.31
378354.85	6409875.54
378354.49	6409868.77
378354.13	6409862.00
378353.77	6409855.23
378346.97	6409855.58
378346.61	6409848.81
378346.25	6409842.04
378345.89	6409835.27
378345.53	6409828.50
378345.17	6409821.73
378344.81	6409814.96
378344.45	6409808.19
378337.65	6409808.54
378337.29	6409801.77
378344.09	6409801.42
378343.73	6409794.65
378343.37	6409787.88
378343.01	6409781.11
378342.65	6409774.34
378342.29	6409767.57
378335.49	6409767.92
378335.13	6409761.15
378334.77	6409754.38
378334.41	6409747.61
378334.05	6409740.84
378333.69	6409734.07
378333.33	6409727.30
378332.97	6409720.53
378326.17	6409720.88
378325.81	6409714.11
378319.01	6409714.46
378318.65	6409707.69
378325.45	6409707.34
378325.09	6409700.57
378331.89	6409700.22
378331.53	6409693.45
378338.33	6409693.10
378337.97	6409686.33
378344.77	6409685.98
378344.41	6409679.21
378351.21	6409678.86
378358.01	6409678.51
378357.65	6409671.74
378364.45	6409671.39
378364.09	6409664.62
378370.89	6409664.27
378370.53	6409657.50
378377.33	6409657.15
378376.97	6409650.38
378383.77	6409650.03
378383.41	6409643.26
378376.61	6409643.61
378376.25	6409636.84
378383.05	6409636.49
378389.85	6409636.14
378389.49	6409629.37
378396.29	6409629.02
378395.93	6409622.25
378402.73	6409621.90
378402.37	6409615.13
378409.17	6409614.78
378408.81	6409608.01
378415.61	6409607.66
378415.25	6409600.89
378422.05	6409600.54
378421.69	6409593.77
378428.49	6409593.42
378428.13	6409586.65
378434.93	6409586.30
378434.57	6409579.53
378441.37	6409579.18
378448.17	6409578.83
378447.81	6409572.06
378454.61	6409571.71
378454.25	6409564.94
378461.05	6409564.59
378460.69	6409557.82
378467.49	6409557.47
378467.13	6409550.70
378473.93	6409550.35
378473.57	6409543.58
378480.37	6409543.23
378480.01	6409536.46
378486.81	6409536.11
378486.45	6409529.34
378493.25	6409528.99
378492.89	6409522.22
378499.69	6409521.87
378499.33	6409515.10
378506.13	6409514.75
378505.77	6409507.98
378512.57	6409507.63
378519.37	6409507.28
378519.01	6409500.51
378525.81	6409500.16
378532.61	6409499.81
378532.25	6409493.04
378539.05	6409492.69
378538.69	6409485.92
378545.49	6409485.57
378552.29	6409485.22
378559.09	6409484.87
378558.73	6409478.10
378565.53	6409477.75
378572.33	6409477.40
378571.97	6409470.63
378578.77	6409470.28
378585.57	6409469.93
378592.37	6409469.58
378592.01	6409462.81
378598.81	6409462.46
378605.61	6409462.11
378605.25	6409455.34
378612.05	6409454.99
378618.85	6409454.64
378618.49	6409447.87
378625.29	6409447.52
378624.93	6409440.75
378631.73	6409440.40
378638.53	6409440.05
378638.17	6409433.28
378644.97	6409432.93
378644.61	6409426.16
378651.41	6409425.81
378651.05	6409419.04
378657.85	6409418.69
378664.65	6409418.34
378664.29	6409411.57
378671.09	6409411.22
378670.73	6409404.45
378677.53	6409404.10
378677.17	6409397.33
378683.97	6409396.98
378690.77	6409396.63
378690.41	6409389.86
378697.21	6409389.51
378696.85	6409382.74
378703.65	6409382.39
378703.29	6409375.62
378710.09	6409375.27
378716.89	6409374.92
378723.69	6409374.57
378730.49	6409374.22
378730.85	6409380.99
378737.65	6409380.64
378744.45	6409380.29
378751.25	6409379.94
378750.89	6409373.17
378757.69	6409372.82
378764.49	6409372.47
378771.29	6409372.12
378770.93	6409365.35
378777.73	6409365.00
378777.37	6409358.23
378784.17	6409357.88
378783.81	6409351.11
378783.45	6409344.34
378790.25	6409343.99
378789.89	6409337.22
378796.69	6409336.87
378803.49	6409336.52
378810.29	6409336.17
378810.65	6409342.94
378817.45	6409342.59
378817.81	6409349.36
378824.61	6409349.01
378824.97	6409355.78
378825.33	6409362.55
378832.13	6409362.20
378832.49	6409368.97
378832.85	6409375.74
378839.65	6409375.39
378840.01	6409382.16
378840.37	6409388.93
378847.17	6409388.58
378847.53	6409395.35
378847.89	6409402.12
378848.25	6409408.89
378848.61	6409415.66
378841.81	6409416.01
378842.17	6409422.78
378835.37	6409423.13
378835.73	6409429.90
378828.93	6409430.25
378829.29	6409437.02
378822.49	6409437.37
378822.85	6409444.14
378823.21	6409450.91
378823.57	6409457.68
378823.93	6409464.45
378830.73	6409464.10
378831.09	6409470.87
378837.89	6409470.52
378838.25	6409477.29
378845.05	6409476.94
378845.41	6409483.71
378852.21	6409483.36
378852.57	6409490.13
378859.37	6409489.78
378866.17	6409489.43
378872.97	6409489.08
378872.61	6409482.31
378879.41	6409481.96
378886.21	6409481.61
378893.01	6409481.26
378899.81	6409480.91
378900.17	6409487.68
378900.53	6409494.45
378900.89	6409501.22
378901.25	6409507.99
378908.05	6409507.64
378908.41	6409514.41
378915.21	6409514.06
378922.01	6409513.71
378922.37	6409520.48
378929.17	6409520.13
378929.53	6409526.90
378936.33	6409526.55
378936.69	6409533.32
378943.49	6409532.97
378943.85	6409539.74
378950.65	6409539.39
378950.29	6409532.62
378957.09	6409532.27
378956.73	6409525.50
378963.53	6409525.15
378963.17	6409518.38
378969.97	6409518.03
378969.61	6409511.26
378969.25	6409504.49
378976.05	6409504.14
378975.69	6409497.37
378982.49	6409497.02
378982.13	6409490.25
378981.77	6409483.48
378988.57	6409483.13
378988.21	6409476.36
378995.01	6409476.01
379001.81	6409475.66
379008.61	6409475.31
379015.41	6409474.96
379022.21	6409474.61
379029.01	6409474.26
379029.37	6409481.03
379036.17	6409480.68
379042.97	6409480.33
379049.77	6409479.98
379050.13	6409486.75
379056.93	6409486.40
379063.73	6409486.05
379070.53	6409485.70
379077.33	6409485.35
379077.69	6409492.12
379084.49	6409491.77
379091.29	6409491.42
379098.09	6409491.07
379104.89	6409490.72
379104.53	6409483.95
379104.17	6409477.18
379103.81	6409470.41
379103.45	6409463.64
379096.65	6409463.99
379096.29	6409457.22
379089.49	6409457.57
379089.13	6409450.80
379082.33	6409451.15
379075.53	6409451.50
379068.73	6409451.85
379068.37	6409445.08
379061.57	6409445.43
379054.77	6409445.78
379054.41	6409439.01
379047.61	6409439.36
379040.81	6409439.71
379034.01	6409440.06
379033.65	6409433.29
379026.85	6409433.64
379020.05	6409433.99
379013.25	6409434.34
379012.89	6409427.57
379006.09	6409427.92
378999.29	6409428.27
378992.49	6409428.62
378985.69	6409428.97
378978.89	6409429.32
378978.53	6409422.55
378971.73	6409422.90
378964.93	6409423.25
378958.13	6409423.60
378951.33	6409423.95
378944.53	6409424.30
378937.73	6409424.65
378930.93	6409425.00
378924.13	6409425.35
378923.77	6409418.58
378916.97	6409418.93
378910.17	6409419.28
378903.37	6409419.63
378903.01	6409412.86
378896.21	6409413.21
378895.85	6409406.44
378895.49	6409399.67
378888.69	6409400.02
378888.33	6409393.25
378887.97	6409386.48
378881.17	6409386.83
378880.81	6409380.06
378880.45	6409373.29
378880.09	6409366.52
378873.29	6409366.87
378872.93	6409360.10
378872.57	6409353.33
378872.21	6409346.56
378871.85	6409339.79
378871.49	6409333.02
378871.13	6409326.25
378870.77	6409319.48
378877.57	6409319.13
378877.21	6409312.36
378884.01	6409312.01
378883.65	6409305.24
378883.29	6409298.47
378882.93	6409291.70
378882.57	6409284.93
378889.37	6409284.58
378889.01	6409277.81
378888.65	6409271.04
378888.29	6409264.27
378895.09	6409263.92
378894.73	6409257.15
378894.37	6409250.38
378894.01	6409243.61
378893.65	6409236.84
378900.45	6409236.49
378900.09	6409229.72
378899.73	6409222.95
378899.37	6409216.18
378899.01	6409209.41
378905.81	6409209.06
378905.45	6409202.29
378905.09	6409195.52
378904.73	6409188.75
378904.37	6409181.98
378911.17	6409181.63
378910.81	6409174.86
378910.45	6409168.09
378917.25	6409167.74
378924.05	6409167.39
378930.85	6409167.04
378937.65	6409166.69
378944.45	6409166.34
378951.25	6409165.99
378958.05	6409165.64
378964.85	6409165.29
378964.49	6409158.52
378964.13	6409151.75
378970.93	6409151.40
378970.57	6409144.63
378977.37	6409144.28
378977.01	6409137.51
378976.65	6409130.74
378983.45	6409130.39
378990.25	6409130.04
378989.89	6409123.27
378996.69	6409122.92
378996.33	6409116.15
379003.13	6409115.80
379009.93	6409115.45
379009.57	6409108.68
379016.37	6409108.33
379023.17	6409107.98
379022.81	6409101.21
379029.61	6409100.86
379036.41	6409100.51
379043.21	6409100.16
379042.85	6409093.39
379049.65	6409093.04
379056.45	6409092.69
379063.25	6409092.34
379062.89	6409085.57
379069.69	6409085.22
379076.49	6409084.87
379076.13	6409078.10
379082.93	6409077.75
379089.73	6409077.40
379089.37	6409070.63
379096.17	6409070.28
379095.81	6409063.51
379102.61	6409063.16
379102.25	6409056.39
379101.89	6409049.62
379108.69	6409049.27
379108.33	6409042.50
379107.97	6409035.73
379114.77	6409035.38
379114.41	6409028.61
379114.05	6409021.84
379113.69	6409015.07
379120.49	6409014.72
379120.13	6409007.95
379119.77	6409001.18
379119.41	6408994.41
379126.21	6408994.06
379125.85	6408987.29
379125.49	6408980.52
379132.29	6408980.17
379131.93	6408973.40
379138.73	6408973.05
379138.37	6408966.28
379138.01	6408959.51
379144.81	6408959.16
379144.45	6408952.39
379151.25	6408952.04
379150.89	6408945.27
379150.53	6408938.50
379150.17	6408931.73
379149.81	6408924.96
379149.45	6408918.19
379149.09	6408911.42
379155.89	6408911.07
379155.53	6408904.30
379155.17	6408897.53
379148.37	6408897.88
379148.01	6408891.11
379147.65	6408884.34
379147.29	6408877.57
379146.93	6408870.80
379140.13	6408871.15
379139.77	6408864.38
379139.41	6408857.61
379132.61	6408857.96
379132.25	6408851.19
379125.45	6408851.54
379125.09	6408844.77
379124.73	6408838.00
379117.93	6408838.35
379117.57	6408831.58
379110.77	6408831.93
379110.41	6408825.16
379110.05	6408818.39
379103.25	6408818.74
379102.89	6408811.97
379096.09	6408812.32
379095.73	6408805.55
379095.37	6408798.78
379088.57	6408799.13
379088.21	6408792.36
379081.41	6408792.71
379081.05	6408785.94
379074.25	6408786.29
379073.89	6408779.52
379067.09	6408779.87
379066.73	6408773.10
379066.37	6408766.33
379059.57	6408766.68
379059.21	6408759.91
379058.85	6408753.14
379058.49	6408746.37
379058.13	6408739.60
379057.77	6408732.83
379064.57	6408732.48
379064.21	6408725.71
379071.01	6408725.36
379070.65	6408718.59
379077.45	6408718.24
379077.09	6408711.47
379083.89	6408711.12
379083.53	6408704.35
379090.33	6408704.00
379089.97	6408697.23
379096.77	6408696.88
379096.41	6408690.11
379103.21	6408689.76
379102.85	6408682.99
379109.65	6408682.64
379109.29	6408675.87
379116.09	6408675.52
379115.73	6408668.75
379115.37	6408661.98
379122.17	6408661.63
379121.81	6408654.86
379128.61	6408654.51
379128.25	6408647.74
379135.05	6408647.39
379134.69	6408640.62
379141.49	6408640.27
379141.13	6408633.50
379147.93	6408633.15
379147.57	6408626.38
379154.37	6408626.03
379154.01	6408619.26
379160.81	6408618.91
379160.45	6408612.14
379167.25	6408611.79
379166.89	6408605.02
379173.69	6408604.67
379173.33	6408597.90
379180.13	6408597.55
379179.77	6408590.78
379186.57	6408590.43
379186.21	6408583.66
379193.01	6408583.31
379192.65	6408576.54
379192.29	6408569.77
379199.09	6408569.42
379198.73	6408562.65
379205.53	6408562.30
379205.17	6408555.53
379211.97	6408555.18
379211.61	6408548.41
379218.41	6408548.06
379218.05	6408541.29
379224.85	6408540.94
379224.49	6408534.17
379231.29	6408533.82
379230.93	6408527.05
379237.73	6408526.70
379237.37	6408519.93
379244.17	6408519.58
379243.81	6408512.81
379250.61	6408512.46
379257.41	6408512.11
379264.21	6408511.76
379263.85	6408504.99
379270.65	6408504.64
379277.45	6408504.29
379284.25	6408503.94
379283.89	6408497.17
379290.69	6408496.82
379297.49	6408496.47
379304.29	6408496.12
379303.93	6408489.35
379310.73	6408489.00
379317.53	6408488.65
379317.17	6408481.88
379323.97	6408481.53
379330.77	6408481.18
379337.57	6408480.83
379337.21	6408474.06
379344.01	6408473.71
379350.81	6408473.36
379350.45	6408466.59
379357.25	6408466.24
379364.05	6408465.89
379370.85	6408465.54
379370.49	6408458.77
379377.29	6408458.42
379384.09	6408458.07
379383.73	6408451.30
379390.53	6408450.95
379397.33	6408450.60
379404.13	6408450.25
379403.77	6408443.48
379410.57	6408443.13
379417.37	6408442.78
379417.01	6408436.01
379423.81	6408435.66
379430.61	6408435.31
379430.25	6408428.54
379437.05	6408428.19
379443.85	6408427.84
379450.65	6408427.49
379450.29	6408420.72
379457.09	6408420.37
379463.89	6408420.02
379463.53	6408413.25
379470.33	6408412.90
379477.13	6408412.55
379483.93	6408412.20
379483.57	6408405.43
379490.37	6408405.08
379497.17	6408404.73
379503.97	6408404.38
379503.61	6408397.61
379510.41	6408397.26
379517.21	6408396.91
379516.85	6408390.14
379523.65	6408389.79
379530.45	6408389.44
379537.25	6408389.09
379536.89	6408382.32
379543.69	6408381.97
379550.49	6408381.62
379550.13	6408374.85
379556.93	6408374.50
379563.73	6408374.15
379570.53	6408373.80
379577.33	6408373.45
379577.69	6408380.22
379584.49	6408379.87
379591.29	6408379.52
379598.09	6408379.17
379598.45	6408385.94
379605.25	6408385.59
379612.05	6408385.24
379618.85	6408384.89
379625.65	6408384.54
379632.45	6408384.19
379639.25	6408383.84
379646.05	6408383.49
379652.85	6408383.14
379652.49	6408376.37
379652.13	6408369.60
379658.93	6408369.25
379665.73	6408368.90
379665.37	6408362.13
379672.17	6408361.78
379671.81	6408355.01
379671.45	6408348.24
379671.09	6408341.47
379677.89	6408341.12
379677.53	6408334.35
379684.33	6408334.00
379683.97	6408327.23
379683.61	6408320.46
379683.25	6408313.69
379682.89	6408306.92
379689.69	6408306.57
379689.33	6408299.80
379688.97	6408293.03
379688.61	6408286.26
379695.41	6408285.91
379695.05	6408279.14
379694.69	6408272.37
379694.33	6408265.60
379693.97	6408258.83
379700.77	6408258.48
379700.41	6408251.71
379700.05	6408244.94
379699.69	6408238.17
379699.33	6408231.40
379706.13	6408231.05
379705.77	6408224.28
379705.41	6408217.51
379705.05	6408210.74
379711.85	6408210.39
379711.49	6408203.62
379711.13	6408196.85
379710.77	6408190.08
379710.41	6408183.31
379717.21	6408182.96
379716.85	6408176.19
379716.49	6408169.42
379716.13	6408162.65
379715.77	6408155.88
379722.57	6408155.53
379722.21	6408148.76
379721.85	6408141.99
379721.49	6408135.22
379728.29	6408134.87
379727.93	6408128.10
379727.57	6408121.33
379727.21	6408114.56
379726.85	6408107.79
379726.49	6408101.02
379733.29	6408100.67
379732.93	6408093.90
379732.57	6408087.13
379732.21	6408080.36
379731.85	6408073.59
379738.65	6408073.24
379738.29	6408066.47
379737.93	6408059.70
379737.57	6408052.93
379744.37	6408052.58
379744.01	6408045.81
379743.65	6408039.04
379743.29	6408032.27
379742.93	6408025.50
379749.73	6408025.15
379749.37	6408018.38
379749.01	6408011.61
379748.65	6408004.84
379748.29	6407998.07
379747.93	6407991.30
379754.73	6407990.95
379754.37	6407984.18
379754.01	6407977.41
379753.65	6407970.64
379753.29	6407963.87
379760.09	6407963.52
379759.73	6407956.75
379759.37	6407949.98
379759.01	6407943.21
379758.65	6407936.44
379765.45	6407936.09
379765.09	6407929.32
379764.73	6407922.55
379764.37	6407915.78
379764.01	6407909.01
379770.81	6407908.66
379770.45	6407901.89
379770.09	6407895.12
379776.89	6407894.77
379776.53	6407888.00
379783.33	6407887.65
379782.97	6407880.88
379789.77	6407880.53
379789.41	6407873.76
379796.21	6407873.41
379803.01	6407873.06
379802.65	6407866.29
379809.45	6407865.94
379809.09	6407859.17
379815.89	6407858.82
379822.69	6407858.47
379822.33	6407851.70
379829.13	6407851.35
379835.93	6407851.00
379835.57	6407844.23
379842.37	6407843.88
379849.17	6407843.53
379848.81	6407836.76
379855.61	6407836.41
379862.41	6407836.06
379869.21	6407835.71
379876.01	6407835.36
379882.81	6407835.01
379889.61	6407834.66
379896.41	6407834.31
379903.21	6407833.96
379910.01	6407833.61
379916.81	6407833.26
379916.45	6407826.49
379923.25	6407826.14
379930.05	6407825.79
379936.85	6407825.44
379943.65	6407825.09
379950.45	6407824.74
379957.25	6407824.39
379964.05	6407824.04
379970.85	6407823.69
379977.65	6407823.34
379984.45	6407822.99
379991.25	6407822.64
379998.05	6407822.29
380004.85	6407821.94
380011.65	6407821.59
380018.45	6407821.24
380025.25	6407820.89
380032.05	6407820.54
380031.69	6407813.77
380038.49	6407813.42
380045.29	6407813.07
380052.09	6407812.72
380058.89	6407812.37
380065.69	6407812.02
380066.05	6407818.79
380072.85	6407818.44
380079.65	6407818.09
380086.45	6407817.74
380093.25	6407817.39
380092.89	6407810.62
380099.69	6407810.27
380106.49	6407809.92
380113.29	6407809.57
380120.09	6407809.22
380119.73	6407802.45
380126.53	6407802.10
380126.17	6407795.33
380132.97	6407794.98
380132.61	6407788.21
380139.41	6407787.86
380146.21	6407787.51
380145.85	6407780.74
380152.65	6407780.39
380152.29	6407773.62
380159.09	6407773.27
380158.73	6407766.50
380165.53	6407766.15
380165.17	6407759.38
380171.97	6407759.03
380171.61	6407752.26
380178.41	6407751.91
380178.05	6407745.14
380184.85	6407744.79
380184.49	6407738.02
380191.29	6407737.67
380190.93	6407730.90
380197.73	6407730.55
380197.37	6407723.78
380204.17	6407723.43
380203.81	6407716.66
380210.61	6407716.31
380210.25	6407709.54
380217.05	6407709.19
380216.69	6407702.42
380223.49	6407702.07
380223.13	6407695.30
380229.93	6407694.95
380229.57	6407688.18
380236.37	6407687.83
380236.01	6407681.06
380242.81	6407680.71
380242.45	6407673.94
380249.25	6407673.59
380248.89	6407666.82
380255.69	6407666.47
380255.33	6407659.70
380262.13	6407659.35
380261.77	6407652.58
380268.57	6407652.23
380275.37	6407651.88
380275.01	6407645.11
380281.81	6407644.76
380281.45	6407637.99
380288.25	6407637.64
380287.89	6407630.87
380294.69	6407630.52
380294.33	6407623.75
380301.13	6407623.40
380300.77	6407616.63
380307.57	6407616.28
380307.21	6407609.51
380314.01	6407609.16
380313.65	6407602.39
380320.45	6407602.04
380320.09	6407595.27
380326.89	6407594.92
380333.69	6407594.57
380333.33	6407587.80
380340.13	6407587.45
380339.77	6407580.68
380346.57	6407580.33
380346.21	6407573.56
380353.01	6407573.21
380352.65	6407566.44
380359.45	6407566.09
380359.09	6407559.32
380365.89	6407558.97
380365.53	6407552.20
380365.17	6407545.43
380364.81	6407538.66
380364.45	6407531.89
380357.65	6407532.24
380357.29	6407525.47
380350.49	6407525.82
380350.13	6407519.05
380349.77	6407512.28
380342.97	6407512.63
380342.61	6407505.86
380335.81	6407506.21
380335.45	6407499.44
380328.65	6407499.79
380321.85	6407500.14
380321.49	6407493.37
380321.13	6407486.60
380314.33	6407486.95
380313.97	6407480.18
380307.17	6407480.53
380306.81	6407473.76
380300.01	6407474.11
380299.65	6407467.34
380299.29	6407460.57
380292.49	6407460.92
380292.13	6407454.15
380285.33	6407454.50
380284.97	6407447.73
380278.17	6407448.08
380277.81	6407441.31
380271.01	6407441.66
380270.65	6407434.89
380263.85	6407435.24
380263.49	6407428.47
380256.69	6407428.82
380256.33	6407422.05
380249.53	6407422.40
380249.17	6407415.63
380242.37	6407415.98
380235.57	6407416.33
380228.77	6407416.68
380221.97	6407417.03
380215.17	6407417.38
380208.37	6407417.73
380201.57	6407418.08
380194.77	6407418.43
380187.97	6407418.78
380188.33	6407425.55
380181.53	6407425.90
380174.73	6407426.25
380167.93	6407426.60
380161.13	6407426.95
380154.33	6407427.30
380154.69	6407434.07
380147.89	6407434.42
380141.09	6407434.77
380134.29	6407435.12
380127.49	6407435.47
380120.69	6407435.82
380121.05	6407442.59
380114.25	6407442.94
380107.45	6407443.29
380100.65	6407443.64
380093.85	6407443.99
380087.05	6407444.34
380080.25	6407444.69
380080.61	6407451.46
380073.81	6407451.81
380067.01	6407452.16
380060.21	6407452.51
380053.41	6407452.86
380046.61	6407453.21
380039.81	6407453.56
380040.17	6407460.33
380033.37	6407460.68
380026.57	6407461.03
380019.77	6407461.38
380012.97	6407461.73
380006.17	6407462.08
379999.37	6407462.43
379999.73	6407469.20
379992.93	6407469.55
379986.13	6407469.90
379979.33	6407470.25
379972.53	6407470.60
379965.73	6407470.95
379966.09	6407477.72
379959.29	6407478.07
379952.49	6407478.42
379945.69	6407478.77
379938.89	6407479.12
379932.09	6407479.47
379932.45	6407486.24
379925.65	6407486.59
379918.85	6407486.94
379912.05	6407487.29
379905.25	6407487.64
379898.45	6407487.99
379898.81	6407494.76
379892.01	6407495.11
379885.21	6407495.46
379878.41	6407495.81
379871.61	6407496.16
379864.81	6407496.51
379858.01	6407496.86
379851.21	6407497.21
379844.41	6407497.56
379844.77	6407504.33
379837.97	6407504.68
379831.17	6407505.03
379824.37	6407505.38
379817.57	6407505.73
379817.21	6407498.96
379810.41	6407499.31
379803.61	6407499.66
379796.81	6407500.01
379796.45	6407493.24
379789.65	6407493.59
379782.85	6407493.94
379776.05	6407494.29
379769.25	6407494.64
379768.89	6407487.87
379762.09	6407488.22
379755.29	6407488.57
379754.93	6407481.80
379748.13	6407482.15
379741.33	6407482.50
379734.53	6407482.85
379734.17	6407476.08
379727.37	6407476.43
379720.57	6407476.78
379713.77	6407477.13
379713.41	6407470.36
379706.61	6407470.71
379699.81	6407471.06
379693.01	6407471.41
379692.65	6407464.64
379685.85	6407464.99
379679.05	6407465.34
379672.25	6407465.69
379671.89	6407458.92
379665.09	6407459.27
379658.29	6407459.62
379657.93	6407452.85
379651.13	6407453.20
379644.33	6407453.55
379637.53	6407453.90
379637.17	6407447.13
379630.37	6407447.48
379623.57	6407447.83
379616.77	6407448.18
379616.41	6407441.41
379609.61	6407441.76
379602.81	6407442.11
379596.01	6407442.46
379595.65	6407435.69
379588.85	6407436.04
379582.05	6407436.39
379575.25	6407436.74
379568.45	6407437.09
379561.65	6407437.44
379554.85	6407437.79
379555.21	6407444.56
379548.41	6407444.91
379548.77	6407451.68
379549.13	6407458.45
379549.49	6407465.22
379542.69	6407465.57
379535.89	6407465.92
379529.09	6407466.27
379522.29	6407466.62
379515.49	6407466.97
379515.85	6407473.74
379509.05	6407474.09
379502.25	6407474.44
379495.45	6407474.79
379488.65	6407475.14
379481.85	6407475.49
379475.05	6407475.84
379468.25	6407476.19
379461.45	6407476.54
379454.65	6407476.89
379455.01	6407483.66
379448.21	6407484.01
379441.41	6407484.36
379434.61	6407484.71
379427.81	6407485.06
379421.01	6407485.41
379414.21	6407485.76
379407.41	6407486.11
379400.61	6407486.46
379393.81	6407486.81
379394.17	6407493.58
379387.37	6407493.93
379380.57	6407494.28
379373.77	6407494.63
379366.97	6407494.98
379360.17	6407495.33
379353.37	6407495.68
379346.57	6407496.03
379339.77	6407496.38
379332.97	6407496.73
379333.33	6407503.50
379326.53	6407503.85
379326.89	6407510.62
379327.25	6407517.39
379320.45	6407517.74
379320.81	6407524.51
379321.17	6407531.28
379321.53	6407538.05
379314.73	6407538.40
379315.09	6407545.17
379315.45	6407551.94
379308.65	6407552.29
379309.01	6407559.06
379309.37	6407565.83
379309.73	6407572.60
379302.93	6407572.95
379303.29	6407579.72
379303.65	6407586.49
379296.85	6407586.84
379297.21	6407593.61
379297.57	6407600.38
379297.93	6407607.15
379291.13	6407607.50
379291.49	6407614.27
379291.85	6407621.04
379285.05	6407621.39
379285.41	6407628.16
379285.77	6407634.93
379286.13	6407641.70
379279.33	6407642.05
379279.69	6407648.82
379280.05	6407655.59
379280.41	6407662.36
379273.61	6407662.71
379273.97	6407669.48
379274.33	6407676.25
379267.53	6407676.60
379267.89	6407683.37
379268.25	6407690.14
379268.61	6407696.91
379261.81	6407697.26
379262.17	6407704.03
379262.53	6407710.80
379255.73	6407711.15
379256.09	6407717.92
379256.45	6407724.69
379256.81	6407731.46
379250.01	6407731.81
379250.37	6407738.58
379250.73	6407745.35
379243.93	6407745.70
379244.29	6407752.47
379244.65	6407759.24
379245.01	6407766.01
379238.21	6407766.36
379238.57	6407773.13
379238.93	6407779.90
379239.29	6407786.67
379232.49	6407787.02
379232.85	6407793.79
379226.05	6407794.14
379226.41	6407800.91
379219.61	6407801.26
379212.81	6407801.61
379206.01	6407801.96
379199.21	6407802.31
379192.41	6407802.66
379185.61	6407803.01
379178.81	6407803.36
379172.01	6407803.71
379165.21	6407804.06
379158.41	6407804.41
379151.61	6407804.76
379144.81	6407805.11
379138.01	6407805.46
379131.21	6407805.81
379124.41	6407806.16
379117.61	6407806.51
379110.81	6407806.86
379104.01	6407807.21
379097.21	6407807.56
379090.41	6407807.91
379083.61	6407808.26
379076.81	6407808.61
379070.01	6407808.96
379063.21	6407809.31
379056.41	6407809.66
379049.61	6407810.01
379049.97	6407816.78
379043.17	6407817.13
379036.37	6407817.48
379029.57	6407817.83
379022.77	6407818.18
379022.41	6407811.41
379015.61	6407811.76
379015.25	6407804.99
379008.45	6407805.34
379008.09	6407798.57
379001.29	6407798.92
379000.93	6407792.15
378994.13	6407792.50
378987.33	6407792.85
378986.97	6407786.08
378980.17	6407786.43
378979.81	6407779.66
378973.01	6407780.01
378972.65	6407773.24
378965.85	6407773.59
378965.49	6407766.82
378958.69	6407767.17
378958.33	6407760.40
378951.53	6407760.75
378951.17	6407753.98
378944.37	6407754.33
378944.01	6407747.56
378937.21	6407747.91
378936.85	6407741.14
378930.05	6407741.49
378929.69	6407734.72
378922.89	6407735.07
378922.53	6407728.30
378915.73	6407728.65
378915.37	6407721.88
378908.57	6407722.23
378908.21	6407715.46
378901.41	6407715.81
378901.05	6407709.04
378894.25	6407709.39
378893.89	6407702.62
378887.09	6407702.97
378886.73	6407696.20
378879.93	6407696.55
378879.57	6407689.78
378872.77	6407690.13
378872.41	6407683.36
378865.61	6407683.71
378865.25	6407676.94
378858.45	6407677.29
378851.65	6407677.64
378851.29	6407670.87
378844.49	6407671.22
378837.69	6407671.57
378830.89	6407671.92
378824.09	6407672.27
378817.29	6407672.62
378810.49	6407672.97
378803.69	6407673.32
378796.89	6407673.67
378790.09	6407674.02
378783.29	6407674.37
378776.49	6407674.72
378769.69	6407675.07
378762.89	6407675.42
378756.09	6407675.77
378749.29	6407676.12
378742.49	6407676.47
378735.69	6407676.82
378728.89	6407677.17
378722.09	6407677.52
378715.29	6407677.87
378708.49	6407678.22
378701.69	6407678.57
378694.89	6407678.92
378688.09	6407679.27
378681.29	6407679.62
378674.49	6407679.97
378667.69	6407680.32
378660.89	6407680.67
378654.09	6407681.02
378647.29	6407681.37
378640.49	6407681.72
378640.85	6407688.49
378634.05	6407688.84
378634.41	6407695.61
378627.61	6407695.96
378620.81	6407696.31
378621.17	6407703.08
378614.37	6407703.43
378614.73	6407710.20
378607.93	6407710.55
378608.29	6407717.32
378601.49	6407717.67
378601.85	6407724.44
378595.05	6407724.79
378595.41	6407731.56
378588.61	6407731.91
378588.97	6407738.68
378582.17	6407739.03
378575.37	6407739.38
378575.73	6407746.15
378568.93	6407746.50
378569.29	6407753.27
378562.49	6407753.62
378562.85	6407760.39
378556.05	6407760.74
378556.41	6407767.51
378549.61	6407767.86
378549.97	6407774.63
378543.17	6407774.98
378536.37	6407775.33
378536.73	6407782.10
378529.93	6407782.45
378530.29	6407789.22
378523.49	6407789.57
378523.85	6407796.34
378517.05	6407796.69
378517.41	6407803.46
378510.61	6407803.81
378510.97	6407810.58
378504.17	6407810.93
378497.37	6407811.28
378497.73	6407818.05
378490.93	6407818.40
378491.29	6407825.17
378484.49	6407825.52
378484.85	6407832.29
378478.05	6407832.64
378478.41	6407839.41
378471.61	6407839.76
378471.97	6407846.53
378465.17	6407846.88
378458.37	6407847.23
378458.73	6407854.00
378451.93	6407854.35
378452.29	6407861.12
378445.49	6407861.47
378445.85	6407868.24
378439.05	6407868.59
378439.41	6407875.36
378432.61	6407875.71
378425.81	6407876.06
378426.17	6407882.83
378419.37	6407883.18
378419.73	6407889.95
378412.93	6407890.30
378413.29	6407897.07
378406.49	6407897.42
378406.85	6407904.19
378400.05	6407904.54
378393.25	6407904.89
378393.61	6407911.66
378386.81	6407912.01
378387.17	6407918.78
378380.37	6407919.13
378380.73	6407925.90
378373.93	6407926.25
378374.29	6407933.02
378367.49	6407933.37
378360.69	6407933.72
378361.05	6407940.49
378354.25	6407940.84
378354.61	6407947.61
378347.81	6407947.96
378348.17	6407954.73
378341.37	6407955.08
378341.73	6407961.85
378334.93	6407962.20
378335.29	6407968.97
378328.49	6407969.32
378328.85	6407976.09
378322.05	6407976.44
378315.25	6407976.79
378315.61	6407983.56
378308.81	6407983.91
378309.17	6407990.68
378302.37	6407991.03
378302.73	6407997.80
378295.93	6407998.15
378289.13	6407998.50
378289.49	6408005.27
378282.69	6408005.62
378283.05	6408012.39
378276.25	6408012.74
378276.61	6408019.51
378269.81	6408019.86
378270.17	6408026.63
378263.37	6408026.98
378263.73	6408033.75
378256.93	6408034.10
378250.13	6408034.45
378250.49	6408041.22
378243.69	6408041.57
378244.05	6408048.34
378237.25	6408048.69
378237.61	6408055.46
378230.81	6408055.81
378231.17	6408062.58
378224.37	6408062.93
378224.73	6408069.70
378217.93	6408070.05
378211.13	6408070.40
378211.49	6408077.17
378204.69	6408077.52
378197.89	6408077.87
378191.09	6408078.22
378184.29	6408078.57
378177.49	6408078.92
378177.13	6408072.15
378170.33	6408072.50
378163.53	6408072.85
378156.73	6408073.20
378156.37	6408066.43
378149.57	6408066.78
378142.77	6408067.13
378135.97	6408067.48
378135.61	6408060.71
378128.81	6408061.06
378122.01	6408061.41
378115.21	6408061.76
378114.85	6408054.99
378108.05	6408055.34
378101.25	6408055.69
378094.45	6408056.04
378094.09	6408049.27
378087.29	6408049.62
378080.49	6408049.97
378073.69	6408050.32
378073.33	6408043.55
378066.53	6408043.90
378059.73	6408044.25
378052.93	6408044.60
378052.57	6408037.83
378045.77	6408038.18
378038.97	6408038.53
378032.17	6408038.88
378031.81	6408032.11
378025.01	6408032.46
378018.21	6408032.81
378011.41	6408033.16
378011.05	6408026.39
378004.25	6408026.74
377997.45	6408027.09
377990.65	6408027.44
377983.85	6408027.79
377983.49	6408021.02
377976.69	6408021.37
377969.89	6408021.72
377963.09	6408022.07
377962.73	6408015.30
377955.93	6408015.65
377949.13	6408016.00
377942.33	6408016.35
377935.53	6408016.70
377935.17	6408009.93
377928.37	6408010.28
377921.57	6408010.63
377914.77	6408010.98
377914.41	6408004.21
377907.61	6408004.56
377900.81	6408004.91
377894.01	6408005.26
377893.65	6407998.49
377886.85	6407998.84
377880.05	6407999.19
377873.25	6407999.54
377866.45	6407999.89
377866.09	6407993.12
377859.29	6407993.47
377852.49	6407993.82
377845.69	6407994.17
377845.33	6407987.40
377838.53	6407987.75
377831.73	6407988.10
377824.93	6407988.45
377818.13	6407988.80
377817.77	6407982.03
377810.97	6407982.38
377804.17	6407982.73
377797.37	6407983.08
377790.57	6407983.43
377790.21	6407976.66
377783.41	6407977.01
377776.61	6407977.36
377769.81	6407977.71
377769.45	6407970.94
377769.09	6407964.17
377768.73	6407957.40
377775.53	6407957.05
377782.33	6407956.70
377781.97	6407949.93
377788.77	6407949.58
377788.41	6407942.81
377795.21	6407942.46
377802.01	6407942.11
377801.65	6407935.34
377808.45	6407934.99
377808.09	6407928.22
377814.89	6407927.87
377814.53	6407921.10
377821.33	6407920.75
377820.97	6407913.98
377827.77	6407913.63
377834.57	6407913.28
377834.21	6407906.51
377841.01	6407906.16
377840.65	6407899.39
377847.45	6407899.04
377847.09	6407892.27
377853.89	6407891.92
377853.53	6407885.15
377860.33	6407884.80
377859.97	6407878.03
377866.77	6407877.68
377866.41	6407870.91
377873.21	6407870.56
377880.01	6407870.21
377879.65	6407863.44
377886.45	6407863.09
377886.09	6407856.32
377892.89	6407855.97
377892.53	6407849.20
377899.33	6407848.85
377898.97	6407842.08
377905.77	6407841.73
377905.41	6407834.96
377912.21	6407834.61
377911.85	6407827.84
377918.65	6407827.49
377918.29	6407820.72
377925.09	6407820.37
377924.73	6407813.60
377931.53	6407813.25
377931.17	6407806.48
377937.97	6407806.13
377944.77	6407805.78
377944.41	6407799.01
377951.21	6407798.66
377950.85	6407791.89
377957.65	6407791.54
377957.29	6407784.77
377964.09	6407784.42
377963.73	6407777.65
377970.53	6407777.30
377970.17	6407770.53
377976.97	6407770.18
377976.61	6407763.41
377983.41	6407763.06
377983.05	6407756.29
377989.85	6407755.94
377996.65	6407755.59
377996.29	6407748.82
378003.09	6407748.47
378002.73	6407741.70
378009.53	6407741.35
378009.17	6407734.58
378015.97	6407734.23
378015.61	6407727.46
378022.41	6407727.11
378022.05	6407720.34
378028.85	6407719.99
378028.49	6407713.22
378035.29	6407712.87
378034.93	6407706.10
378041.73	6407705.75
378041.37	6407698.98
378048.17	6407698.63
378047.81	6407691.86
378054.61	6407691.51
378054.25	6407684.74
378061.05	6407684.39
378060.69	6407677.62
378067.49	6407677.27
378067.13	6407670.50
378073.93	6407670.15
378080.73	6407669.80
378080.37	6407663.03
378087.17	6407662.68
378086.81	6407655.91
378093.61	6407655.56
378093.25	6407648.79
378100.05	6407648.44
378099.69	6407641.67
378106.49	6407641.32
378106.13	6407634.55
378112.93	6407634.20
378112.57	6407627.43
378119.37	6407627.08
378119.01	6407620.31
378125.81	6407619.96
378125.45	6407613.19
378132.25	6407612.84
378131.89	6407606.07
378138.69	6407605.72
378145.49	6407605.37
378145.13	6407598.60
378151.93	6407598.25
378151.57	6407591.48
378158.37	6407591.13
378158.01	6407584.36
378164.81	6407584.01
378164.45	6407577.24
378171.25	6407576.89
378170.89	6407570.12
378177.69	6407569.77
378177.33	6407563.00
378184.13	6407562.65
378183.77	6407555.88
378190.57	6407555.53
378197.37	6407555.18
378197.01	6407548.41
378203.81	6407548.06
378203.45	6407541.29
378210.25	6407540.94
378209.89	6407534.17
378216.69	6407533.82
378216.33	6407527.05
378223.13	6407526.70
378222.77	6407519.93
378229.57	6407519.58
378229.21	6407512.81
378236.01	6407512.46
378235.65	6407505.69
378242.45	6407505.34
378242.09	6407498.57
378248.89	6407498.22
378248.53	6407491.45
378255.33	6407491.10
378254.97	6407484.33
378261.77	6407483.98
378268.57	6407483.63
378268.21	6407476.86
378275.01	6407476.51
378274.65	6407469.74
378281.45	6407469.39
378281.09	6407462.62
378287.89	6407462.27
378287.53	6407455.50
378294.33	6407455.15
378293.97	6407448.38
378300.77	6407448.03
378300.41	6407441.26
378307.21	6407440.91
378306.85	6407434.14
378313.65	6407433.79
378313.29	6407427.02
378320.09	6407426.67
378319.73	6407419.90
378326.53	6407419.55
378326.17	6407412.78
378332.97	6407412.43
378339.77	6407412.08
378339.41	6407405.31
378346.21	6407404.96
378345.85	6407398.19
378352.65	6407397.84
378352.29	6407391.07
378359.09	6407390.72
378358.73	6407383.95
378365.53	6407383.60
378365.17	6407376.83
378371.97	6407376.48
378371.61	6407369.71
378378.41	6407369.36
378385.21	6407369.01
378384.85	6407362.24
378391.65	6407361.89
378391.29	6407355.12
378398.09	6407354.77
378397.73	6407348.00
378404.53	6407347.65
378404.17	6407340.88
378410.97	6407340.53
378410.61	6407333.76
378417.41	6407333.41
378417.05	6407326.64
378423.85	6407326.29
378423.49	6407319.52
378430.29	6407319.17
378429.93	6407312.40
378436.73	6407312.05
378436.37	6407305.28
378443.17	6407304.93
378449.97	6407304.58
378449.61	6407297.81
378456.41	6407297.46
378456.05	6407290.69
378462.85	6407290.34
378462.49	6407283.57
378469.29	6407283.22
378468.93	6407276.45
378475.73	6407276.10
378475.37	6407269.33
378482.17	6407268.98
378481.81	6407262.21
378488.61	6407261.86
378488.25	6407255.09
378495.05	6407254.74
378494.69	6407247.97
378501.49	6407247.62
378501.13	6407240.85
378507.93	6407240.50
378507.57	6407233.73
378514.37	6407233.38
378514.01	6407226.61
378520.81	6407226.26
378527.61	6407225.91
378527.25	6407219.14
378534.05	6407218.79
378533.69	6407212.02
378540.49	6407211.67
378540.13	6407204.90
378546.93	6407204.55
378546.57	6407197.78
378553.37	6407197.43
378553.01	6407190.66
378559.81	6407190.31
378566.61	6407189.96
378566.25	6407183.19
378573.05	6407182.84
378572.69	6407176.07
378579.49	6407175.72
378579.13	6407168.95
378585.93	6407168.60
378585.57	6407161.83
378592.37	6407161.48
378592.01	6407154.71
378591.65	6407147.94
378598.45	6407147.59
378598.09	6407140.82
378604.89	6407140.47
378604.53	6407133.70
378604.17	6407126.93
378603.81	6407120.16
378603.45	6407113.39
378596.65	6407113.74
378596.29	6407106.97
378595.93	6407100.20
378595.57	6407093.43
378588.77	6407093.78
378588.41	6407087.01
378581.61	6407087.36
378581.25	6407080.59
378580.89	6407073.82
378574.09	6407074.17
378573.73	6407067.40
378573.37	6407060.63
378566.57	6407060.98
378566.21	6407054.21
378565.85	6407047.44
378559.05	6407047.79
378558.69	6407041.02
378558.33	6407034.25
378551.53	6407034.60
378551.17	6407027.83
378550.81	6407021.06
378544.01	6407021.41
378543.65	6407014.64
378543.29	6407007.87
378542.93	6407001.10
378542.57	6406994.33
378542.21	6406987.56
378549.01	6406987.21
378548.65	6406980.44
378555.45	6406980.09
378555.09	6406973.32
378561.89	6406972.97
378561.53	6406966.20
378568.33	6406965.85
378575.13	6406965.50
378574.77	6406958.73
378581.57	6406958.38
378581.21	6406951.61
378588.01	6406951.26
378587.65	6406944.49
378594.45	6406944.14
378594.09	6406937.37
378600.89	6406937.02
378600.53	6406930.25
378607.33	6406929.90
378606.97	6406923.13
378613.77	6406922.78
378620.57	6406922.43
378620.21	6406915.66
378627.01	6406915.31
378626.65	6406908.54
378633.45	6406908.19
378633.09	6406901.42
378639.89	6406901.07
378639.53	6406894.30
378646.33	6406893.95
378645.97	6406887.18
378652.77	6406886.83
378652.41	6406880.06
378659.21	6406879.71
378658.85	6406872.94
378665.65	6406872.59
378665.29	6406865.82
378672.09	6406865.47
378671.73	6406858.70
378678.53	6406858.35
378678.17	6406851.58
378684.97	6406851.23
378684.61	6406844.46
378691.41	6406844.11
378698.21	6406843.76
378697.85	6406836.99
378704.65	6406836.64
378704.29	6406829.87
378711.09	6406829.52
378710.73	6406822.75
378717.53	6406822.40
378717.17	6406815.63
378723.97	6406815.28
378723.61	6406808.51
378730.41	6406808.16
378730.05	6406801.39
378736.85	6406801.04
378743.65	6406800.69
378743.29	6406793.92
378750.09	6406793.57
378749.73	6406786.80
378756.53	6406786.45
378756.17	6406779.68
378762.97	6406779.33
378762.61	6406772.56
378769.41	6406772.21
378769.05	6406765.44
378775.85	6406765.09
378782.65	6406764.74
378782.29	6406757.97
378789.09	6406757.62
378788.73	6406750.85
378795.53	6406750.50
378795.17	6406743.73
378801.97	6406743.38
378801.61	6406736.61
378808.41	6406736.26
378808.05	6406729.49
378814.85	6406729.14
378814.49	6406722.37
378821.29	6406722.02
378820.93	6406715.25
378827.73	6406714.90
378827.37	6406708.13
378834.17	6406707.78
378833.81	6406701.01
378840.61	6406700.66
378840.25	6406693.89
378847.05	6406693.54
378853.85	6406693.19
378853.49	6406686.42
378860.29	6406686.07
378859.93	6406679.30
378866.73	6406678.95
378866.37	6406672.18
378873.17	6406671.83
378872.81	6406665.06
378879.61	6406664.71
378879.25	6406657.94
378886.05	6406657.59
378892.85	6406657.24
378892.49	6406650.47
378899.29	6406650.12
378898.93	6406643.35
378905.73	6406643.00
378905.37	6406636.23
378912.17	6406635.88
378911.81	6406629.11
378918.61	6406628.76
378918.25	6406621.99
378925.05	6406621.64
378924.69	6406614.87
378931.49	6406614.52
378931.13	6406607.75
378937.93	6406607.40
378937.57	6406600.63
378944.37	6406600.28
378944.01	6406593.51
378950.81	6406593.16
378950.45	6406586.39
378957.25	6406586.04
378956.89	6406579.27
378963.69	6406578.92
378963.33	6406572.15
378970.13	6406571.80
378969.77	6406565.03
378976.57	6406564.68
378983.37	6406564.33
378983.01	6406557.56
378989.81	6406557.21
378989.45	6406550.44
378996.25	6406550.09
378995.89	6406543.32
379002.69	6406542.97
379002.33	6406536.20
379009.13	6406535.85
379008.77	6406529.08
379015.57	6406528.73
379022.37	6406528.38
379022.01	6406521.61
379028.81	6406521.26
379028.45	6406514.49
379035.25	6406514.14
379034.89	6406507.37
379041.69	6406507.02
379041.33	6406500.25
379048.13	6406499.90
379047.77	6406493.13
379054.57	6406492.78
379054.21	6406486.01
379061.01	6406485.66
379060.65	6406478.89
379067.45	6406478.54
379067.09	6406471.77
379073.89	6406471.42
379080.69	6406471.07
379080.33	6406464.30
379087.13	6406463.95
379086.77	6406457.18
379093.57	6406456.83
379093.21	6406450.06
379100.01	6406449.71
379099.65	6406442.94
379106.45	6406442.59
379106.09	6406435.82
379112.89	6406435.47
379112.53	6406428.70
379119.33	6406428.35
379126.13	6406428.00
379125.77	6406421.23
379132.57	6406420.88
379132.21	6406414.11
379139.01	6406413.76
379138.65	6406406.99
379145.45	6406406.64
379145.09	6406399.87
379151.89	6406399.52
379151.53	6406392.75
379158.33	6406392.40
379157.97	6406385.63
379164.77	6406385.28
379164.41	6406378.51
379171.21	6406378.16
379178.01	6406377.81
379177.65	6406371.04
379184.45	6406370.69
379184.09	6406363.92
379190.89	6406363.57
379190.53	6406356.80
379197.33	6406356.45
379196.97	6406349.68
379203.77	6406349.33
379210.57	6406348.98
379210.21	6406342.21
379217.01	6406341.86
379223.81	6406341.51
379230.61	6406341.16
379237.41	6406340.81
379237.77	6406347.58
379244.57	6406347.23
379244.93	6406354.00
379251.73	6406353.65
379252.09	6406360.42
379258.89	6406360.07
379259.25	6406366.84
379266.05	6406366.49
379266.41	6406373.26
379273.21	6406372.91
379273.57	6406379.68
379280.37	6406379.33
379280.73	6406386.10
379287.53	6406385.75
379287.89	6406392.52
379294.69	6406392.17
379295.05	6406398.94
379301.85	6406398.59
379302.21	6406405.36
379309.01	6406405.01
379309.37	6406411.78
379316.17	6406411.43
379316.53	6406418.20
379323.33	6406417.85
379323.69	6406424.62
379330.49	6406424.27
379330.85	6406431.04
379337.65	6406430.69
379338.01	6406437.46
379344.81	6406437.11
379345.17	6406443.88
379351.97	6406443.53
379352.33	6406450.30
379359.13	6406449.95
379359.49	6406456.72
379366.29	6406456.37
379366.65	6406463.14
379373.45	6406462.79
379373.81	6406469.56
379380.61	6406469.21
379380.97	6406475.98
379387.77	6406475.63
379388.13	6406482.40
379394.93	6406482.05
379395.29	6406488.82
379402.09	6406488.47
379402.45	6406495.24
379409.25	6406494.89
379416.05	6406494.54
379416.41	6406501.31
379423.21	6406500.96
379430.01	6406500.61
379436.81	6406500.26
379443.61	6406499.91
379443.97	6406506.68
379450.77	6406506.33
379457.57	6406505.98
379464.37	6406505.63
379471.17	6406505.28
379477.97	6406504.93
379484.77	6406504.58
379491.57	6406504.23
379498.37	6406503.88
379505.17	6406503.53
379511.97	6406503.18
379518.77	6406502.83
379525.57	6406502.48
379532.37	6406502.13
379539.17	6406501.78
379545.97	6406501.43
379552.77	6406501.08
379559.57	6406500.73
379566.37	6406500.38
379573.17	6406500.03
379579.97	6406499.68
379586.77	6406499.33
379593.57	6406498.98
379600.37	6406498.63
379607.17	6406498.28
379613.97	6406497.93
379620.77	6406497.58
379620.41	6406490.81
379627.21	6406490.46
379634.01	6406490.11
379640.81	6406489.76
379647.61	6406489.41
379654.41	6406489.06
379661.21	6406488.71
379660.85	6406481.94
379667.65	6406481.59
379674.45	6406481.24
379681.25	6406480.89
379688.05	6406480.54
379694.85	6406480.19
379694.49	6406473.42
379701.29	6406473.07
379708.09	6406472.72
379714.89	6406472.37
379721.69	6406472.02
379728.49	6406471.67
379735.29	6406471.32
379742.09	6406470.97
379742.45	6406477.74
379742.81	6406484.51
379743.17	6406491.28
379749.97	6406490.93
379750.33	6406497.70
379750.69	6406504.47
379757.49	6406504.12
379757.85	6406510.89
379758.21	6406517.66
379758.57	6406524.43
379765.37	6406524.08
379765.73	6406530.85
379766.09	6406537.62
379772.89	6406537.27
379773.25	6406544.04
379773.61	6406550.81
379773.97	6406557.58
379780.77	6406557.23
379781.13	6406564.00
379781.49	6406570.77
379788.29	6406570.42
379788.65	6406577.19
379789.01	6406583.96
379789.37	6406590.73
379796.17	6406590.38
379796.53	6406597.15
379796.89	6406603.92
379803.69	6406603.57
379804.05	6406610.34
379804.41	6406617.11
379811.21	6406616.76
379811.57	6406623.53
379818.37	6406623.18
379818.73	6406629.95
379825.53	6406629.60
379825.89	6406636.37
379826.25	6406643.14
379833.05	6406642.79
379833.41	6406649.56
379840.21	6406649.21
379840.57	6406655.98
379847.37	6406655.63
379847.73	6406662.40
379854.53	6406662.05
379854.89	6406668.82
379861.69	6406668.47
379862.05	6406675.24
379868.85	6406674.89
379869.21	6406681.66
379876.01	6406681.31
379876.37	6406688.08
379883.17	6406687.73
379883.53	6406694.50
379890.33	6406694.15
379890.69	6406700.92
379897.49	6406700.57
379904.29	6406700.22
379911.09	6406699.87
379911.45	6406706.64
379918.25	6406706.29
379925.05	6406705.94
379931.85	6406705.59
379938.65	6406705.24
379939.01	6406712.01
379945.81	6406711.66
379952.61	6406711.31
379959.41	6406710.96
379966.21	6406710.61
379966.57	6406717.38
379973.37	6406717.03
379980.17	6406716.68
379986.97	6406716.33
379987.33	6406723.10
379987.69	6406729.87
379994.49	6406729.52
379994.85	6406736.29
380001.65	6406735.94
380002.01	6406742.71
380008.81	6406742.36
380009.17	6406749.13
380015.97	6406748.78
380022.77	6406748.43
380022.41	6406741.66
380029.21	6406741.31
380036.01	6406740.96
380042.81	6406740.61
380049.61	6406740.26
380049.25	6406733.49
380056.05	6406733.14
380062.85	6406732.79
380069.65	6406732.44
380076.45	6406732.09
380076.09	6406725.32
380082.89	6406724.97
380089.69	6406724.62
380096.49	6406724.27
380103.29	6406723.92
380102.93	6406717.15
380109.73	6406716.80
380116.53	6406716.45
380123.33	6406716.10
380130.13	6406715.75
380129.77	6406708.98
380136.57	6406708.63
380143.37	6406708.28
380150.17	6406707.93
380156.97	6406707.58
380163.77	6406707.23
380170.57	6406706.88
380170.93	6406713.65
380177.73	6406713.30
380184.53	6406712.95
380191.33	6406712.60
380198.13	6406712.25
380198.49	6406719.02
380205.29	6406718.67
380212.09	6406718.32
380218.89	6406717.97
380219.25	6406724.74
380226.05	6406724.39
380232.85	6406724.04
380239.65	6406723.69
380246.45	6406723.34
380246.81	6406730.11
380253.61	6406729.76
380260.41	6406729.41
380267.21	6406729.06
380267.57	6406735.83
380274.37	6406735.48
380281.17	6406735.13
380287.97	6406734.78
380288.33	6406741.55
380295.13	6406741.20
380301.93	6406740.85
380308.73	6406740.50
380309.09	6406747.27
380315.89	6406746.92
380322.69	6406746.57
380329.49	6406746.22
380336.29	6406745.87
380336.65	6406752.64
380343.45	6406752.29
380350.25	6406751.94
380357.05	6406751.59
380357.41	6406758.36
380364.21	6406758.01
380371.01	6406757.66
380377.81	6406757.31
380378.17	6406764.08
380384.97	6406763.73
380391.77	6406763.38
380398.57	6406763.03
380398.93	6406769.80
380405.73	6406769.45
380412.53	6406769.10
380419.33	6406768.75
380419.69	6406775.52
380426.49	6406775.17
380433.29	6406774.82
380440.09	6406774.47
380446.89	6406774.12
380447.25	6406780.89
380454.05	6406780.54
380460.85	6406780.19
380467.65	6406779.84
380468.01	6406786.61
380474.81	6406786.26
380481.61	6406785.91
380488.41	6406785.56
380495.21	6406785.21
380495.57	6406791.98
380502.37	6406791.63
380509.17	6406791.28
380515.97	6406790.93
380516.33	6406797.70
380523.13	6406797.35
380529.93	6406797.00
380536.73	6406796.65
380537.09	6406803.42
380543.89	6406803.07
380550.69	6406802.72
380557.49	6406802.37
380564.29	6406802.02
380564.65	6406808.79
380571.45	6406808.44
380578.25	6406808.09
380585.05	6406807.74
380585.41	6406814.51
380592.21	6406814.16
380599.01	6406813.81
380605.81	6406813.46
380606.17	6406820.23
380612.97	6406819.88
380619.77	6406819.53
380626.57	6406819.18
380633.37	6406818.83
380633.73	6406825.60
380640.53	6406825.25
380647.33	6406824.90
380654.13	6406824.55
380654.49	6406831.32
380661.29	6406830.97
380668.09	6406830.62
380674.89	6406830.27
380675.25	6406837.04
380682.05	6406836.69
380688.85	6406836.34
380695.65	6406835.99
380696.01	6406842.76
380702.81	6406842.41
380709.61	6406842.06
380716.41	6406841.71
380716.77	6406848.48
380723.57	6406848.13
380730.37	6406847.78
380737.17	6406847.43
380737.53	6406854.20
380744.33	6406853.85
380751.13	6406853.50
380757.93	6406853.15
380764.73	6406852.80
380765.09	6406859.57
380771.89	6406859.22
380778.69	6406858.87
380785.49	6406858.52
380785.85	6406865.29
380792.65	6406864.94
380799.45	6406864.59
380806.25	6406864.24
380813.05	6406863.89
380813.41	6406870.66
380820.21	6406870.31
380827.01	6406869.96
380833.81	6406869.61
380834.17	6406876.38
380840.97	6406876.03
380847.77	6406875.68
380854.57	6406875.33
380854.93	6406882.10
380861.73	6406881.75
380868.53	6406881.40
380875.33	6406881.05
380875.69	6406887.82
380882.49	6406887.47
380889.29	6406887.12
380889.65	6406893.89
380896.45	6406893.54
380903.25	6406893.19
380910.05	6406892.84
380916.85	6406892.49
380917.21	6406899.26
380924.01	6406898.91
380930.81	6406898.56
380937.61	6406898.21
380944.41	6406897.86
380944.77	6406904.63
380951.57	6406904.28
380958.37	6406903.93
380958.73	6406910.70
380965.53	6406910.35
380972.33	6406910.00
380972.69	6406916.77
380979.49	6406916.42
380986.29	6406916.07
380986.65	6406922.84
380993.45	6406922.49
381000.25	6406922.14
381007.05	6406921.79
381013.85	6406921.44
381020.65	6406921.09
381020.29	6406914.32
381027.09	6406913.97
381033.89	6406913.62
381033.53	6406906.85
381040.33	6406906.50
381047.13	6406906.15
381053.93	6406905.80
381060.73	6406905.45
381067.53	6406905.10
381074.33	6406904.75
381081.13	6406904.40
381087.93	6406904.05
381094.73	6406903.70
381095.09	6406910.47
381101.89	6406910.12
381102.25	6406916.89
381109.05	6406916.54
381115.85	6406916.19
381122.65	6406915.84
381129.45	6406915.49
381129.09	6406908.72
381128.73	6406901.95
381128.37	6406895.18
381128.01	6406888.41
381127.65	6406881.64
381120.85	6406881.99
381114.05	6406882.34
381107.25	6406882.69
381100.45	6406883.04
381100.09	6406876.27
381093.29	6406876.62
381086.49	6406876.97
381079.69	6406877.32
381072.89	6406877.67
381066.09	6406878.02
381059.29	6406878.37
381052.49	6406878.72
381045.69	6406879.07
381045.33	6406872.30
381038.53	6406872.65
381038.17	6406865.88
381031.37	6406866.23
381024.57	6406866.58
381024.21	6406859.81
381017.41	6406860.16
381010.61	6406860.51
381003.81	6406860.86
380997.01	6406861.21
380996.65	6406854.44
380989.85	6406854.79
380983.05	6406855.14
380976.25	6406855.49
380975.89	6406848.72
380969.09	6406849.07
380962.29	6406849.42
380955.49	6406849.77
380948.69	6406850.12
380941.89	6406850.47
380935.09	6406850.82
380928.29	6406851.17
380921.49	6406851.52
380921.13	6406844.75
380914.33	6406845.10
380907.53	6406845.45
380900.73	6406845.80
380900.37	6406839.03
380893.57	6406839.38
380886.77	6406839.73
380879.97	6406840.08
380879.61	6406833.31
380872.81	6406833.66
380866.01	6406834.01
380859.21	6406834.36
380852.41	6406834.71
380852.05	6406827.94
380845.25	6406828.29
380838.45	6406828.64
380831.65	6406828.99
380831.29	6406822.22
380824.49	6406822.57
380817.69	6406822.92
380810.89	6406823.27
380810.53	6406816.50
380803.73	6406816.85
380796.93	6406817.20
380790.13	6406817.55
380789.77	6406810.78
380782.97	6406811.13
380776.17	6406811.48
380769.37	6406811.83
380762.57	6406812.18
380762.21	6406805.41
380755.41	6406805.76
380748.61	6406806.11
380741.81	6406806.46
380741.45	6406799.69
380734.65	6406800.04
380727.85	6406800.39
380721.05	6406800.74
380720.69	6406793.97
380713.89	6406794.32
380707.09	6406794.67
380700.29	6406795.02
380699.93	6406788.25
380693.13	6406788.60
380686.33	6406788.95
380679.53	6406789.30
380679.17	6406782.53
380672.37	6406782.88
380665.57	6406783.23
380658.77	6406783.58
380651.97	6406783.93
380651.61	6406777.16
380644.81	6406777.51
380638.01	6406777.86
380631.21	6406778.21
380630.85	6406771.44
380624.05	6406771.79
380617.25	6406772.14
380610.45	6406772.49
380610.09	6406765.72
380603.29	6406766.07
380596.49	6406766.42
380589.69	6406766.77
380589.33	6406760.00
380582.53	6406760.35
380575.73	6406760.70
380568.93	6406761.05
380568.57	6406754.28
380561.77	6406754.63
380554.97	6406754.98
380548.17	6406755.33
380547.81	6406748.56
380541.01	6406748.91
380534.21	6406749.26
380527.41	6406749.61
380527.05	6406742.84
380520.25	6406743.19
380513.45	6406743.54
380506.65	6406743.89
380499.85	6406744.24
380499.49	6406737.47
380492.69	6406737.82
380485.89	6406738.17
380479.09	6406738.52
380478.73	6406731.75
380471.93	6406732.10
380465.13	6406732.45
380458.33	6406732.80
380457.97	6406726.03
380451.17	6406726.38
380444.37	6406726.73
380437.57	6406727.08
380437.21	6406720.31
380430.41	6406720.66
380423.61	6406721.01
380416.81	6406721.36
380416.45	6406714.59
380409.65	6406714.94
380402.85	6406715.29
380396.05	6406715.64
380395.69	6406708.87
380388.89	6406709.22
380382.09	6406709.57
380375.29	6406709.92
380374.93	6406703.15
380368.13	6406703.50
380361.33	6406703.85
380354.53	6406704.20
380354.17	6406697.43
380347.37	6406697.78
380340.57	6406698.13
380333.77	6406698.48
380333.41	6406691.71
380326.61	6406692.06
380319.81	6406692.41
380313.01	6406692.76
380306.21	6406693.11
380305.85	6406686.34
380299.05	6406686.69
380292.25	6406687.04
380285.45	6406687.39
380285.09	6406680.62
380278.29	6406680.97
380271.49	6406681.32
380264.69	6406681.67
380264.33	6406674.90
380257.53	6406675.25
380250.73	6406675.60
380243.93	6406675.95
380243.57	6406669.18
380236.77	6406669.53
380229.97	6406669.88
380223.17	6406670.23
380222.81	6406663.46
380216.01	6406663.81
380209.21	6406664.16
380202.41	6406664.51
380202.05	6406657.74
380195.25	6406658.09
380188.45	6406658.44
380181.65	6406658.79
380174.85	6406659.14
380174.49	6406652.37
380167.69	6406652.72
380160.89	6406653.07
380160.53	6406646.30
380153.73	6406646.65
380153.37	6406639.88
380146.57	6406640.23
380139.77	6406640.58
380139.41	6406633.81
380132.61	6406634.16
380132.25	6406627.39
380125.45	6406627.74
380118.65	6406628.09
380118.29	6406621.32
380111.49	6406621.67
380111.13	6406614.90
380104.33	6406615.25
380097.53	6406615.60
380097.17	6406608.83
380090.37	6406609.18
380090.01	6406602.41
380089.65	6406595.64
380089.29	6406588.87
380088.93	6406582.10
380095.73	6406581.75
380095.37	6406574.98
380095.01	6406568.21
380094.65	6406561.44
380094.29	6406554.67
380093.93	6406547.90
380093.57	6406541.13
380093.21	6406534.36
380092.85	6406527.59
380099.65	6406527.24
380099.29	6406520.47
380098.93	6406513.70
380098.57	6406506.93
380098.21	6406500.16
380097.85	6406493.39
380097.49	6406486.62
380097.13	6406479.85
380096.77	6406473.08
380103.57	6406472.73
380103.21	6406465.96
380102.85	6406459.19
380102.49	6406452.42
380102.13	6406445.65
380101.77	6406438.88
380101.41	6406432.11
380101.05	6406425.34
380100.69	6406418.57
380100.33	6406411.80
380099.97	6406405.03
380099.61	6406398.26
380106.41	6406397.91
380106.05	6406391.14
380105.69	6406384.37
380105.33	6406377.60
380104.97	6406370.83
380104.61	6406364.06
380104.25	6406357.29
380103.89	6406350.52
380103.53	6406343.75
380110.33	6406343.40
380109.97	6406336.63
380109.61	6406329.86
380109.25	6406323.09
380108.89	6406316.32
380108.53	6406309.55
380108.17	6406302.78
380107.81	6406296.01
380107.45	6406289.24
380114.25	6406288.89
380113.89	6406282.12
380113.53	6406275.35
380113.17	6406268.58
380112.81	6406261.81
380112.45	6406255.04
380112.09	6406248.27
380111.73	6406241.50
380111.37	6406234.73
380111.01	6406227.96
380110.65	6406221.19
380110.29	6406214.42
380117.09	6406214.07
380116.73	6406207.30
380116.37	6406200.53
380116.01	6406193.76
380115.65	6406186.99
380115.29	6406180.22
380114.93	6406173.45
380114.57	6406166.68
380114.21	6406159.91
380113.85	6406153.14
380113.49	6406146.37
380120.29	6406146.02
380119.93	6406139.25
380119.57	6406132.48
380119.21	6406125.71
380118.85	6406118.94
380118.49	6406112.17
380118.13	6406105.40
380117.77	6406098.63
380117.41	6406091.86
380117.05	6406085.09
380123.85	6406084.74
380123.49	6406077.97
380123.13	6406071.20
380122.77	6406064.43
380122.41	6406057.66
380122.05	6406050.89
380121.69	6406044.12
380114.89	6406044.47
380114.53	6406037.70
380114.17	6406030.93
380113.81	6406024.16
380120.61	6406023.81
380120.25	6406017.04
380119.89	6406010.27
380119.53	6406003.50
380119.17	6405996.73
380118.81	6405989.96
380125.61	6405989.61
380125.25	6405982.84
380124.89	6405976.07
380124.53	6405969.30
380124.17	6405962.53
380123.81	6405955.76
380123.45	6405948.99
380123.09	6405942.22
380129.89	6405941.87
380129.53	6405935.10
380136.33	6405934.75
380135.97	6405927.98
380142.77	6405927.63
380149.57	6405927.28
380149.21	6405920.51
380156.01	6405920.16
380155.65	6405913.39
380162.45	6405913.04
380169.25	6405912.69
380168.89	6405905.92
380175.69	6405905.57
380175.33	6405898.80
380182.13	6405898.45
380188.93	6405898.10
380188.57	6405891.33
380195.37	6405890.98
380202.17	6405890.63
380201.81	6405883.86
380208.61	6405883.51
380208.25	6405876.74
380215.05	6405876.39
380221.85	6405876.04
380221.49	6405869.27
380228.29	6405868.92
380227.93	6405862.15
380234.73	6405861.80
380241.53	6405861.45
380241.17	6405854.68
380247.97	6405854.33
380247.61	6405847.56
380254.41	6405847.21
380261.21	6405846.86
380260.85	6405840.09
380267.65	6405839.74
380267.29	6405832.97
380274.09	6405832.62
380280.89	6405832.27
380280.53	6405825.50
380287.33	6405825.15
380294.13	6405824.80
380300.93	6405824.45
380307.73	6405824.10
380314.53	6405823.75
380314.89	6405830.52
380321.69	6405830.17
380322.05	6405836.94
380328.85	6405836.59
380329.21	6405843.36
380336.01	6405843.01
380342.81	6405842.66
380343.17	6405849.43
380349.97	6405849.08
380356.77	6405848.73
380357.13	6405855.50
380363.93	6405855.15
380370.73	6405854.80
380371.09	6405861.57
380377.89	6405861.22
380384.69	6405860.87
380385.05	6405867.64
380391.85	6405867.29
380398.65	6405866.94
380399.01	6405873.71
380405.81	6405873.36
380406.17	6405880.13
380412.97	6405879.78
380419.77	6405879.43
380420.13	6405886.20
380426.93	6405885.85
380433.73	6405885.50
380434.09	6405892.27
380440.89	6405891.92
380447.69	6405891.57
380448.05	6405898.34
380454.85	6405897.99
380461.65	6405897.64
380462.01	6405904.41
380468.81	6405904.06
380475.61	6405903.71
380482.41	6405903.36
380489.21	6405903.01
380496.01	6405902.66
380502.81	6405902.31
380509.61	6405901.96
380516.41	6405901.61
380516.77	6405908.38
380523.57	6405908.03
380523.93	6405914.80
380530.73	6405914.45
380531.09	6405921.22
380537.89	6405920.87
380538.25	6405927.64
380545.05	6405927.29
380551.85	6405926.94
380552.21	6405933.71
380559.01	6405933.36
380565.81	6405933.01
380566.17	6405939.78
380572.97	6405939.43
380573.33	6405946.20
380573.69	6405952.97
380580.49	6405952.62
380580.85	6405959.39
380587.65	6405959.04
380594.45	6405958.69
380594.81	6405965.46
380601.61	6405965.11
380608.41	6405964.76
380608.77	6405971.53
380615.57	6405971.18
380622.37	6405970.83
380622.73	6405977.60
380629.53	6405977.25
380636.33	6405976.90
380643.13	6405976.55
380649.93	6405976.20
380649.57	6405969.43
380656.37	6405969.08
380656.01	6405962.31
380662.81	6405961.96
380662.45	6405955.19
380669.25	6405954.84
380668.89	6405948.07
380675.69	6405947.72
380675.33	6405940.95
380682.13	6405940.60
380681.77	6405933.83
380688.57	6405933.48
380688.21	6405926.71
380687.85	6405919.94
380694.65	6405919.59
380694.29	6405912.82
380701.09	6405912.47
380700.73	6405905.70
380707.53	6405905.35
380707.17	6405898.58
380713.97	6405898.23
380713.61	6405891.46
380720.41	6405891.11
380720.05	6405884.34
380719.69	6405877.57
380726.49	6405877.22
380726.13	6405870.45
380732.93	6405870.10
380732.57	6405863.33
380732.21	6405856.56
380731.85	6405849.79
380731.49	6405843.02
380738.29	6405842.67
380737.93	6405835.90
380737.57	6405829.13
380744.37	6405828.78
380744.01	6405822.01
380743.65	6405815.24
380750.45	6405814.89
380750.09	6405808.12
380749.73	6405801.35
380756.53	6405801.00
380756.17	6405794.23
380755.81	6405787.46
380762.61	6405787.11
380762.25	6405780.34
380769.05	6405779.99
380768.69	6405773.22
380768.33	6405766.45
380775.13	6405766.10
380774.77	6405759.33
380781.57	6405758.98
380781.21	6405752.21
380788.01	6405751.86
380787.65	6405745.09
380787.29	6405738.32
380794.09	6405737.97
380800.89	6405737.62
380800.53	6405730.85
380807.33	6405730.50
380806.97	6405723.73
380813.77	6405723.38
380820.57	6405723.03
380820.21	6405716.26
380827.01	6405715.91
380826.65	6405709.14
380833.45	6405708.79
380833.09	6405702.02
380839.89	6405701.67
380839.53	6405694.90
380846.33	6405694.55
380845.97	6405687.78
380852.77	6405687.43
380852.41	6405680.66
380859.21	6405680.31
380866.01	6405679.96
380865.65	6405673.19
380872.45	6405672.84
380872.09	6405666.07
380878.89	6405665.72
380878.53	6405658.95
380885.33	6405658.60
380892.13	6405658.25
380898.93	6405657.90
380905.73	6405657.55
380912.53	6405657.20
380912.89	6405663.97
380913.25	6405670.74
380920.05	6405670.39
380920.41	6405677.16
380927.21	6405676.81
380927.57	6405683.58
380934.37	6405683.23
380941.17	6405682.88
380941.53	6405689.65
380948.33	6405689.30
380948.69	6405696.07
380955.49	6405695.72
380962.29	6405695.37
380962.65	6405702.14
380969.45	6405701.79
380969.81	6405708.56
380976.61	6405708.21
380983.41	6405707.86
380983.77	6405714.63
380990.57	6405714.28
380990.93	6405721.05
380997.73	6405720.70
381004.53	6405720.35
381004.89	6405727.12
381011.69	6405726.77
381012.05	6405733.54
381018.85	6405733.19
381025.65	6405732.84
381026.01	6405739.61
381032.81	6405739.26
381039.61	6405738.91
381039.97	6405745.68
381046.77	6405745.33
381047.13	6405752.10
381053.93	6405751.75
381054.29	6405758.52
381061.09	6405758.17
381067.89	6405757.82
381068.25	6405764.59
381075.05	6405764.24
381075.41	6405771.01
381082.21	6405770.66
381089.01	6405770.31
381089.37	6405777.08
381096.17	6405776.73
381102.97	6405776.38
381109.77	6405776.03
381116.57	6405775.68
381123.37	6405775.33
381130.17	6405774.98
381136.97	6405774.63
381143.77	6405774.28
381150.57	6405773.93
381157.37	6405773.58
381164.17	6405773.23
381170.97	6405772.88
381177.77	6405772.53
381184.57	6405772.18
381184.21	6405765.41
381191.01	6405765.06
381190.65	6405758.29
381197.45	6405757.94
381197.09	6405751.17
381196.73	6405744.40
381196.37	6405737.63
381196.01	6405730.86
381195.65	6405724.09
381202.45	6405723.74
381209.25	6405723.39
381216.05	6405723.04
381222.85	6405722.69
381223.21	6405729.46
381230.01	6405729.11
381236.81	6405728.76
381237.17	6405735.53
381243.97	6405735.18
381250.77	6405734.83
381257.57	6405734.48
381257.93	6405741.25
381264.73	6405740.90
381271.53	6405740.55
381278.33	6405740.20
381278.69	6405746.97
381285.49	6405746.62
381292.29	6405746.27
381292.65	6405753.04
381299.45	6405752.69
381306.25	6405752.34
381313.05	6405751.99
381313.41	6405758.76
381320.21	6405758.41
381327.01	6405758.06
381333.81	6405757.71
381334.17	6405764.48
381340.97	6405764.13
381347.77	6405763.78
381354.57	6405763.43
381354.93	6405770.20
381361.73	6405769.85
381368.53	6405769.50
381375.33	6405769.15
381382.13	6405768.80
381388.93	6405768.45
381388.57	6405761.68
381388.21	6405754.91
381387.85	6405748.14
381387.49	6405741.37
381380.69	6405741.72
381373.89	6405742.07
381367.09	6405742.42
381366.73	6405735.65
381359.93	6405736.00
381353.13	6405736.35
381346.33	6405736.70
381345.97	6405729.93
381339.17	6405730.28
381332.37	6405730.63
381332.01	6405723.86
381325.21	6405724.21
381318.41	6405724.56
381311.61	6405724.91
381311.25	6405718.14
381304.45	6405718.49
381304.09	6405711.72
381303.73	6405704.95
381303.37	6405698.18
381310.17	6405697.83
381309.81	6405691.06
381316.61	6405690.71
381316.25	6405683.94
381323.05	6405683.59
381329.85	6405683.24
381336.65	6405682.89
381343.45	6405682.54
381343.81	6405689.31
381350.61	6405688.96
381357.41	6405688.61
381357.77	6405695.38
381364.57	6405695.03
381371.37	6405694.68
381371.73	6405701.45
381378.53	6405701.10
381385.33	6405700.75
381385.69	6405707.52
381392.49	6405707.17
381392.85	6405713.94
381399.65	6405713.59
381406.45	6405713.24
381406.81	6405720.01
381413.61	6405719.66
381413.97	6405726.43
381420.77	6405726.08
381427.57	6405725.73
381427.93	6405732.50
381434.73	6405732.15
381435.09	6405738.92
381441.89	6405738.57
381442.25	6405745.34
381449.05	6405744.99
381455.85	6405744.64
381456.21	6405751.41
381463.01	6405751.06
381469.81	6405750.71
381470.17	6405757.48
381476.97	6405757.13
381483.77	6405756.78
381484.13	6405763.55
381490.93	6405763.20
381497.73	6405762.85
381504.53	6405762.50
381504.89	6405769.27
381511.69	6405768.92
381518.49	6405768.57
381525.29	6405768.22
381525.65	6405774.99
381532.45	6405774.64
381539.25	6405774.29
381546.05	6405773.94
381546.41	6405780.71
381553.21	6405780.36
381560.01	6405780.01
381560.37	6405786.78
381567.17	6405786.43
381567.53	6405793.20
381567.89	6405799.97
381574.69	6405799.62
381575.05	6405806.39
381581.85	6405806.04
381581.49	6405799.27
381588.29	6405798.92
381595.09	6405798.57
381601.89	6405798.22
381602.25	6405804.99
381609.05	6405804.64
381609.41	6405811.41
381616.21	6405811.06
381616.57	6405817.83
381616.93	6405824.60
381623.73	6405824.25
381624.09	6405831.02
381624.45	6405837.79
381624.81	6405844.56
381631.61	6405844.21
381631.97	6405850.98
381632.33	6405857.75
381632.69	6405864.52
381633.05	6405871.29
381633.41	6405878.06
381633.77	6405884.83
381634.13	6405891.60
381634.49	6405898.37
381634.85	6405905.14
381635.21	6405911.91
381635.57	6405918.68
381635.93	6405925.45
381636.29	6405932.22
381636.65	6405938.99
381637.01	6405945.76
381637.37	6405952.53
381637.73	6405959.30
381638.09	6405966.07
381638.45	6405972.84
381638.81	6405979.61
381639.17	6405986.38
381639.53	6405993.15
381639.89	6405999.92
381640.25	6406006.69
381640.61	6406013.46
381647.41	6406013.11
381647.77	6406019.88
381648.13	6406026.65
381654.93	6406026.30
381661.73	6406025.95
381662.09	6406032.72
381668.89	6406032.37
381675.69	6406032.02
381676.05	6406038.79
381682.85	6406038.44
381689.65	6406038.09
381696.45	6406037.74
381703.25	6406037.39
381703.61	6406044.16
381710.41	6406043.81
381717.21	6406043.46
381724.01	6406043.11
381724.37	6406049.88
381731.17	6406049.53
381737.97	6406049.18
381744.77	6406048.83
381751.57	6406048.48
381751.21	6406041.71
381758.01	6406041.36
381757.65	6406034.59
381757.29	6406027.82
381756.93	6406021.05
381750.13	6406021.40
381743.33	6406021.75
381743.69	6406028.52
381744.05	6406035.29
381737.25	6406035.64
381730.45	6406035.99
381723.65	6406036.34
381716.85	6406036.69
381716.49	6406029.92
381709.69	6406030.27
381702.89	6406030.62
381696.09	6406030.97
381689.29	6406031.32
381688.93	6406024.55
381682.13	6406024.90
381675.33	6406025.25
381668.53	6406025.60
381668.17	6406018.83
381661.37	6406019.18
381661.01	6406012.41
381660.65	6406005.64
381660.29	6405998.87
381659.93	6405992.10
381659.57	6405985.33
381659.21	6405978.56
381658.85	6405971.79
381658.49	6405965.02
381658.13	6405958.25
381657.77	6405951.48
381657.41	6405944.71
381657.05	6405937.94
381656.69	6405931.17
381656.33	6405924.40
381655.97	6405917.63
381655.61	6405910.86
381648.81	6405911.21
381648.45	6405904.44
381648.09	6405897.67
381647.73	6405890.90
381647.37	6405884.13
381647.01	6405877.36
381646.65	6405870.59
381646.29	6405863.82
381645.93	6405857.05
381645.57	6405850.28
381645.21	6405843.51
381644.85	6405836.74
381638.05	6405837.09
381637.69	6405830.32
381637.33	6405823.55
381630.53	6405823.90
381630.17	6405817.13
381629.81	6405810.36
381629.45	6405803.59
381622.65	6405803.94
381622.29	6405797.17
381615.49	6405797.52
381615.13	6405790.75
381608.33	6405791.10
381607.97	6405784.33
381601.17	6405784.68
381594.37	6405785.03
381594.01	6405778.26
381587.21	6405778.61
381586.85	6405771.84
381580.05	6405772.19
381573.25	6405772.54
381572.89	6405765.77
381566.09	6405766.12
381559.29	6405766.47
381558.93	6405759.70
381552.13	6405760.05
381545.33	6405760.40
381544.97	6405753.63
381538.17	6405753.98
381531.37	6405754.33
381524.57	6405754.68
381517.77	6405755.03
381517.41	6405748.26
381510.61	6405748.61
381503.81	6405748.96
381497.01	6405749.31
381496.65	6405742.54
381489.85	6405742.89
381483.05	6405743.24
381482.69	6405736.47
381475.89	6405736.82
381469.09	6405737.17
381468.73	6405730.40
381461.93	6405730.75
381455.13	6405731.10
381454.77	6405724.33
381447.97	6405724.68
381447.61	6405717.91
381440.81	6405718.26
381434.01	6405718.61
381433.65	6405711.84
381426.85	6405712.19
381426.49	6405705.42
381419.69	6405705.77
381419.33	6405699.00
381412.53	6405699.35
381405.73	6405699.70
381405.37	6405692.93
381398.57	6405693.28
381398.21	6405686.51
381391.41	6405686.86
381391.05	6405680.09
381384.25	6405680.44
381377.45	6405680.79
381377.09	6405674.02
381370.29	6405674.37
381369.93	6405667.60
381363.13	6405667.95
381356.33	6405668.30
381355.97	6405661.53
381349.17	6405661.88
381342.37	6405662.23
381335.57	6405662.58
381335.21	6405655.81
381328.41	6405656.16
381328.05	6405649.39
381321.25	6405649.74
381314.45	6405650.09
381314.09	6405643.32
381307.29	6405643.67
381300.49	6405644.02
381300.13	6405637.25
381293.33	6405637.60
381286.53	6405637.95
381279.73	6405638.30
381279.37	6405631.53
381272.57	6405631.88
381265.77	6405632.23
381265.41	6405625.46
381258.61	6405625.81
381251.81	6405626.16
381245.01	6405626.51
381244.65	6405619.74
381237.85	6405620.09
381231.05	6405620.44
381230.69	6405613.67
381223.89	6405614.02
381217.09	6405614.37
381210.29	6405614.72
381209.93	6405607.95
381203.13	6405608.30
381196.33	6405608.65
381189.53	6405609.00
381189.17	6405602.23
381182.37	6405602.58
381175.57	6405602.93
381168.77	6405603.28
381168.41	6405596.51
381161.61	6405596.86
381154.81	6405597.21
381148.01	6405597.56
381147.65	6405590.79
381140.85	6405591.14
381140.49	6405584.37
381133.69	6405584.72
381126.89	6405585.07
381120.09	6405585.42
381119.73	6405578.65
381112.93	6405579.00
381106.13	6405579.35
381099.33	6405579.70
381098.97	6405572.93
381092.17	6405573.28
381085.37	6405573.63
381085.01	6405566.86
381078.21	6405567.21
381077.85	6405560.44
381071.05	6405560.79
381070.69	6405554.02
381070.33	6405547.25
381069.97	6405540.48
381069.61	6405533.71
381076.41	6405533.36
381076.05	6405526.59
381082.85	6405526.24
381082.49	6405519.47
381089.29	6405519.12
381088.93	6405512.35
381088.57	6405505.58
381095.37	6405505.23
381095.01	6405498.46
381101.81	6405498.11
381108.61	6405497.76
381115.41	6405497.41
381122.21	6405497.06
381121.85	6405490.29
381128.65	6405489.94
381128.29	6405483.17
381135.09	6405482.82
381134.73	6405476.05
381141.53	6405475.70
381141.17	6405468.93
381147.97	6405468.58
381147.61	6405461.81
381154.41	6405461.46
381154.05	6405454.69
381153.69	6405447.92
381160.49	6405447.57
381167.29	6405447.22
381166.93	6405440.45
381173.73	6405440.10
381173.37	6405433.33
381180.17	6405432.98
381179.81	6405426.21
381179.45	6405419.44
381186.25	6405419.09
381185.89	6405412.32
381185.53	6405405.55
381192.33	6405405.20
381191.97	6405398.43
381198.77	6405398.08
381205.57	6405397.73
381205.21	6405390.96
381212.01	6405390.61
381218.81	6405390.26
381218.45	6405383.49
381225.25	6405383.14
381224.89	6405376.37
381231.69	6405376.02
381231.33	6405369.25
381238.13	6405368.90
381244.93	6405368.55
381244.57	6405361.78
381251.37	6405361.43
381251.01	6405354.66
381257.81	6405354.31
381257.45	6405347.54
381264.25	6405347.19
381271.05	6405346.84
381277.85	6405346.49
381284.65	6405346.14
381284.29	6405339.37
381291.09	6405339.02
381297.89	6405338.67
381304.69	6405338.32
381304.33	6405331.55
381303.97	6405324.78
381310.77	6405324.43
381310.41	6405317.66
381310.05	6405310.89
381316.85	6405310.54
381316.49	6405303.77
381323.29	6405303.42
381330.09	6405303.07
381336.89	6405302.72
381343.69	6405302.37
381343.33	6405295.60
381350.13	6405295.25
381349.77	6405288.48
381356.57	6405288.13
381356.21	6405281.36
381363.01	6405281.01
381362.65	6405274.24
381362.29	6405267.47
381369.09	6405267.12
381368.73	6405260.35
381375.53	6405260.00
381375.17	6405253.23
381374.81	6405246.46
381381.61	6405246.11
381381.25	6405239.34
381380.89	6405232.57
381387.69	6405232.22
381387.33	6405225.45
381394.13	6405225.10
381393.77	6405218.33
381393.41	6405211.56
381400.21	6405211.21
381399.85	6405204.44
381399.49	6405197.67
381406.29	6405197.32
381405.93	6405190.55
381405.57	6405183.78
381412.37	6405183.43
381412.01	6405176.66
381411.65	6405169.89
381418.45	6405169.54
381418.09	6405162.77
381417.73	6405156.00
381417.37	6405149.23
381424.17	6405148.88
381430.97	6405148.53
381437.77	6405148.18
381444.57	6405147.83
381444.93	6405154.60
381451.73	6405154.25
381452.09	6405161.02
381458.89	6405160.67
381465.69	6405160.32
381472.49	6405159.97
381472.85	6405166.74
381479.65	6405166.39
381480.01	6405173.16
381486.81	6405172.81
381493.61	6405172.46
381493.25	6405165.69
381500.05	6405165.34
381506.85	6405164.99
381513.65	6405164.64
381514.01	6405171.41
381514.37	6405178.18
381514.73	6405184.95
381521.53	6405184.60
381521.89	6405191.37
381528.69	6405191.02
381535.49	6405190.67
381535.85	6405197.44
381542.65	6405197.09
381543.01	6405203.86
381549.81	6405203.51
381556.61	6405203.16
381556.97	6405209.93
381563.77	6405209.58
381563.41	6405202.81
381570.21	6405202.46
381577.01	6405202.11
381583.81	6405201.76
381584.17	6405208.53
381584.53	6405215.30
381584.89	6405222.07
381585.25	6405228.84
381592.05	6405228.49
381592.41	6405235.26
381599.21	6405234.91
381598.85	6405228.14
381605.65	6405227.79
381605.29	6405221.02
381612.09	6405220.67
381611.73	6405213.90
381611.37	6405207.13
381618.17	6405206.78
381617.81	6405200.01
381617.45	6405193.24
381624.25	6405192.89
381623.89	6405186.12
381630.69	6405185.77
381630.33	6405179.00
381629.97	6405172.23
381636.77	6405171.88
381636.41	6405165.11
381636.05	6405158.34
381642.85	6405157.99
381642.49	6405151.22
381642.13	6405144.45
381648.93	6405144.10
381648.57	6405137.33
381648.21	6405130.56
381655.01	6405130.21
381654.65	6405123.44
381654.29	6405116.67
381661.09	6405116.32
381660.73	6405109.55
381667.53	6405109.20
381667.17	6405102.43
381666.81	6405095.66
381673.61	6405095.31
381673.25	6405088.54
381672.89	6405081.77
381679.69	6405081.42
381679.33	6405074.65
381678.97	6405067.88
381685.77	6405067.53
381685.41	6405060.76
381685.05	6405053.99
381691.85	6405053.64
381691.49	6405046.87
381698.29	6405046.52
381697.93	6405039.75
381697.57	6405032.98
381704.37	6405032.63
381704.01	6405025.86
381703.65	6405019.09
381710.45	6405018.74
381710.09	6405011.97
381709.73	6405005.20
381716.53	6405004.85
381716.17	6404998.08
381715.81	6404991.31
381722.61	6404990.96
381722.25	6404984.19
381729.05	6404983.84
381735.85	6404983.49
381742.65	6404983.14
381749.45	6404982.79
381756.25	6404982.44
381756.61	6404989.21
381763.41	6404988.86
381770.21	6404988.51
381777.01	6404988.16
381783.81	6404987.81
381784.17	6404994.58
381790.97	6404994.23
381791.33	6405001.00
381798.13	6405000.65
381798.49	6405007.42
381798.85	6405014.19
381805.65	6405013.84
381806.01	6405020.61
381806.37	6405027.38
381813.17	6405027.03
381813.53	6405033.80
381820.33	6405033.45
381820.69	6405040.22
381821.05	6405046.99
381827.85	6405046.64
381828.21	6405053.41
381828.57	6405060.18
381835.37	6405059.83
381835.73	6405066.60
381842.53	6405066.25
381842.89	6405073.02
381843.25	6405079.79
381843.61	6405086.56
381836.81	6405086.91
381837.17	6405093.68
381837.53	6405100.45
381837.89	6405107.22
381844.69	6405106.87
381845.05	6405113.64
381851.85	6405113.29
381858.65	6405112.94
381859.01	6405119.71
381865.81	6405119.36
381872.61	6405119.01
381872.97	6405125.78
381879.77	6405125.43
381886.57	6405125.08
381893.37	6405124.73
381893.73	6405131.50
381900.53	6405131.15
381907.33	6405130.80
381907.69	6405137.57
381914.49	6405137.22
381921.29	6405136.87
381928.09	6405136.52
381928.45	6405143.29
381928.81	6405150.06
381929.17	6405156.83
381922.37	6405157.18
381915.57	6405157.53
381915.93	6405164.30
381909.13	6405164.65
381909.49	6405171.42
381902.69	6405171.77
381903.05	6405178.54
381896.25	6405178.89
381896.61	6405185.66
381889.81	6405186.01
381890.17	6405192.78
381883.37	6405193.13
381883.73	6405199.90
381884.09	6405206.67
381877.29	6405207.02
381877.65	6405213.79
381878.01	6405220.56
381878.37	6405227.33
381871.57	6405227.68
381871.93	6405234.45
381872.29	6405241.22
381865.49	6405241.57
381865.85	6405248.34
381866.21	6405255.11
381866.57	6405261.88
381859.77	6405262.23
381860.13	6405269.00
381860.49	6405275.77
381853.69	6405276.12
381854.05	6405282.89
381854.41	6405289.66
381847.61	6405290.01
381847.97	6405296.78
381848.33	6405303.55
381841.53	6405303.90
381841.89	6405310.67
381842.25	6405317.44
381842.61	6405324.21
381835.81	6405324.56
381836.17	6405331.33
381829.37	6405331.68
381829.73	6405338.45
381822.93	6405338.80
381823.29	6405345.57
381823.65	6405352.34
381824.01	6405359.11
381824.37	6405365.88
381831.17	6405365.53
381837.97	6405365.18
381837.61	6405358.41
381837.25	6405351.64
381844.05	6405351.29
381843.69	6405344.52
381843.33	6405337.75
381850.13	6405337.40
381849.77	6405330.63
381849.41	6405323.86
381849.05	6405317.09
381855.85	6405316.74
381855.49	6405309.97
381855.13	6405303.20
381861.93	6405302.85
381861.57	6405296.08
381861.21	6405289.31
381860.85	6405282.54
381867.65	6405282.19
381867.29	6405275.42
381866.93	6405268.65
381873.73	6405268.30
381873.37	6405261.53
381873.01	6405254.76
381872.65	6405247.99
381879.45	6405247.64
381879.09	6405240.87
381878.73	6405234.10
381885.53	6405233.75
381885.17	6405226.98
381884.81	6405220.21
381884.45	6405213.44
381891.25	6405213.09
381890.89	6405206.32
381890.53	6405199.55
381897.33	6405199.20
381896.97	6405192.43
381903.77	6405192.08
381903.41	6405185.31
381910.21	6405184.96
381909.85	6405178.19
381916.65	6405177.84
381916.29	6405171.07
381923.09	6405170.72
381922.73	6405163.95
381929.53	6405163.60
381936.33	6405163.25
381943.13	6405162.90
381949.93	6405162.55
381956.73	6405162.20
381956.37	6405155.43
381963.17	6405155.08
381962.81	6405148.31
381969.61	6405147.96
381976.41	6405147.61
381976.05	6405140.84
381982.85	6405140.49
381989.65	6405140.14
381996.45	6405139.79
381996.81	6405146.56
382003.61	6405146.21
382010.41	6405145.86
382017.21	6405145.51
382024.01	6405145.16
382030.81	6405144.81
382031.17	6405151.58
382037.97	6405151.23
382044.77	6405150.88
382051.57	6405150.53
382058.37	6405150.18
382065.17	6405149.83
382071.97	6405149.48
382078.77	6405149.13
382085.57	6405148.78
382092.37	6405148.43
382099.17	6405148.08
382105.97	6405147.73
382112.77	6405147.38
382119.57	6405147.03
382126.37	6405146.68
382133.17	6405146.33
382133.53	6405153.10
382140.33	6405152.75
382147.13	6405152.40
382153.93	6405152.05
382160.73	6405151.70
382161.09	6405158.47
382167.89	6405158.12
382174.69	6405157.77
382181.49	6405157.42
382181.85	6405164.19
382188.65	6405163.84
382195.45	6405163.49
382202.25	6405163.14
382209.05	6405162.79
382215.85	6405162.44
382222.65	6405162.09
382229.45	6405161.74
382236.25	6405161.39
382243.05	6405161.04
382243.41	6405167.81
382250.21	6405167.46
382257.01	6405167.11
382263.81	6405166.76
382270.61	6405166.41
382277.41	6405166.06
382284.21	6405165.71
382291.01	6405165.36
382297.81	6405165.01
382304.61	6405164.66
382311.41	6405164.31
382311.77	6405171.08
382318.57	6405170.73
382325.37	6405170.38
382325.73	6405177.15
382332.53	6405176.80
382332.89	6405183.57
382339.69	6405183.22
382346.49	6405182.87
382346.85	6405189.64
382347.21	6405196.41
382347.57	6405203.18
382354.37	6405202.83
382361.17	6405202.48
382367.97	6405202.13
382368.33	6405208.90
382375.13	6405208.55
382381.93	6405208.20
382388.73	6405207.85
382389.09	6405214.62
382395.89	6405214.27
382402.69	6405213.92
382409.49	6405213.57
382409.85	6405220.34
382416.65	6405219.99
382423.45	6405219.64
382430.25	6405219.29
382437.05	6405218.94
382443.85	6405218.59
382450.65	6405218.24
382457.45	6405217.89
382464.25	6405217.54
382471.05	6405217.19
382470.69	6405210.42
382477.49	6405210.07
382484.29	6405209.72
382484.65	6405216.49
382491.45	6405216.14
382491.81	6405222.91
382498.61	6405222.56
382498.97	6405229.33
382505.77	6405228.98
382506.13	6405235.75
382512.93	6405235.40
382519.73	6405235.05
382526.53	6405234.70
382533.33	6405234.35
382540.13	6405234.00
382546.93	6405233.65
382553.73	6405233.30
382553.37	6405226.53
382560.17	6405226.18
382566.97	6405225.83
382573.77	6405225.48
382573.41	6405218.71
382580.21	6405218.36
382587.01	6405218.01
382593.81	6405217.66
382600.61	6405217.31
382607.41	6405216.96
382607.05	6405210.19
382613.85	6405209.84
382620.65	6405209.49
382627.45	6405209.14
382634.25	6405208.79
382641.05	6405208.44
382647.85	6405208.09
382654.65	6405207.74
382661.45	6405207.39
382668.25	6405207.04
382675.05	6405206.69
382681.85	6405206.34
382681.49	6405199.57
382681.13	6405192.80
382680.77	6405186.03
382680.41	6405179.26
382673.61	6405179.61
382666.81	6405179.96
382660.01	6405180.31
382653.21	6405180.66
382653.57	6405187.43
382646.77	6405187.78
382639.97	6405188.13
382633.17	6405188.48
382626.37	6405188.83
382619.57	6405189.18
382612.77	6405189.53
382605.97	6405189.88
382599.17	6405190.23
382592.37	6405190.58
382585.57	6405190.93
382578.77	6405191.28
382579.13	6405198.05
382572.33	6405198.40
382565.53	6405198.75
382558.73	6405199.10
382551.93	6405199.45
382552.29	6405206.22
382545.49	6405206.57
382538.69	6405206.92
382531.89	6405207.27
382532.25	6405214.04
382525.45	6405214.39
382525.09	6405207.62
382518.29	6405207.97
382517.93	6405201.20
382511.13	6405201.55
382510.77	6405194.78
382503.97	6405195.13
382503.61	6405188.36
382496.81	6405188.71
382490.01	6405189.06
382483.21	6405189.41
382476.41	6405189.76
382469.61	6405190.11
382462.81	6405190.46
382456.01	6405190.81
382449.21	6405191.16
382442.41	6405191.51
382442.77	6405198.28
382435.97	6405198.63
382429.17	6405198.98
382428.81	6405192.21
382422.01	6405192.56
382415.21	6405192.91
382408.41	6405193.26
382408.05	6405186.49
382401.25	6405186.84
382394.45	6405187.19
382387.65	6405187.54
382387.29	6405180.77
382380.49	6405181.12
382373.69	6405181.47
382366.89	6405181.82
382366.53	6405175.05
382366.17	6405168.28
382365.81	6405161.51
382359.01	6405161.86
382352.21	6405162.21
382351.85	6405155.44
382345.05	6405155.79
382344.69	6405149.02
382337.89	6405149.37
382331.09	6405149.72
382330.73	6405142.95
382323.93	6405143.30
382317.13	6405143.65
382310.33	6405144.00
382303.53	6405144.35
382296.73	6405144.70
382289.93	6405145.05
382283.13	6405145.40
382276.33	6405145.75
382269.53	6405146.10
382262.73	6405146.45
382262.37	6405139.68
382255.57	6405140.03
382248.77	6405140.38
382241.97	6405140.73
382235.17	6405141.08
382228.37	6405141.43
382221.57	6405141.78
382214.77	6405142.13
382207.97	6405142.48
382201.17	6405142.83
382200.81	6405136.06
382194.01	6405136.41
382187.21	6405136.76
382180.41	6405137.11
382180.05	6405130.34
382173.25	6405130.69
382166.45	6405131.04
382159.65	6405131.39
382152.85	6405131.74
382152.49	6405124.97
382145.69	6405125.32
382138.89	6405125.67
382132.09	6405126.02
382125.29	6405126.37
382118.49	6405126.72
382111.69	6405127.07
382104.89	6405127.42
382098.09	6405127.77
382091.29	6405128.12
382084.49	6405128.47
382077.69	6405128.82
382070.89	6405129.17
382064.09	6405129.52
382057.29	6405129.87
382050.49	6405130.22
382050.13	6405123.45
382043.33	6405123.80
382036.53	6405124.15
382029.73	6405124.50
382022.93	6405124.85
382016.13	6405125.20
382015.77	6405118.43
382015.41	6405111.66
382015.05	6405104.89
382021.85	6405104.54
382021.49	6405097.77
382021.13	6405091.00
382014.33	6405091.35
382013.97	6405084.58
382013.61	6405077.81
382013.25	6405071.04
382012.89	6405064.27
382012.53	6405057.50
382019.33	6405057.15
382018.97	6405050.38
382018.61	6405043.61
382018.25	6405036.84
382025.05	6405036.49
382024.69	6405029.72
382024.33	6405022.95
382023.97	6405016.18
382030.77	6405015.83
382030.41	6405009.06
382030.05	6405002.29
382036.85	6405001.94
382036.49	6404995.17
382036.13	6404988.40
382035.77	6404981.63
382035.41	6404974.86
382042.21	6404974.51
382041.85	6404967.74
382041.49	6404960.97
382041.13	6404954.20
382040.77	6404947.43
382047.57	6404947.08
382047.21	6404940.31
382046.85	6404933.54
382046.49	6404926.77
382046.13	6404920.00
382045.77	6404913.23
382038.97	6404913.58
382038.61	6404906.81
382038.25	6404900.04
382031.45	6404900.39
382024.65	6404900.74
382017.85	6404901.09
382017.49	6404894.32
382010.69	6404894.67
382003.89	6404895.02
381997.09	6404895.37
381990.29	6404895.72
381989.93	6404888.95
381983.13	6404889.30
381976.33	6404889.65
381969.53	6404890.00
381962.73	6404890.35
381962.37	6404883.58
381955.57	6404883.93
381948.77	6404884.28
381941.97	6404884.63
381935.17	6404884.98
381928.37	6404885.33
381928.01	6404878.56
381921.21	6404878.91
381914.41	6404879.26
381907.61	6404879.61
381900.81	6404879.96
381900.45	6404873.19
381893.65	6404873.54
381886.85	6404873.89
381880.05	6404874.24
381873.25	6404874.59
381866.45	6404874.94
381866.09	6404868.17
381859.29	6404868.52
381852.49	6404868.87
381845.69	6404869.22
381838.89	6404869.57
381838.53	6404862.80
381831.73	6404863.15
381824.93	6404863.50
381818.13	6404863.85
381811.33	6404864.20
381804.53	6404864.55
381804.17	6404857.78
381797.37	6404858.13
381790.57	6404858.48
381783.77	6404858.83
381776.97	6404859.18
381770.17	6404859.53
381769.81	6404852.76
381763.01	6404853.11
381763.37	6404859.88
381756.57	6404860.23
381756.93	6404867.00
381750.13	6404867.35
381743.33	6404867.70
381736.53	6404868.05
381736.17	6404861.28
381735.81	6404854.51
381729.01	6404854.86
381728.65	6404848.09
381721.85	6404848.44
381715.05	6404848.79
381708.25	6404849.14
381701.45	6404849.49
381694.65	6404849.84
381687.85	6404850.19
381687.49	6404843.42
381680.69	6404843.77
381681.05	6404850.54
381674.25	6404850.89
381674.61	6404857.66
381667.81	6404858.01
381661.01	6404858.36
381654.21	6404858.71
381653.85	6404851.94
381653.49	6404845.17
381653.13	6404838.40
381646.33	6404838.75
381639.53	6404839.10
381632.73	6404839.45
381632.37	6404832.68
381632.01	6404825.91
381631.65	6404819.14
381631.29	6404812.37
381638.09	6404812.02
381637.73	6404805.25
381637.37	6404798.48
381637.01	6404791.71
381636.65	6404784.94
381636.29	6404778.17
381643.09	6404777.82
381642.73	6404771.05
381642.37	6404764.28
381642.01	6404757.51
381641.65	6404750.74
381641.29	6404743.97
381648.09	6404743.62
381647.73	6404736.85
381647.37	6404730.08
381647.01	6404723.31
381646.65	6404716.54
381646.29	6404709.77
381653.09	6404709.42
381652.73	6404702.65
381652.37	6404695.88
381659.17	6404695.53
381658.81	6404688.76
381665.61	6404688.41
381672.41	6404688.06
381672.05	6404681.29
381671.69	6404674.52
381678.49	6404674.17
381678.13	6404667.40
381677.77	6404660.63
381677.41	6404653.86
381677.05	6404647.09
381676.69	6404640.32
381676.33	6404633.55
381675.97	6404626.78
381675.61	6404620.01
381675.25	6404613.24
381674.89	6404606.47
381674.53	6404599.70
381674.17	6404592.93
381673.81	6404586.16
381673.45	6404579.39
381673.09	6404572.62
381672.73	6404565.85
381665.93	6404566.20
381665.57	6404559.43
381658.77	6404559.78
381658.41	6404553.01
381658.05	6404546.24
381657.69	6404539.47
381664.49	6404539.12
381664.13	6404532.35
381670.93	6404532.00
381670.57	6404525.23
381677.37	6404524.88
381677.01	6404518.11
381676.65	6404511.34
381669.85	6404511.69
381669.49	6404504.92
381662.69	6404505.27
381662.33	6404498.50
381661.97	6404491.73
381661.61	6404484.96
381654.81	6404485.31
381654.45	6404478.54
381647.65	6404478.89
381648.01	6404485.66
381648.37	6404492.43
381641.57	6404492.78
381634.77	6404493.13
381627.97	6404493.48
381627.61	6404486.71
381627.25	6404479.94
381626.89	6404473.17
381626.53	6404466.40
381626.17	6404459.63
381625.81	6404452.86
381619.01	6404453.21
381618.65	6404446.44
381618.29	6404439.67
381611.49	6404440.02
381611.13	6404433.25
381604.33	6404433.60
381597.53	6404433.95
381590.73	6404434.30
381583.93	6404434.65
381583.57	6404427.88
381576.77	6404428.23
381569.97	6404428.58
381569.61	6404421.81
381569.25	6404415.04
381562.45	6404415.39
381555.65	6404415.74
381555.29	6404408.97
381554.93	6404402.20
381548.13	6404402.55
381547.77	6404395.78
381547.41	6404389.01
381547.05	6404382.24
381546.69	6404375.47
381546.33	6404368.70
381545.97	6404361.93
381545.61	6404355.16
381545.25	6404348.39
381544.89	6404341.62
381538.09	6404341.97
381537.73	6404335.20
381537.37	6404328.43
381537.01	6404321.66
381543.81	6404321.31
381550.61	6404320.96
381557.41	6404320.61
381557.05	6404313.84
381563.85	6404313.49
381563.49	6404306.72
381563.13	6404299.95
381562.77	6404293.18
381562.41	6404286.41
381569.21	6404286.06
381568.85	6404279.29
381568.49	6404272.52
381568.13	6404265.75
381567.77	6404258.98
381574.57	6404258.63
381574.93	6404265.40
381581.73	6404265.05
381581.37	6404258.28
381581.01	6404251.51
381580.65	6404244.74
381580.29	6404237.97
381587.09	6404237.62
381586.73	6404230.85
381586.37	6404224.08
381586.01	6404217.31
381585.65	6404210.54
381585.29	6404203.77
381592.09	6404203.42
381591.73	6404196.65
381598.53	6404196.30
381605.33	6404195.95
381604.97	6404189.18
381611.77	6404188.83
381618.57	6404188.48
381618.93	6404195.25
381619.29	6404202.02
381619.65	6404208.79
381626.45	6404208.44
381626.81	6404215.21
381627.17	6404221.98
381627.53	6404228.75
381634.33	6404228.40
381634.69	6404235.17
381635.05	6404241.94
381641.85	6404241.59
381642.21	6404248.36
381642.57	6404255.13
381642.93	6404261.90
381649.73	6404261.55
381650.09	6404268.32
381650.45	6404275.09
381657.25	6404274.74
381657.61	6404281.51
381657.97	6404288.28
381658.33	6404295.05
381665.13	6404294.70
381665.49	6404301.47
381665.85	6404308.24
381672.65	6404307.89
381673.01	6404314.66
381679.81	6404314.31
381680.17	6404321.08
381686.97	6404320.73
381693.77	6404320.38
381700.57	6404320.03
381707.37	6404319.68
381707.73	6404326.45
381714.53	6404326.10
381721.33	6404325.75
381728.13	6404325.40
381734.93	6404325.05
381735.29	6404331.82
381742.09	6404331.47
381748.89	6404331.12
381755.69	6404330.77
381762.49	6404330.42
381769.29	6404330.07
381776.09	6404329.72
381782.89	6404329.37
381782.53	6404322.60
381789.33	6404322.25
381796.13	6404321.90
381802.93	6404321.55
381809.73	6404321.20
381816.53	6404320.85
381823.33	6404320.50
381830.13	6404320.15
381836.93	6404319.80
381843.73	6404319.45
381850.53	6404319.10
381857.33	6404318.75
381864.13	6404318.40
381870.93	6404318.05
381877.73	6404317.70
381877.37	6404310.93
381884.17	6404310.58
381890.97	6404310.23
381897.77	6404309.88
381904.57	6404309.53
381911.37	6404309.18
381918.17	6404308.83
381918.53	6404315.60
381925.33	6404315.25
381925.69	6404322.02
381932.49	6404321.67
381932.85	6404328.44
381939.65	6404328.09
381940.01	6404334.86
381946.81	6404334.51
381947.17	6404341.28
381953.97	6404340.93
381954.33	6404347.70
381961.13	6404347.35
381961.49	6404354.12
381968.29	6404353.77
381968.65	6404360.54
381975.45	6404360.19
381975.81	6404366.96
381982.61	6404366.61
381982.97	6404373.38
381989.77	6404373.03
381990.13	6404379.80
381996.93	6404379.45
381997.29	6404386.22
382004.09	6404385.87
382004.45	6404392.64
382011.25	6404392.29
382011.61	6404399.06
382018.41	6404398.71
382018.77	6404405.48
382025.57	6404405.13
382025.93	6404411.90
382032.73	6404411.55
382033.09	6404418.32
382039.89	6404417.97
382040.25	6404424.74
382047.05	6404424.39
382047.41	6404431.16
382054.21	6404430.81
382054.57	6404437.58
382061.37	6404437.23
382061.73	6404444.00
382068.53	6404443.65
382068.89	6404450.42
382075.69	6404450.07
382076.05	6404456.84
382082.85	6404456.49
382083.21	6404463.26
382090.01	6404462.91
382090.37	6404469.68
382097.17	6404469.33
382103.97	6404468.98
382104.33	6404475.75
382111.13	6404475.40
382117.93	6404475.05
382124.73	6404474.70
382125.09	6404481.47
382131.89	6404481.12
382138.69	6404480.77
382145.49	6404480.42
382145.85	6404487.19
382152.65	6404486.84
382159.45	6404486.49
382159.81	6404493.26
382166.61	6404492.91
382173.41	6404492.56
382180.21	6404492.21
382180.57	6404498.98
382187.37	6404498.63
382194.17	6404498.28
382200.97	6404497.93
382201.33	6404504.70
382208.13	6404504.35
382214.93	6404504.00
382215.29	6404510.77
382222.09	6404510.42
382228.89	6404510.07
382235.69	6404509.72
382236.05	6404516.49
382242.85	6404516.14
382249.65	6404515.79
382256.45	6404515.44
382263.25	6404515.09
382263.61	6404521.86
382270.41	6404521.51
382277.21	6404521.16
382284.01	6404520.81
382284.37	6404527.58
382291.17	6404527.23
382297.97	6404526.88
382304.77	6404526.53
382311.57	6404526.18
382311.93	6404532.95
382318.73	6404532.60
382325.53	6404532.25
382332.33	6404531.90
382339.13	6404531.55
382339.49	6404538.32
382346.29	6404537.97
382353.09	6404537.62
382359.89	6404537.27
382360.25	6404544.04
382367.05	6404543.69
382373.85	6404543.34
382380.65	6404542.99
382381.01	6404549.76
382387.81	6404549.41
382394.61	6404549.06
382401.41	6404548.71
382401.77	6404555.48
382408.57	6404555.13
382415.37	6404554.78
382422.17	6404554.43
382422.53	6404561.20
382429.33	6404560.85
382436.13	6404560.50
382436.49	6404567.27
382443.29	6404566.92
382450.09	6404566.57
382456.89	6404566.22
382457.25	6404572.99
382464.05	6404572.64
382470.85	6404572.29
382471.21	6404579.06
382478.01	6404578.71
382478.37	6404585.48
382478.73	6404592.25
382479.09	6404599.02
382479.45	6404605.79
382479.81	6404612.56
382480.17	6404619.33
382480.53	6404626.10
382480.89	6404632.87
382481.25	6404639.64
382488.05	6404639.29
382494.85	6404638.94
382501.65	6404638.59
382501.29	6404631.82
382500.93	6404625.05
382500.57	6404618.28
382500.21	6404611.51
382499.85	6404604.74
382499.49	6404597.97
382499.13	6404591.20
382498.77	6404584.43
382498.41	6404577.66
382498.05	6404570.89
382497.69	6404564.12
382490.89	6404564.47
382490.53	6404557.70
382483.73	6404558.05
382483.37	6404551.28
382476.57	6404551.63
382469.77	6404551.98
382469.41	6404545.21
382462.61	6404545.56
382455.81	6404545.91
382449.01	6404546.26
382448.65	6404539.49
382441.85	6404539.84
382435.05	6404540.19
382434.69	6404533.42
382427.89	6404533.77
382421.09	6404534.12
382414.29	6404534.47
382413.93	6404527.70
382407.13	6404528.05
382400.33	6404528.40
382393.53	6404528.75
382393.17	6404521.98
382386.37	6404522.33
382379.57	6404522.68
382372.77	6404523.03
382372.41	6404516.26
382365.61	6404516.61
382358.81	6404516.96
382352.01	6404517.31
382351.65	6404510.54
382344.85	6404510.89
382338.05	6404511.24
382331.25	6404511.59
382324.45	6404511.94
382324.09	6404505.17
382317.29	6404505.52
382310.49	6404505.87
382303.69	6404506.22
382296.89	6404506.57
382296.53	6404499.80
382289.73	6404500.15
382282.93	6404500.50
382276.13	6404500.85
382269.33	6404501.20
382268.97	6404494.43
382262.17	6404494.78
382255.37	6404495.13
382248.57	6404495.48
382248.21	6404488.71
382241.41	6404489.06
382234.61	6404489.41
382227.81	6404489.76
382227.45	6404482.99
382220.65	6404483.34
382213.85	6404483.69
382213.49	6404476.92
382206.69	6404477.27
382199.89	6404477.62
382193.09	6404477.97
382192.73	6404471.20
382185.93	6404471.55
382179.13	6404471.90
382172.33	6404472.25
382171.97	6404465.48
382165.17	6404465.83
382158.37	6404466.18
382158.01	6404459.41
382151.21	6404459.76
382144.41	6404460.11
382137.61	6404460.46
382137.25	6404453.69
382130.45	6404454.04
382123.65	6404454.39
382116.85	6404454.74
382116.49	6404447.97
382109.69	6404448.32
382102.89	6404448.67
382102.53	6404441.90
382095.73	6404442.25
382095.37	6404435.48
382088.57	6404435.83
382088.21	6404429.06
382081.41	6404429.41
382081.05	6404422.64
382074.25	6404422.99
382073.89	6404416.22
382067.09	6404416.57
382066.73	6404409.80
382059.93	6404410.15
382059.57	6404403.38
382052.77	6404403.73
382052.41	6404396.96
382045.61	6404397.31
382045.25	6404390.54
382038.45	6404390.89
382038.09	6404384.12
382031.29	6404384.47
382030.93	6404377.70
382024.13	6404378.05
382023.77	6404371.28
382016.97	6404371.63
382016.61	6404364.86
382009.81	6404365.21
382009.45	6404358.44
382002.65	6404358.79
382002.29	6404352.02
381995.49	6404352.37
381995.13	6404345.60
381988.33	6404345.95
381987.97	6404339.18
381981.17	6404339.53
381980.81	6404332.76
381974.01	6404333.11
381973.65	6404326.34
381966.85	6404326.69
381966.49	6404319.92
381959.69	6404320.27
381959.33	6404313.50
381952.53	6404313.85
381952.17	6404307.08
381945.37	6404307.43
381945.01	6404300.66
381938.21	6404301.01
381937.85	6404294.24
381931.05	6404294.59
381930.69	6404287.82
381923.89	6404288.17
381917.09	6404288.52
381910.29	6404288.87
381903.49	6404289.22
381896.69	6404289.57
381889.89	6404289.92
381883.09	6404290.27
381876.29	6404290.62
381869.49	6404290.97
381862.69	6404291.32
381855.89	6404291.67
381849.09	6404292.02
381842.29	6404292.37
381842.65	6404299.14
381835.85	6404299.49
381829.05	6404299.84
381822.25	6404300.19
381815.45	6404300.54
381808.65	6404300.89
381801.85	6404301.24
381795.05	6404301.59
381788.25	6404301.94
381781.45	6404302.29
381774.65	6404302.64
381767.85	6404302.99
381761.05	6404303.34
381761.41	6404310.11
381754.61	6404310.46
381754.25	6404303.69
381747.45	6404304.04
381740.65	6404304.39
381733.85	6404304.74
381727.05	6404305.09
381726.69	6404298.32
381719.89	6404298.67
381713.09	6404299.02
381706.29	6404299.37
381699.49	6404299.72
381699.13	6404292.95
381692.33	6404293.30
381691.97	6404286.53
381685.17	6404286.88
381684.81	6404280.11
381684.45	6404273.34
381677.65	6404273.69
381677.29	6404266.92
381676.93	6404260.15
381676.57	6404253.38
381669.77	6404253.73
381669.41	6404246.96
381669.05	6404240.19
381662.25	6404240.54
381661.89	6404233.77
381661.53	6404227.00
381661.17	6404220.23
381654.37	6404220.58
381654.01	6404213.81
381653.65	6404207.04
381653.29	6404200.27
381646.49	6404200.62
381646.13	6404193.85
381645.77	6404187.08
381638.97	6404187.43
381638.61	6404180.66
381638.25	6404173.89
381637.89	6404167.12
381644.69	6404166.77
381644.33	6404160.00
381651.13	6404159.65
381657.93	6404159.30
381657.57	6404152.53
381664.37	6404152.18
381671.17	6404151.83
381670.81	6404145.06
381677.61	6404144.71
381684.41	6404144.36
381684.05	6404137.59
381690.85	6404137.24
381690.49	6404130.47
381683.69	6404130.82
381683.33	6404124.05
381690.13	6404123.70
381689.77	6404116.93
381689.41	6404110.16
381696.21	6404109.81
381695.85	6404103.04
381695.49	6404096.27
381695.13	6404089.50
381688.33	6404089.85
381681.53	6404090.20
381674.73	6404090.55
381674.37	6404083.78
381667.57	6404084.13
381667.21	6404077.36
381660.41	6404077.71
381660.05	6404070.94
381659.69	6404064.17
381659.33	6404057.40
381666.13	6404057.05
381665.77	6404050.28
381672.57	6404049.93
381672.21	6404043.16
381679.01	6404042.81
381678.65	6404036.04
381685.45	6404035.69
381685.09	6404028.92
381691.89	6404028.57
381691.53	6404021.80
381698.33	6404021.45
381697.97	6404014.68
381704.77	6404014.33
381704.41	6404007.56
381711.21	6404007.21
381710.85	6404000.44
381717.65	6404000.09
381717.29	6403993.32
381724.09	6403992.97
381723.73	6403986.20
381730.53	6403985.85
381730.17	6403979.08
381736.97	6403978.73
381736.61	6403971.96
381743.41	6403971.61
381743.05	6403964.84
381749.85	6403964.49
381749.49	6403957.72
381756.29	6403957.37
381755.93	6403950.60
381762.73	6403950.25
381762.37	6403943.48
381769.17	6403943.13
381768.81	6403936.36
381775.61	6403936.01
381775.25	6403929.24
381782.05	6403928.89
381781.69	6403922.12
381788.49	6403921.77
381788.13	6403915.00
381787.77	6403908.23
381794.57	6403907.88
381794.21	6403901.11
381801.01	6403900.76
381800.65	6403893.99
381807.45	6403893.64
381807.09	6403886.87
381813.89	6403886.52
381813.53	6403879.75
381820.33	6403879.40
381819.97	6403872.63
381826.77	6403872.28
381826.41	6403865.51
381833.21	6403865.16
381832.85	6403858.39
381839.65	6403858.04
381839.29	6403851.27
381838.93	6403844.50
381845.73	6403844.15
381845.37	6403837.38
381852.17	6403837.03
381851.81	6403830.26
381858.61	6403829.91
381858.25	6403823.14
381857.89	6403816.37
381864.69	6403816.02
381864.33	6403809.25
381871.13	6403808.90
381870.77	6403802.13
381877.57	6403801.78
381877.21	6403795.01
381876.85	6403788.24
381883.65	6403787.89
381883.29	6403781.12
381882.93	6403774.35
381889.73	6403774.00
381889.37	6403767.23
381896.17	6403766.88
381895.81	6403760.11
381902.61	6403759.76
381902.25	6403752.99
381909.05	6403752.64
381908.69	6403745.87
381915.49	6403745.52
381915.13	6403738.75
381914.77	6403731.98
381921.57	6403731.63
381921.21	6403724.86
381928.01	6403724.51
381927.65	6403717.74
381927.29	6403710.97
381934.09	6403710.62
381933.73	6403703.85
381933.37	6403697.08
381933.01	6403690.31
381939.81	6403689.96
381939.45	6403683.19
381939.09	6403676.42
381938.73	6403669.65
381938.37	6403662.88
381938.01	6403656.11
381937.65	6403649.34
381944.45	6403648.99
381944.09	6403642.22
381943.73	6403635.45
381943.37	6403628.68
381943.01	6403621.91
381949.81	6403621.56
381949.45	6403614.79
381949.09	6403608.02
381948.73	6403601.25
381955.53	6403600.90
381955.17	6403594.13
381954.81	6403587.36
381954.45	6403580.59
381954.09	6403573.82
381960.89	6403573.47
381960.53	6403566.70
381960.17	6403559.93
381959.81	6403553.16
381959.45	6403546.39
381966.25	6403546.04
381965.89	6403539.27
381965.53	6403532.50
381965.17	6403525.73
381964.81	6403518.96
381971.61	6403518.61
381971.25	6403511.84
381970.89	6403505.07
381977.69	6403504.72
381977.33	6403497.95
381976.97	6403491.18
381976.61	6403484.41
381983.41	6403484.06
381983.05	6403477.29
381982.69	6403470.52
381982.33	6403463.75
381981.97	6403456.98
381988.77	6403456.63
381988.41	6403449.86
381995.21	6403449.51
381994.85	6403442.74
382001.65	6403442.39
382001.29	6403435.62
382000.93	6403428.85
382007.73	6403428.50
382007.37	6403421.73
382007.01	6403414.96
382013.81	6403414.61
382013.45	6403407.84
382020.25	6403407.49
382019.89	6403400.72
382026.69	6403400.37
382026.33	6403393.60
382033.13	6403393.25
382032.77	6403386.48
382039.57	6403386.13
382039.21	6403379.36
382046.01	6403379.01
382052.81	6403378.66
382052.45	6403371.89
382059.25	6403371.54
382066.05	6403371.19
382065.69	6403364.42
382072.49	6403364.07
382079.29	6403363.72
382086.09	6403363.37
382092.89	6403363.02
382093.25	6403369.79
382100.05	6403369.44
382106.85	6403369.09
382107.21	6403375.86
382114.01	6403375.51
382120.81	6403375.16
382121.17	6403381.93
382127.97	6403381.58
382128.33	6403388.35
382135.13	6403388.00
382141.93	6403387.65
382142.29	6403394.42
382149.09	6403394.07
382148.73	6403387.30
382155.53	6403386.95
382155.17	6403380.18
382154.81	6403373.41
382154.45	6403366.64
382147.65	6403366.99
382147.29	6403360.22
382140.49	6403360.57
382133.69	6403360.92
382133.33	6403354.15
382126.53	6403354.50
382126.17	6403347.73
382125.81	6403340.96
382125.45	6403334.19
382118.65	6403334.54
382118.29	6403327.77
382117.93	6403321.00
382111.13	6403321.35
382104.33	6403321.70
382103.97	6403314.93
382097.17	6403315.28
382096.81	6403308.51
382090.01	6403308.86
382089.65	6403302.09
382089.29	6403295.32
382088.93	6403288.55
382088.57	6403281.78
382088.21	6403275.01
382087.85	6403268.24
382087.49	6403261.47
382087.13	6403254.70
382086.77	6403247.93
382086.41	6403241.16
382086.05	6403234.39
382085.69	6403227.62
382085.33	6403220.85
382078.53	6403221.20
382078.17	6403214.43
382077.81	6403207.66
382077.45	6403200.89
382077.09	6403194.12
382076.73	6403187.35
382069.93	6403187.70
382069.57	6403180.93
382069.21	6403174.16
382062.41	6403174.51
382062.05	6403167.74
382061.69	6403160.97
382054.89	6403161.32
382054.53	6403154.55
382054.17	6403147.78
382047.37	6403148.13
382047.01	6403141.36
382040.21	6403141.71
382039.85	6403134.94
382033.05	6403135.29
382032.69	6403128.52
382032.33	6403121.75
382031.97	6403114.98
382031.61	6403108.21
382031.25	6403101.44
382030.89	6403094.67
382030.53	6403087.90
382030.17	6403081.13
382029.81	6403074.36
382036.61	6403074.01
382036.25	6403067.24
382043.05	6403066.89
382049.85	6403066.54
382056.65	6403066.19
382063.45	6403065.84
382063.81	6403072.61
382070.61	6403072.26
382070.97	6403079.03
382077.77	6403078.68
382078.13	6403085.45
382084.93	6403085.10
382091.73	6403084.75
382098.53	6403084.40
382098.17	6403077.63
382097.81	6403070.86
382097.45	6403064.09
382097.09	6403057.32
382096.73	6403050.55
382103.53	6403050.20
382103.17	6403043.43
382102.81	6403036.66
382102.45	6403029.89
382102.09	6403023.12
382101.73	6403016.35
382101.37	6403009.58
382108.17	6403009.23
382108.53	6403016.00
382115.33	6403015.65
382122.13	6403015.30
382128.93	6403014.95
382129.29	6403021.72
382136.09	6403021.37
382142.89	6403021.02
382149.69	6403020.67
382156.49	6403020.32
382163.29	6403019.97
382170.09	6403019.62
382169.73	6403012.85
382176.53	6403012.50
382176.17	6403005.73
382182.97	6403005.38
382182.61	6402998.61
382189.41	6402998.26
382196.21	6402997.91
382203.01	6402997.56
382209.81	6402997.21
382216.61	6402996.86
382216.97	6403003.63
382223.77	6403003.28
382224.13	6403010.05
382230.93	6403009.70
382237.73	6403009.35
382238.09	6403016.12
382244.89	6403015.77
382251.69	6403015.42
382252.05	6403022.19
382258.85	6403021.84
382265.65	6403021.49
382272.45	6403021.14
382279.25	6403020.79
382286.05	6403020.44
382292.85	6403020.09
382299.65	6403019.74
382306.45	6403019.39
382313.25	6403019.04
382320.05	6403018.69
382326.85	6403018.34
382333.65	6403017.99
382340.45	6403017.64
382340.81	6403024.41
382347.61	6403024.06
382354.41	6403023.71
382361.21	6403023.36
382361.57	6403030.13
382368.37	6403029.78
382375.17	6403029.43
382381.97	6403029.08
382388.77	6403028.73
382395.57	6403028.38
382402.37	6403028.03
382402.01	6403021.26
382408.81	6403020.91
382415.61	6403020.56
382422.41	6403020.21
382422.05	6403013.44
382428.85	6403013.09
382435.65	6403012.74
382436.01	6403019.51
382442.81	6403019.16
382449.61	6403018.81
382456.41	6403018.46
382456.77	6403025.23
382463.57	6403024.88
382463.93	6403031.65
382470.73	6403031.30
382477.53	6403030.95
382477.89	6403037.72
382484.69	6403037.37
382491.49	6403037.02
382498.29	6403036.67
382505.09	6403036.32
382511.89	6403035.97
382518.69	6403035.62
382525.49	6403035.27
382532.29	6403034.92
382531.93	6403028.15
382538.73	6403027.80
382545.53	6403027.45
382545.17	6403020.68
382551.97	6403020.33
382558.77	6403019.98
382558.41	6403013.21
382565.21	6403012.86
382572.01	6403012.51
382571.65	6403005.74
382578.45	6403005.39
382585.25	6403005.04
382584.89	6402998.27
382591.69	6402997.92
382592.05	6403004.69
382598.85	6403004.34
382605.65	6403003.99
382606.01	6403010.76
382612.81	6403010.41
382613.17	6403017.18
382619.97	6403016.83
382626.77	6403016.48
382633.57	6403016.13
382633.93	6403022.90
382640.73	6403022.55
382647.53	6403022.20
382647.89	6403028.97
382654.69	6403028.62
382661.49	6403028.27
382661.85	6403035.04
382668.65	6403034.69
382669.01	6403041.46
382675.81	6403041.11
382676.17	6403047.88
382682.97	6403047.53
382683.33	6403054.30
382690.13	6403053.95
382690.49	6403060.72
382690.85	6403067.49
382697.65	6403067.14
382698.01	6403073.91
382704.81	6403073.56
382705.17	6403080.33
382711.97	6403079.98
382712.33	6403086.75
382719.13	6403086.40
382719.49	6403093.17
382719.85	6403099.94
382726.65	6403099.59
382727.01	6403106.36
382727.37	6403113.13
382727.73	6403119.90
382728.09	6403126.67
382734.89	6403126.32
382735.25	6403133.09
382742.05	6403132.74
382748.85	6403132.39
382749.21	6403139.16
382756.01	6403138.81
382762.81	6403138.46
382763.17	6403145.23
382769.97	6403144.88
382776.77	6403144.53
382777.13	6403151.30
382783.93	6403150.95
382790.73	6403150.60
382791.09	6403157.37
382797.89	6403157.02
382804.69	6403156.67
382805.05	6403163.44
382811.85	6403163.09
382818.65	6403162.74
382819.01	6403169.51
382825.81	6403169.16
382832.61	6403168.81
382839.41	6403168.46
382846.21	6403168.11
382853.01	6403167.76
382853.37	6403174.53
382860.17	6403174.18
382866.97	6403173.83
382873.77	6403173.48
382880.57	6403173.13
382887.37	6403172.78
382894.17	6403172.43
382900.97	6403172.08
382907.77	6403171.73
382914.57	6403171.38
382921.37	6403171.03
382928.17	6403170.68
382934.97	6403170.33
382935.33	6403177.10
382942.13	6403176.75
382948.93	6403176.40
382955.73	6403176.05
382962.53	6403175.70
382969.33	6403175.35
382969.69	6403182.12
382976.49	6403181.77
382983.29	6403181.42
382990.09	6403181.07
382990.45	6403187.84
382997.25	6403187.49
383004.05	6403187.14
383010.85	6403186.79
383011.21	6403193.56
383018.01	6403193.21
383024.81	6403192.86
383031.61	6403192.51
383038.41	6403192.16
383038.05	6403185.39
383037.69	6403178.62
383037.33	6403171.85
383030.53	6403172.20
383030.17	6403165.43
383023.37	6403165.78
383016.57	6403166.13
383009.77	6403166.48
383009.41	6403159.71
383002.61	6403160.06
382995.81	6403160.41
382989.01	6403160.76
382988.65	6403153.99
382981.85	6403154.34
382975.05	6403154.69
382968.25	6403155.04
382967.89	6403148.27
382961.09	6403148.62
382954.29	6403148.97
382947.49	6403149.32
382940.69	6403149.67
382933.89	6403150.02
382933.53	6403143.25
382926.73	6403143.60
382919.93	6403143.95
382913.13	6403144.30
382906.33	6403144.65
382899.53	6403145.00
382892.73	6403145.35
382885.93	6403145.70
382879.13	6403146.05
382872.33	6403146.40
382865.53	6403146.75
382858.73	6403147.10
382851.93	6403147.45
382851.57	6403140.68
382844.77	6403141.03
382837.97	6403141.38
382831.17	6403141.73
382830.81	6403134.96
382824.01	6403135.31
382817.21	6403135.66
382816.85	6403128.89
382810.05	6403129.24
382803.25	6403129.59
382802.89	6403122.82
382796.09	6403123.17
382789.29	6403123.52
382788.93	6403116.75
382782.13	6403117.10
382775.33	6403117.45
382774.97	6403110.68
382768.17	6403111.03
382761.37	6403111.38
382761.01	6403104.61
382754.21	6403104.96
382753.85	6403098.19
382753.49	6403091.42
382753.13	6403084.65
382746.33	6403085.00
382745.97	6403078.23
382739.17	6403078.58
382738.81	6403071.81
382738.45	6403065.04
382731.65	6403065.39
382731.29	6403058.62
382724.49	6403058.97
382724.13	6403052.20
382717.33	6403052.55
382716.97	6403045.78
382710.17	6403046.13
382709.81	6403039.36
382703.01	6403039.71
382702.65	6403032.94
382695.85	6403033.29
382695.49	6403026.52
382695.13	6403019.75
382688.33	6403020.10
382687.97	6403013.33
382681.17	6403013.68
382674.37	6403014.03
382674.01	6403007.26
382667.21	6403007.61
382666.85	6403000.84
382660.05	6403001.19
382653.25	6403001.54
382652.89	6402994.77
382646.09	6402995.12
382639.29	6402995.47
382632.49	6402995.82
382632.13	6402989.05
382625.33	6402989.40
382624.97	6402982.63
382618.17	6402982.98
382611.37	6402983.33
382611.01	6402976.56
382604.21	6402976.91
382597.41	6402977.26
382590.61	6402977.61
382583.81	6402977.96
382577.01	6402978.31
382570.21	6402978.66
382563.41	6402979.01
382563.77	6402985.78
382556.97	6402986.13
382550.17	6402986.48
382550.53	6402993.25
382543.73	6402993.60
382536.93	6402993.95
382537.29	6403000.72
382530.49	6403001.07
382523.69	6403001.42
382516.89	6403001.77
382517.25	6403008.54
382510.45	6403008.89
382503.65	6403009.24
382496.85	6403009.59
382490.05	6403009.94
382483.25	6403010.29
382482.89	6403003.52
382476.09	6403003.87
382475.73	6402997.10
382468.93	6402997.45
382462.13	6402997.80
382461.77	6402991.03
382454.97	6402991.38
382448.17	6402991.73
382441.37	6402992.08
382434.57	6402992.43
382427.77	6402992.78
382420.97	6402993.13
382414.17	6402993.48
382407.37	6402993.83
382400.57	6402994.18
382400.93	6403000.95
382394.13	6403001.30
382387.33	6403001.65
382380.53	6403002.00
382373.73	6403002.35
382366.93	6403002.70
382360.13	6403003.05
382359.77	6402996.28
382352.97	6402996.63
382346.17	6402996.98
382339.37	6402997.33
382332.57	6402997.68
382325.77	6402998.03
382325.41	6402991.26
382318.61	6402991.61
382311.81	6402991.96
382305.01	6402992.31
382298.21	6402992.66
382291.41	6402993.01
382284.61	6402993.36
382277.81	6402993.71
382271.01	6402994.06
382264.21	6402994.41
382257.41	6402994.76
382257.05	6402987.99
382250.25	6402988.34
382243.45	6402988.69
382243.09	6402981.92
382236.29	6402982.27
382235.93	6402975.50
382229.13	6402975.85
382222.33	6402976.20
382215.53	6402976.55
382208.73	6402976.90
382201.93	6402977.25
382195.13	6402977.60
382188.33	6402977.95
382181.53	6402978.30
382174.73	6402978.65
382167.93	6402979.00
382168.29	6402985.77
382161.49	6402986.12
382161.85	6402992.89
382155.05	6402993.24
382148.25	6402993.59
382141.45	6402993.94
382134.65	6402994.29
382134.29	6402987.52
382127.49	6402987.87
382120.69	6402988.22
382113.89	6402988.57
382113.53	6402981.80
382120.33	6402981.45
382127.13	6402981.10
382126.77	6402974.33
382119.97	6402974.68
382119.61	6402967.91
382126.41	6402967.56
382133.21	6402967.21
382132.85	6402960.44
382139.65	6402960.09
382139.29	6402953.32
382146.09	6402952.97
382152.89	6402952.62
382152.53	6402945.85
382159.33	6402945.50
382158.97	6402938.73
382165.77	6402938.38
382165.41	6402931.61
382172.21	6402931.26
382171.85	6402924.49
382178.65	6402924.14
382178.29	6402917.37
382185.09	6402917.02
382184.73	6402910.25
382191.53	6402909.90
382191.17	6402903.13
382190.81	6402896.36
382197.61	6402896.01
382197.25	6402889.24
382204.05	6402888.89
382203.69	6402882.12
382203.33	6402875.35
382210.13	6402875.00
382209.77	6402868.23
382216.57	6402867.88
382216.21	6402861.11
382223.01	6402860.76
382222.65	6402853.99
382229.45	6402853.64
382229.09	6402846.87
382235.89	6402846.52
382235.53	6402839.75
382242.33	6402839.40
382241.97	6402832.63
382248.77	6402832.28
382248.41	6402825.51
382255.21	6402825.16
382254.85	6402818.39
382261.65	6402818.04
382261.29	6402811.27
382260.93	6402804.50
382267.73	6402804.15
382267.37	6402797.38
382274.17	6402797.03
382273.81	6402790.26
382280.61	6402789.91
382280.25	6402783.14
382287.05	6402782.79
382286.69	6402776.02
382293.49	6402775.67
382293.13	6402768.90
382299.93	6402768.55
382299.57	6402761.78
382306.37	6402761.43
382306.01	6402754.66
382312.81	6402754.31
382319.61	6402753.96
382319.25	6402747.19
382326.05	6402746.84
382325.69	6402740.07
382332.49	6402739.72
382332.13	6402732.95
382338.93	6402732.60
382345.73	6402732.25
382345.37	6402725.48
382352.17	6402725.13
382351.81	6402718.36
382358.61	6402718.01
382365.41	6402717.66
382365.05	6402710.89
382371.85	6402710.54
382371.49	6402703.77
382378.29	6402703.42
382377.93	6402696.65
382384.73	6402696.30
382384.37	6402689.53
382391.17	6402689.18
382390.81	6402682.41
382397.61	6402682.06
382397.25	6402675.29
382404.05	6402674.94
382403.69	6402668.17
382410.49	6402667.82
382410.13	6402661.05
382416.93	6402660.70
382423.73	6402660.35
382423.37	6402653.58
382430.17	6402653.23
382429.81	6402646.46
382436.61	6402646.11
382436.25	6402639.34
382443.05	6402638.99
382442.69	6402632.22
382449.49	6402631.87
382456.29	6402631.52
382455.93	6402624.75
382462.73	6402624.40
382462.37	6402617.63
382469.17	6402617.28
382468.81	6402610.51
382475.61	6402610.16
382475.25	6402603.39
382482.05	6402603.04
382481.69	6402596.27
382488.49	6402595.92
382488.13	6402589.15
382494.93	6402588.80
382494.57	6402582.03
382501.37	6402581.68
382501.01	6402574.91
382507.81	6402574.56
382507.45	6402567.79
382514.25	6402567.44
382513.89	6402560.67
382520.69	6402560.32
382520.33	6402553.55
382527.13	6402553.20
382526.77	6402546.43
382533.57	6402546.08
382540.37	6402545.73
382540.01	6402538.96
382546.81	6402538.61
382546.45	6402531.84
382553.25	6402531.49
382552.89	6402524.72
382559.69	6402524.37
382559.33	6402517.60
382566.13	6402517.25
382565.77	6402510.48
382565.41	6402503.71
382572.21	6402503.36
382571.85	6402496.59
382571.49	6402489.82
382578.29	6402489.47
382577.93	6402482.70
382584.73	6402482.35
382584.37	6402475.58
382584.01	6402468.81
382590.81	6402468.46
382590.45	6402461.69
382590.09	6402454.92
382596.89	6402454.57
382596.53	6402447.80
382596.17	6402441.03
382602.97	6402440.68
382602.61	6402433.91
382609.41	6402433.56
382609.05	6402426.79
382608.69	6402420.02
382615.49	6402419.67
382615.13	6402412.90
382621.93	6402412.55
382621.57	6402405.78
382628.37	6402405.43
382628.01	6402398.66
382627.65	6402391.89
382627.29	6402385.12
382626.93	6402378.35
382626.57	6402371.58
382633.37	6402371.23
382633.01	6402364.46
382632.65	6402357.69
382639.45	6402357.34
382639.09	6402350.57
382638.73	6402343.80
382645.53	6402343.45
382645.17	6402336.68
382644.81	6402329.91
382644.45	6402323.14
382651.25	6402322.79
382650.89	6402316.02
382650.53	6402309.25
382650.17	6402302.48
382656.97	6402302.13
382656.61	6402295.36
382656.25	6402288.59
382663.05	6402288.24
382662.69	6402281.47
382662.33	6402274.70
382669.13	6402274.35
382668.77	6402267.58
382668.41	6402260.81
382675.21	6402260.46
382674.85	6402253.69
382681.65	6402253.34
382688.45	6402252.99
382695.25	6402252.64
382702.05	6402252.29
382708.85	6402251.94
382715.65	6402251.59
382716.01	6402258.36
382722.81	6402258.01
382722.45	6402251.24
382729.25	6402250.89
382736.05	6402250.54
382742.85	6402250.19
382749.65	6402249.84
382756.45	6402249.49
382763.25	6402249.14
382770.05	6402248.79
382770.41	6402255.56
382777.21	6402255.21
382784.01	6402254.86
382790.81	6402254.51
382797.61	6402254.16
382804.41	6402253.81
382811.21	6402253.46
382818.01	6402253.11
382824.81	6402252.76
382831.61	6402252.41
382838.41	6402252.06
382838.05	6402245.29
382844.85	6402244.94
382851.65	6402244.59
382851.29	6402237.82
382858.09	6402237.47
382864.89	6402237.12
382864.53	6402230.35
382871.33	6402230.00
382878.13	6402229.65
382877.77	6402222.88
382884.57	6402222.53
382884.21	6402215.76
382891.01	6402215.41
382890.65	6402208.64
382897.45	6402208.29
382897.09	6402201.52
382903.89	6402201.17
382903.53	6402194.40
382903.17	6402187.63
382909.97	6402187.28
382909.61	6402180.51
382909.25	6402173.74
382916.05	6402173.39
382915.69	6402166.62
382915.33	6402159.85
382914.97	6402153.08
382921.77	6402152.73
382921.41	6402145.96
382921.05	6402139.19
382920.69	6402132.42
382920.33	6402125.65
382913.53	6402126.00
382913.17	6402119.23
382906.37	6402119.58
382906.01	6402112.81
382899.21	6402113.16
382898.85	6402106.39
382898.49	6402099.62
382891.69	6402099.97
382891.33	6402093.20
382884.53	6402093.55
382884.17	6402086.78
382877.37	6402087.13
382877.01	6402080.36
382870.21	6402080.71
382869.85	6402073.94
382869.49	6402067.17
382869.13	6402060.40
382875.93	6402060.05
382882.73	6402059.70
382889.53	6402059.35
382889.17	6402052.58
382895.97	6402052.23
382902.77	6402051.88
382909.57	6402051.53
382916.37	6402051.18
382923.17	6402050.83
382922.81	6402044.06
382929.61	6402043.71
382936.41	6402043.36
382943.21	6402043.01
382950.01	6402042.66
382949.65	6402035.89
382956.45	6402035.54
382956.09	6402028.77
382962.89	6402028.42
382962.53	6402021.65
382962.17	6402014.88
382955.37	6402015.23
382955.01	6402008.46
382954.65	6402001.69
382947.85	6402002.04
382947.49	6401995.27
382947.13	6401988.50
382940.33	6401988.85
382939.97	6401982.08
382939.61	6401975.31
382932.81	6401975.66
382932.45	6401968.89
382932.09	6401962.12
382931.73	6401955.35
382931.37	6401948.58
382931.01	6401941.81
382937.81	6401941.46
382937.45	6401934.69
382937.09	6401927.92
382936.73	6401921.15
382936.37	6401914.38
382943.17	6401914.03
382942.81	6401907.26
382949.61	6401906.91
382956.41	6401906.56
382956.05	6401899.79
382962.85	6401899.44
382969.65	6401899.09
382969.29	6401892.32
382976.09	6401891.97
382975.73	6401885.20
382982.53	6401884.85
382989.33	6401884.50
382988.97	6401877.73
382995.77	6401877.38
383002.57	6401877.03
383002.21	6401870.26
383009.01	6401869.91
383015.81	6401869.56
383015.45	6401862.79
383022.25	6401862.44
383021.89	6401855.67
383028.69	6401855.32
383035.49	6401854.97
383035.13	6401848.20
383041.93	6401847.85
383048.73	6401847.50
383048.37	6401840.73
383055.17	6401840.38
383054.81	6401833.61
383061.61	6401833.26
383061.25	6401826.49
383060.89	6401819.72
383060.53	6401812.95
383067.33	6401812.60
383066.97	6401805.83
383066.61	6401799.06
383066.25	6401792.29
383065.89	6401785.52
383072.69	6401785.17
383072.33	6401778.40
383071.97	6401771.63
383078.77	6401771.28
383078.41	6401764.51
383078.05	6401757.74
383084.85	6401757.39
383084.49	6401750.62
383084.13	6401743.85
383083.77	6401737.08
383090.57	6401736.73
383090.21	6401729.96
383089.85	6401723.19
383089.49	6401716.42
383082.69	6401716.77
383082.33	6401710.00
383075.53	6401710.35
383068.73	6401710.70
383061.93	6401711.05
383055.13	6401711.40
383048.33	6401711.75
383047.97	6401704.98
383041.17	6401705.33
383034.37	6401705.68
383027.57	6401706.03
383020.77	6401706.38
383020.41	6401699.61
383013.61	6401699.96
383006.81	6401700.31
383000.01	6401700.66
383000.37	6401707.43
383000.73	6401714.20
383001.09	6401720.97
382994.29	6401721.32
382994.65	6401728.09
382995.01	6401734.86
382995.37	6401741.63
382995.73	6401748.40
382988.93	6401748.75
382989.29	6401755.52
382989.65	6401762.29
382990.01	6401769.06
382983.21	6401769.41
382983.57	6401776.18
382983.93	6401782.95
382977.13	6401783.30
382977.49	6401790.07
382970.69	6401790.42
382963.89	6401790.77
382964.25	6401797.54
382964.61	6401804.31
382964.97	6401811.08
382971.77	6401810.73
382972.13	6401817.50
382978.93	6401817.15
382979.29	6401823.92
382986.09	6401823.57
382992.89	6401823.22
382993.25	6401829.99
382993.61	6401836.76
382993.97	6401843.53
382994.33	6401850.30
382987.53	6401850.65
382980.73	6401851.00
382981.09	6401857.77
382974.29	6401858.12
382967.49	6401858.47
382967.85	6401865.24
382961.05	6401865.59
382954.25	6401865.94
382954.61	6401872.71
382947.81	6401873.06
382941.01	6401873.41
382941.37	6401880.18
382934.57	6401880.53
382934.93	6401887.30
382928.13	6401887.65
382928.49	6401894.42
382921.69	6401894.77
382914.89	6401895.12
382908.09	6401895.47
382907.73	6401888.70
382907.37	6401881.93
382907.01	6401875.16
382906.65	6401868.39
382906.29	6401861.62
382905.93	6401854.85
382905.57	6401848.08
382912.37	6401847.73
382912.01	6401840.96
382911.65	6401834.19
382911.29	6401827.42
382904.49	6401827.77
382904.13	6401821.00
382903.77	6401814.23
382903.41	6401807.46
382896.61	6401807.81
382896.25	6401801.04
382889.45	6401801.39
382889.09	6401794.62
382882.29	6401794.97
382875.49	6401795.32
382875.13	6401788.55
382868.33	6401788.90
382867.97	6401782.13
382861.17	6401782.48
382860.81	6401775.71
382860.45	6401768.94
382860.09	6401762.17
382859.73	6401755.40
382859.37	6401748.63
382852.57	6401748.98
382852.21	6401742.21
382851.85	6401735.44
382845.05	6401735.79
382844.69	6401729.02
382844.33	6401722.25
382843.97	6401715.48
382843.61	6401708.71
382843.25	6401701.94
382842.89	6401695.17
382842.53	6401688.40
382842.17	6401681.63
382841.81	6401674.86
382848.61	6401674.51
382848.25	6401667.74
382855.05	6401667.39
382854.69	6401660.62
382861.49	6401660.27
382868.29	6401659.92
382867.93	6401653.15
382874.73	6401652.80
382881.53	6401652.45
382888.33	6401652.10
382887.97	6401645.33
382894.77	6401644.98
382894.41	6401638.21
382901.21	6401637.86
382900.85	6401631.09
382900.49	6401624.32
382907.29	6401623.97
382906.93	6401617.20
382906.57	6401610.43
382906.21	6401603.66
382905.85	6401596.89
382905.49	6401590.12
382905.13	6401583.35
382904.77	6401576.58
382904.41	6401569.81
382904.05	6401563.04
382910.85	6401562.69
382910.49	6401555.92
382917.29	6401555.57
382916.93	6401548.80
382923.73	6401548.45
382923.37	6401541.68
382923.01	6401534.91
382929.81	6401534.56
382936.61	6401534.21
382943.41	6401533.86
382950.21	6401533.51
382957.01	6401533.16
382963.81	6401532.81
382963.45	6401526.04
382970.25	6401525.69
382977.05	6401525.34
382976.69	6401518.57
382976.33	6401511.80
382975.97	6401505.03
382969.17	6401505.38
382968.81	6401498.61
382968.45	6401491.84
382968.09	6401485.07
382974.89	6401484.72
382974.53	6401477.95
382981.33	6401477.60
382988.13	6401477.25
382994.93	6401476.90
382994.57	6401470.13
383001.37	6401469.78
383008.17	6401469.43
383014.97	6401469.08
383021.77	6401468.73
383028.57	6401468.38
383028.21	6401461.61
383035.01	6401461.26
383034.65	6401454.49
383034.29	6401447.72
383033.93	6401440.95
383033.57	6401434.18
383033.21	6401427.41
383026.41	6401427.76
383026.05	6401420.99
383025.69	6401414.22
383018.89	6401414.57
383018.53	6401407.80
383018.17	6401401.03
383011.37	6401401.38
383011.73	6401408.15
383004.93	6401408.50
383005.29	6401415.27
383012.09	6401414.92
383012.45	6401421.69
383012.81	6401428.46
383013.17	6401435.23
383013.53	6401442.00
383013.89	6401448.77
383014.25	6401455.54
383007.45	6401455.89
383000.65	6401456.24
382993.85	6401456.59
382987.05	6401456.94
382987.41	6401463.71
382980.61	6401464.06
382973.81	6401464.41
382974.17	6401471.18
382967.37	6401471.53
382960.57	6401471.88
382953.77	6401472.23
382954.13	6401479.00
382947.33	6401479.35
382947.69	6401486.12
382948.05	6401492.89
382954.85	6401492.54
382955.21	6401499.31
382955.57	6401506.08
382955.93	6401512.85
382956.29	6401519.62
382949.49	6401519.97
382942.69	6401520.32
382935.89	6401520.67
382935.53	6401513.90
382928.73	6401514.25
382921.93	6401514.60
382922.29	6401521.37
382915.49	6401521.72
382908.69	6401522.07
382909.05	6401528.84
382902.25	6401529.19
382902.61	6401535.96
382902.97	6401542.73
382896.17	6401543.08
382896.53	6401549.85
382889.73	6401550.20
382890.09	6401556.97
382890.45	6401563.74
382883.65	6401564.09
382884.01	6401570.86
382884.37	6401577.63
382877.57	6401577.98
382877.93	6401584.75
382878.29	6401591.52
382885.09	6401591.17
382885.45	6401597.94
382885.81	6401604.71
382886.17	6401611.48
382886.53	6401618.25
382886.89	6401625.02
382887.25	6401631.79
382880.45	6401632.14
382873.65	6401632.49
382866.85	6401632.84
382867.21	6401639.61
382860.41	6401639.96
382853.61	6401640.31
382853.97	6401647.08
382847.17	6401647.43
382840.37	6401647.78
382840.73	6401654.55
382833.93	6401654.90
382834.29	6401661.67
382827.49	6401662.02
382827.85	6401668.79
382828.21	6401675.56
382821.41	6401675.91
382821.77	6401682.68
382822.13	6401689.45
382822.49	6401696.22
382815.69	6401696.57
382816.05	6401703.34
382816.41	6401710.11
382823.21	6401709.76
382823.57	6401716.53
382823.93	6401723.30
382824.29	6401730.07
382824.65	6401736.84
382825.01	6401743.61
382825.37	6401750.38
382818.57	6401750.73
382811.77	6401751.08
382804.97	6401751.43
382804.61	6401744.66
382804.25	6401737.89
382803.89	6401731.12
382797.09	6401731.47
382796.73	6401724.70
382796.37	6401717.93
382796.01	6401711.16
382795.65	6401704.39
382795.29	6401697.62
382788.49	6401697.97
382788.13	6401691.20
382787.77	6401684.43
382780.97	6401684.78
382780.61	6401678.01
382780.25	6401671.24
382779.89	6401664.47
382779.53	6401657.70
382772.73	6401658.05
382772.37	6401651.28
382772.01	6401644.51
382771.65	6401637.74
382771.29	6401630.97
382764.49	6401631.32
382764.13	6401624.55
382763.77	6401617.78
382756.97	6401618.13
382756.61	6401611.36
382756.25	6401604.59
382749.45	6401604.94
382749.09	6401598.17
382748.73	6401591.40
382741.93	6401591.75
382741.57	6401584.98
382741.21	6401578.21
382740.85	6401571.44
382734.05	6401571.79
382733.69	6401565.02
382733.33	6401558.25
382726.53	6401558.60
382726.17	6401551.83
382719.37	6401552.18
382719.01	6401545.41
382718.65	6401538.64
382711.85	6401538.99
382711.49	6401532.22
382711.13	6401525.45
382704.33	6401525.80
382703.97	6401519.03
382703.61	6401512.26
382696.81	6401512.61
382696.45	6401505.84
382696.09	6401499.07
382689.29	6401499.42
382688.93	6401492.65
382688.57	6401485.88
382681.77	6401486.23
382681.41	6401479.46
382681.05	6401472.69
382674.25	6401473.04
382673.89	6401466.27
382673.53	6401459.50
382673.17	6401452.73
382666.37	6401453.08
382666.01	6401446.31
382665.65	6401439.54
382665.29	6401432.77
382664.93	6401426.00
382664.57	6401419.23
382664.21	6401412.46
382663.85	6401405.69
382657.05	6401406.04
382656.69	6401399.27
382656.33	6401392.50
382655.97	6401385.73
382649.17	6401386.08
382648.81	6401379.31
382648.45	6401372.54
382641.65	6401372.89
382641.29	6401366.12
382640.93	6401359.35
382634.13	6401359.70
382633.77	6401352.93
382633.41	6401346.16
382626.61	6401346.51
382626.25	6401339.74
382625.89	6401332.97
382625.53	6401326.20
382618.73	6401326.55
382618.37	6401319.78
382618.01	6401313.01
382617.65	6401306.24
382617.29	6401299.47
382616.93	6401292.70
382616.57	6401285.93
382616.21	6401279.16
382615.85	6401272.39
382622.65	6401272.04
382622.29	6401265.27
382621.93	6401258.50
382628.73	6401258.15
382628.37	6401251.38
382628.01	6401244.61
382627.65	6401237.84
382627.29	6401231.07
382620.49	6401231.42
382620.13	6401224.65
382619.77	6401217.88
382619.41	6401211.11
382619.05	6401204.34
382612.25	6401204.69
382611.89	6401197.92
382611.53	6401191.15
382604.73	6401191.50
382604.37	6401184.73
382604.01	6401177.96
382597.21	6401178.31
382596.85	6401171.54
382596.49	6401164.77
382589.69	6401165.12
382589.33	6401158.35
382588.97	6401151.58
382582.17	6401151.93
382581.81	6401145.16
382581.45	6401138.39
382574.65	6401138.74
382574.29	6401131.97
382573.93	6401125.20
382573.57	6401118.43
382573.21	6401111.66
382572.85	6401104.89
382579.65	6401104.54
382586.45	6401104.19
382586.09	6401097.42
382592.89	6401097.07
382599.69	6401096.72
382606.49	6401096.37
382613.29	6401096.02
382620.09	6401095.67
382620.45	6401102.44
382627.25	6401102.09
382634.05	6401101.74
382634.41	6401108.51
382641.21	6401108.16
382641.57	6401114.93
382648.37	6401114.58
382648.73	6401121.35
382655.53	6401121.00
382655.89	6401127.77
382656.25	6401134.54
382663.05	6401134.19
382663.41	6401140.96
382663.77	6401147.73
382670.57	6401147.38
382670.93	6401154.15
382677.73	6401153.80
382678.09	6401160.57
382678.45	6401167.34
382685.25	6401166.99
382685.61	6401173.76
382685.97	6401180.53
382692.77	6401180.18
382693.13	6401186.95
382693.49	6401193.72
382700.29	6401193.37
382700.65	6401200.14
382707.45	6401199.79
382707.81	6401206.56
382714.61	6401206.21
382714.97	6401212.98
382721.77	6401212.63
382728.57	6401212.28
382728.93	6401219.05
382735.73	6401218.70
382742.53	6401218.35
382749.33	6401218.00
382749.69	6401224.77
382756.49	6401224.42
382763.29	6401224.07
382763.65	6401230.84
382770.45	6401230.49
382770.09	6401223.72
382776.89	6401223.37
382783.69	6401223.02
382783.33	6401216.25
382790.13	6401215.90
382789.77	6401209.13
382796.57	6401208.78
382796.21	6401202.01
382803.01	6401201.66
382802.65	6401194.89
382809.45	6401194.54
382809.09	6401187.77
382808.73	6401181.00
382808.37	6401174.23
382815.17	6401173.88
382814.81	6401167.11
382814.45	6401160.34
382821.25	6401159.99
382820.89	6401153.22
382820.53	6401146.45
382820.17	6401139.68
382826.97	6401139.33
382826.61	6401132.56
382826.25	6401125.79
382833.05	6401125.44
382832.69	6401118.67
382832.33	6401111.90
382839.13	6401111.55
382838.77	6401104.78
382845.57	6401104.43
382845.21	6401097.66
382844.85	6401090.89
382851.65	6401090.54
382851.29	6401083.77
382858.09	6401083.42
382864.89	6401083.07
382864.53	6401076.30
382871.33	6401075.95
382870.97	6401069.18
382877.77	6401068.83
382877.41	6401062.06
382884.21	6401061.71
382883.85	6401054.94
382890.65	6401054.59
382890.29	6401047.82
382897.09	6401047.47
382896.73	6401040.70
382903.53	6401040.35
382910.33	6401040.00
382909.97	6401033.23
382916.77	6401032.88
382916.41	6401026.11
382923.21	6401025.76
382930.01	6401025.41
382929.65	6401018.64
382936.45	6401018.29
382936.09	6401011.52
382942.89	6401011.17
382942.53	6401004.40
382949.33	6401004.05
382948.97	6400997.28
382955.77	6400996.93
382955.41	6400990.16
382955.05	6400983.39
382954.69	6400976.62
382961.49	6400976.27
382961.13	6400969.50
382960.77	6400962.73
382967.57	6400962.38
382967.21	6400955.61
382966.85	6400948.84
382973.65	6400948.49
382973.29	6400941.72
382980.09	6400941.37
382979.73	6400934.60
382979.37	6400927.83
382986.17	6400927.48
382985.81	6400920.71
382992.61	6400920.36
382992.25	6400913.59
382991.89	6400906.82
382998.69	6400906.47
382998.33	6400899.70
382991.53	6400900.05
382991.17	6400893.28
382990.81	6400886.51
382990.45	6400879.74
382990.09	6400872.97
382989.73	6400866.20
382989.37	6400859.43
382989.01	6400852.66
382988.65	6400845.89
382988.29	6400839.12
382987.93	6400832.35
382987.57	6400825.58
382987.21	6400818.81
382986.85	6400812.04
382986.49	6400805.27
382986.13	6400798.50
382992.93	6400798.15
382992.57	6400791.38
382992.21	6400784.61
382991.85	6400777.84
382998.65	6400777.49
382998.29	6400770.72
382997.93	6400763.95
382997.57	6400757.18
382997.21	6400750.41
383004.01	6400750.06
383003.65	6400743.29
383003.29	6400736.52
383002.93	6400729.75
383002.57	6400722.98
383002.21	6400716.21
383001.85	6400709.44
383001.49	6400702.67
383001.13	6400695.90
383000.77	6400689.13
383000.41	6400682.36
383000.05	6400675.59
382999.69	6400668.82
382999.33	6400662.05
382998.97	6400655.28
382998.61	6400648.51
382998.25	6400641.74
382997.89	6400634.97
382997.53	6400628.20
382997.17	6400621.43
382996.81	6400614.66
382996.45	6400607.89
382996.09	6400601.12
383002.89	6400600.77
383002.53	6400594.00
383002.17	6400587.23
383001.81	6400580.46
383008.61	6400580.11
383008.25	6400573.34
383015.05	6400572.99
383014.69	6400566.22
383021.49	6400565.87
383021.13	6400559.10
383027.93	6400558.75
383034.73	6400558.40
383034.37	6400551.63
383041.17	6400551.28
383040.81	6400544.51
383040.45	6400537.74
383047.25	6400537.39
383046.89	6400530.62
383053.69	6400530.27
383053.33	6400523.50
383060.13	6400523.15
383059.77	6400516.38
383059.41	6400509.61
383066.21	6400509.26
383065.85	6400502.49
383065.49	6400495.72
383072.29	6400495.37
383071.93	6400488.60
383071.57	6400481.83
383071.21	6400475.06
383070.85	6400468.29
383070.49	6400461.52
383070.13	6400454.75
383069.77	6400447.98
383069.41	6400441.21
383062.61	6400441.56
383062.25	6400434.79
383061.89	6400428.02
383061.53	6400421.25
383061.17	6400414.48
383060.81	6400407.71
383060.45	6400400.94
383060.09	6400394.17
383059.73	6400387.40
383059.37	6400380.63
383059.01	6400373.86
383065.81	6400373.51
383065.45	6400366.74
383058.65	6400367.09
383058.29	6400360.32
383057.93	6400353.55
383057.57	6400346.78
383057.21	6400340.01
383056.85	6400333.24
383056.49	6400326.47
383056.13	6400319.70
383055.77	6400312.93
383055.41	6400306.16
383055.05	6400299.39
383054.69	6400292.62
383054.33	6400285.85
383053.97	6400279.08
383047.17	6400279.43
383046.81	6400272.66
383046.45	6400265.89
383039.65	6400266.24
383039.29	6400259.47
383038.93	6400252.70
383038.57	6400245.93
383031.77	6400246.28
383031.41	6400239.51
383031.05	6400232.74
383030.69	6400225.97
383030.33	6400219.20
383029.97	6400212.43
383029.61	6400205.66
383029.25	6400198.89
383036.05	6400198.54
383035.69	6400191.77
383035.33	6400185.00
383042.13	6400184.65
383041.77	6400177.88
383048.57	6400177.53
383048.21	6400170.76
383055.01	6400170.41
383054.65	6400163.64
383061.45	6400163.29
383068.25	6400162.94
383067.89	6400156.17
383074.69	6400155.82
383081.49	6400155.47
383088.29	6400155.12
383095.09	6400154.77
383101.89	6400154.42
383101.53	6400147.65
383108.33	6400147.30
383115.13	6400146.95
383121.93	6400146.60
383128.73	6400146.25
383128.37	6400139.48
383135.17	6400139.13
383134.81	6400132.36
383141.61	6400132.01
383148.41	6400131.66
383148.05	6400124.89
383154.85	6400124.54
383154.49	6400117.77
383161.29	6400117.42
383160.93	6400110.65
383167.73	6400110.30
383167.37	6400103.53
383167.01	6400096.76
383166.65	6400089.99
383173.45	6400089.64
383173.09	6400082.87
383172.73	6400076.10
383172.37	6400069.33
383179.17	6400068.98
383178.81	6400062.21
383178.45	6400055.44
383178.09	6400048.67
383177.73	6400041.90
383177.37	6400035.13
383170.57	6400035.48
383170.21	6400028.71
383169.85	6400021.94
383169.49	6400015.17
383169.13	6400008.40
383162.33	6400008.75
383161.97	6400001.98
383161.61	6399995.21
383161.25	6399988.44
383154.45	6399988.79
383154.09	6399982.02
383153.73	6399975.25
383153.37	6399968.48
383153.01	6399961.71
383152.65	6399954.94
383145.85	6399955.29
383145.49	6399948.52
383145.13	6399941.75
383138.33	6399942.10
383131.53	6399942.45
383124.73	6399942.80
383125.09	6399949.57
383118.29	6399949.92
383111.49	6399950.27
383111.85	6399957.04
383112.21	6399963.81
383112.57	6399970.58
383112.93	6399977.35
383119.73	6399977.00
383120.09	6399983.77
383120.45	6399990.54
383120.81	6399997.31
383121.17	6400004.08
383121.53	6400010.85
383128.33	6400010.50
383128.69	6400017.27
383129.05	6400024.04
383129.41	6400030.81
383136.21	6400030.46
383136.57	6400037.23
383136.93	6400044.00
383137.29	6400050.77
383137.65	6400057.54
383138.01	6400064.31
383131.21	6400064.66
383131.57	6400071.43
383131.93	6400078.20
383125.13	6400078.55
383125.49	6400085.32
383125.85	6400092.09
383119.05	6400092.44
383119.41	6400099.21
383112.61	6400099.56
383112.97	6400106.33
383106.17	6400106.68
383099.37	6400107.03
383099.73	6400113.80
383092.93	6400114.15
383086.13	6400114.50
383086.49	6400121.27
383079.69	6400121.62
383072.89	6400121.97
383073.25	6400128.74
383066.45	6400129.09
383059.65	6400129.44
383052.85	6400129.79
383053.21	6400136.56
383046.41	6400136.91
383039.61	6400137.26
383039.97	6400144.03
383033.17	6400144.38
383033.53	6400151.15
383026.73	6400151.50
383027.09	6400158.27
383020.29	6400158.62
383020.65	6400165.39
383013.85	6400165.74
383014.21	6400172.51
383007.41	6400172.86
383007.77	6400179.63
383008.13	6400186.40
383001.33	6400186.75
383001.69	6400193.52
383002.05	6400200.29
382995.25	6400200.64
382995.61	6400207.41
382995.97	6400214.18
382996.33	6400220.95
383003.13	6400220.60
383003.49	6400227.37
383003.85	6400234.14
383004.21	6400240.91
383004.57	6400247.68
383004.93	6400254.45
383005.29	6400261.22
383012.09	6400260.87
383012.45	6400267.64
383012.81	6400274.41
383019.61	6400274.06
383019.97	6400280.83
383020.33	6400287.60
383020.69	6400294.37
383021.05	6400301.14
383021.41	6400307.91
383021.77	6400314.68
383022.13	6400321.45
383022.49	6400328.22
383022.85	6400334.99
383023.21	6400341.76
383030.01	6400341.41
383030.37	6400348.18
383030.73	6400354.95
383031.09	6400361.72
383031.45	6400368.49
383031.81	6400375.26
383032.17	6400382.03
383032.53	6400388.80
383032.89	6400395.57
383026.09	6400395.92
383026.45	6400402.69
383026.81	6400409.46
383027.17	6400416.23
383027.53	6400423.00
383034.33	6400422.65
383034.69	6400429.42
383035.05	6400436.19
383035.41	6400442.96
383035.77	6400449.73
383036.13	6400456.50
383036.49	6400463.27
383036.85	6400470.04
383037.21	6400476.81
383037.57	6400483.58
383037.93	6400490.35
383031.13	6400490.70
383031.49	6400497.47
383031.85	6400504.24
383025.05	6400504.59
383025.41	6400511.36
383018.61	6400511.71
383018.97	6400518.48
383012.17	6400518.83
383012.53	6400525.60
383005.73	6400525.95
383006.09	6400532.72
382999.29	6400533.07
382992.49	6400533.42
382992.85	6400540.19
382986.05	6400540.54
382986.41	6400547.31
382979.61	6400547.66
382979.97	6400554.43
382973.17	6400554.78
382973.53	6400561.55
382973.89	6400568.32
382967.09	6400568.67
382967.45	6400575.44
382967.81	6400582.21
382968.17	6400588.98
382961.37	6400589.33
382961.73	6400596.10
382962.09	6400602.87
382962.45	6400609.64
382962.81	6400616.41
382963.17	6400623.18
382963.53	6400629.95
382963.89	6400636.72
382964.25	6400643.49
382964.61	6400650.26
382964.97	6400657.03
382965.33	6400663.80
382965.69	6400670.57
382966.05	6400677.34
382966.41	6400684.11
382966.77	6400690.88
382967.13	6400697.65
382967.49	6400704.42
382967.85	6400711.19
382968.21	6400717.96
382968.57	6400724.73
382961.77	6400725.08
382962.13	6400731.85
382962.49	6400738.62
382962.85	6400745.39
382963.21	6400752.16
382963.57	6400758.93
382956.77	6400759.28
382957.13	6400766.05
382957.49	6400772.82
382957.85	6400779.59
382951.05	6400779.94
382951.41	6400786.71
382951.77	6400793.48
382952.13	6400800.25
382945.33	6400800.60
382945.69	6400807.37
382946.05	6400814.14
382946.41	6400820.91
382946.77	6400827.68
382947.13	6400834.45
382947.49	6400841.22
382947.85	6400847.99
382948.21	6400854.76
382941.41	6400855.11
382941.77	6400861.88
382942.13	6400868.65
382948.93	6400868.30
382949.29	6400875.07
382949.65	6400881.84
382950.01	6400888.61
382950.37	6400895.38
382950.73	6400902.15
382951.09	6400908.92
382951.45	6400915.69
382944.65	6400916.04
382945.01	6400922.81
382938.21	6400923.16
382938.57	6400929.93
382931.77	6400930.28
382932.13	6400937.05
382932.49	6400943.82
382932.85	6400950.59
382926.05	6400950.94
382919.25	6400951.29
382919.61	6400958.06
382912.81	6400958.41
382913.17	6400965.18
382913.53	6400971.95
382906.73	6400972.30
382907.09	6400979.07
382900.29	6400979.42
382900.65	6400986.19
382893.85	6400986.54
382894.21	6400993.31
382894.57	6401000.08
382887.77	6401000.43
382880.97	6401000.78
382881.33	6401007.55
382874.53	6401007.90
382874.89	6401014.67
382868.09	6401015.02
382868.45	6401021.79
382861.65	6401022.14
382862.01	6401028.91
382855.21	6401029.26
382855.57	6401036.03
382848.77	6401036.38
382849.13	6401043.15
382842.33	6401043.50
382842.69	6401050.27
382835.89	6401050.62
382836.25	6401057.39
382829.45	6401057.74
382829.81	6401064.51
382823.01	6401064.86
382823.37	6401071.63
382816.57	6401071.98
382809.77	6401072.33
382810.13	6401079.10
382803.33	6401079.45
382803.69	6401086.22
382796.89	6401086.57
382797.25	6401093.34
382790.45	6401093.69
382790.81	6401100.46
382784.01	6401100.81
382784.37	6401107.58
382777.57	6401107.93
382777.93	6401114.70
382778.29	6401121.47
382771.49	6401121.82
382771.85	6401128.59
382772.21	6401135.36
382772.57	6401142.13
382772.93	6401148.90
382773.29	6401155.67
382773.65	6401162.44
382774.01	6401169.21
382774.37	6401175.98
382774.73	6401182.75
382767.93	6401183.10
382761.13	6401183.45
382754.33	6401183.80
382747.53	6401184.15
382740.73	6401184.50
382740.37	6401177.73
382733.57	6401178.08
382733.21	6401171.31
382726.41	6401171.66
382719.61	6401172.01
382719.25	6401165.24
382712.45	6401165.59
382712.09	6401158.82
382711.73	6401152.05
382704.93	6401152.40
382704.57	6401145.63
382697.77	6401145.98
382697.41	6401139.21
382697.05	6401132.44
382690.25	6401132.79
382689.89	6401126.02
382689.53	6401119.25
382682.73	6401119.60
382682.37	6401112.83
382682.01	6401106.06
382675.21	6401106.41
382674.85	6401099.64
382674.49	6401092.87
382667.69	6401093.22
382667.33	6401086.45
382660.53	6401086.80
382660.17	6401080.03
382653.37	6401080.38
382653.01	6401073.61
382646.21	6401073.96
382645.85	6401067.19
382639.05	6401067.54
382638.69	6401060.77
382631.89	6401061.12
382631.53	6401054.35
382624.73	6401054.70
382617.93	6401055.05
382611.13	6401055.40
382604.33	6401055.75
382597.53	6401056.10
382597.89	6401062.87
382591.09	6401063.22
382584.29	6401063.57
382584.65	6401070.34
382577.85	6401070.69
382571.05	6401071.04
382571.41	6401077.81
382564.61	6401078.16
382564.97	6401084.93
382558.17	6401085.28
382558.53	6401092.05
382551.73	6401092.40
382552.09	6401099.17
382545.29	6401099.52
382545.65	6401106.29
382538.85	6401106.64
382539.21	6401113.41
382539.57	6401120.18
382539.93	6401126.95
382546.73	6401126.60
382547.09	6401133.37
382547.45	6401140.14
382554.25	6401139.79
382554.61	6401146.56
382554.97	6401153.33
382561.77	6401152.98
382562.13	6401159.75
382562.49	6401166.52
382562.85	6401173.29
382569.65	6401172.94
382570.01	6401179.71
382570.37	6401186.48
382570.73	6401193.25
382577.53	6401192.90
382577.89	6401199.67
382578.25	6401206.44
382585.05	6401206.09
382585.41	6401212.86
382585.77	6401219.63
382586.13	6401226.40
382586.49	6401233.17
382586.85	6401239.94
382587.21	6401246.71
382587.57	6401253.48
382580.77	6401253.83
382581.13	6401260.60
382581.49	6401267.37
382581.85	6401274.14
382575.05	6401274.49
382575.41	6401281.26
382575.77	6401288.03
382576.13	6401294.80
382582.93	6401294.45
382583.29	6401301.22
382583.65	6401307.99
382584.01	6401314.76
382584.37	6401321.53
382591.17	6401321.18
382591.53	6401327.95
382591.89	6401334.72
382592.25	6401341.49
382599.05	6401341.14
382599.41	6401347.91
382599.77	6401354.68
382606.57	6401354.33
382606.93	6401361.10
382607.29	6401367.87
382607.65	6401374.64
382614.45	6401374.29
382614.81	6401381.06
382615.17	6401387.83
382615.53	6401394.60
382622.33	6401394.25
382622.69	6401401.02
382623.05	6401407.79
382629.85	6401407.44
382630.21	6401414.21
382630.57	6401420.98
382630.93	6401427.75
382631.29	6401434.52
382631.65	6401441.29
382632.01	6401448.06
382632.37	6401454.83
382632.73	6401461.60
382639.53	6401461.25
382639.89	6401468.02
382640.25	6401474.79
382647.05	6401474.44
382647.41	6401481.21
382647.77	6401487.98
382648.13	6401494.75
382654.93	6401494.40
382655.29	6401501.17
382655.65	6401507.94
382662.45	6401507.59
382662.81	6401514.36
382663.17	6401521.13
382669.97	6401520.78
382670.33	6401527.55
382670.69	6401534.32
382677.49	6401533.97
382677.85	6401540.74
382684.65	6401540.39
382685.01	6401547.16
382685.37	6401553.93
382692.17	6401553.58
382692.53	6401560.35
382692.89	6401567.12
382699.69	6401566.77
382700.05	6401573.54
382700.41	6401580.31
382707.21	6401579.96
382707.57	6401586.73
382707.93	6401593.50
382714.73	6401593.15
382715.09	6401599.92
382715.45	6401606.69
382722.25	6401606.34
382722.61	6401613.11
382722.97	6401619.88
382729.77	6401619.53
382730.13	6401626.30
382730.49	6401633.07
382730.85	6401639.84
382737.65	6401639.49
382738.01	6401646.26
382738.37	6401653.03
382745.17	6401652.68
382745.53	6401659.45
382745.89	6401666.22
382746.25	6401672.99
382753.05	6401672.64
382753.41	6401679.41
382753.77	6401686.18
382754.13	6401692.95
382760.93	6401692.60
382761.29	6401699.37
382761.65	6401706.14
382762.01	6401712.91
382768.81	6401712.56
382769.17	6401719.33
382769.53	6401726.10
382769.89	6401732.87
382770.25	6401739.64
382770.61	6401746.41
382777.41	6401746.06
382777.77	6401752.83
382778.13	6401759.60
382778.49	6401766.37
382785.29	6401766.02
382785.65	6401772.79
382792.45	6401772.44
382792.81	6401779.21
382799.61	6401778.86
382806.41	6401778.51
382806.77	6401785.28
382813.57	6401784.93
382820.37	6401784.58
382820.73	6401791.35
382827.53	6401791.00
382834.33	6401790.65
382834.69	6401797.42
382841.49	6401797.07
382841.85	6401803.84
382848.65	6401803.49
382855.45	6401803.14
382855.81	6401809.91
382862.61	6401809.56
382869.41	6401809.21
382869.77	6401815.98
382870.13	6401822.75
382876.93	6401822.40
382877.29	6401829.17
382877.65	6401835.94
382878.01	6401842.71
382878.37	6401849.48
382878.73	6401856.25
382879.09	6401863.02
382879.45	6401869.79
382879.81	6401876.56
382873.01	6401876.91
382873.37	6401883.68
382866.57	6401884.03
382866.93	6401890.80
382860.13	6401891.15
382860.49	6401897.92
382853.69	6401898.27
382846.89	6401898.62
382847.25	6401905.39
382840.45	6401905.74
382833.65	6401906.09
382834.01	6401912.86
382827.21	6401913.21
382827.57	6401919.98
382820.77	6401920.33
382813.97	6401920.68
382814.33	6401927.45
382807.53	6401927.80
382800.73	6401928.15
382801.09	6401934.92
382794.29	6401935.27
382794.65	6401942.04
382787.85	6401942.39
382781.05	6401942.74
382781.41	6401949.51
382774.61	6401949.86
382767.81	6401950.21
382768.17	6401956.98
382761.37	6401957.33
382761.73	6401964.10
382754.93	6401964.45
382748.13	6401964.80
382748.49	6401971.57
382741.69	6401971.92
382742.05	6401978.69
382735.25	6401979.04
382735.61	6401985.81
382728.81	6401986.16
382729.17	6401992.93
382729.53	6401999.70
382729.89	6402006.47
382723.09	6402006.82
382723.45	6402013.59
382723.81	6402020.36
382730.61	6402020.01
382730.97	6402026.78
382731.33	6402033.55
382738.13	6402033.20
382738.49	6402039.97
382738.85	6402046.74
382745.65	6402046.39
382746.01	6402053.16
382746.37	6402059.93
382753.17	6402059.58
382753.53	6402066.35
382760.33	6402066.00
382767.13	6402065.65
382767.49	6402072.42
382774.29	6402072.07
382774.65	6402078.84
382781.45	6402078.49
382788.25	6402078.14
382788.61	6402084.91
382795.41	6402084.56
382802.21	6402084.21
382802.57	6402090.98
382809.37	6402090.63
382809.73	6402097.40
382816.53	6402097.05
382823.33	6402096.70
382823.69	6402103.47
382830.49	6402103.12
382837.29	6402102.77
382837.65	6402109.54
382844.45	6402109.19
382844.81	6402115.96
382851.61	6402115.61
382851.97	6402122.38
382858.77	6402122.03
382859.13	6402128.80
382865.93	6402128.45
382866.29	6402135.22
382866.65	6402141.99
382873.45	6402141.64
382873.81	6402148.41
382874.17	6402155.18
382874.53	6402161.95
382874.89	6402168.72
382875.25	6402175.49
382875.61	6402182.26
382868.81	6402182.61
382869.17	6402189.38
382862.37	6402189.73
382862.73	6402196.50
382863.09	6402203.27
382856.29	6402203.62
382849.49	6402203.97
382849.85	6402210.74
382843.05	6402211.09
382836.25	6402211.44
382836.61	6402218.21
382829.81	6402218.56
382823.01	6402218.91
382816.21	6402219.26
382809.41	6402219.61
382802.61	6402219.96
382795.81	6402220.31
382789.01	6402220.66
382782.21	6402221.01
382775.41	6402221.36
382768.61	6402221.71
382761.81	6402222.06
382761.45	6402215.29
382754.65	6402215.64
382747.85	6402215.99
382741.05	6402216.34
382734.25	6402216.69
382733.89	6402209.92
382727.09	6402210.27
382720.29	6402210.62
382713.49	6402210.97
382706.69	6402211.32
382699.89	6402211.67
382693.09	6402212.02
382686.29	6402212.37
382679.49	6402212.72
382672.69	6402213.07
382673.05	6402219.84
382666.25	6402220.19
382666.61	6402226.96
382659.81	6402227.31
382653.01	6402227.66
382653.37	6402234.43
382646.57	6402234.78
382646.93	6402241.55
382647.29	6402248.32
382640.49	6402248.67
382640.85	6402255.44
382634.05	6402255.79
382634.41	6402262.56
382634.77	6402269.33
382627.97	6402269.68
382628.33	6402276.45
382628.69	6402283.22
382629.05	6402289.99
382622.25	6402290.34
382622.61	6402297.11
382622.97	6402303.88
382616.17	6402304.23
382616.53	6402311.00
382616.89	6402317.77
382610.09	6402318.12
382610.45	6402324.89
382603.65	6402325.24
382604.01	6402332.01
382604.37	6402338.78
382597.57	6402339.13
382597.93	6402345.90
382591.13	6402346.25
382591.49	6402353.02
382584.69	6402353.37
382585.05	6402360.14
382585.41	6402366.91
382578.61	6402367.26
382578.97	6402374.03
382579.33	6402380.80
382572.53	6402381.15
382572.89	6402387.92
382566.09	6402388.27
382566.45	6402395.04
382559.65	6402395.39
382560.01	6402402.16
382553.21	6402402.51
382553.57	6402409.28
382553.93	6402416.05
382547.13	6402416.40
382547.49	6402423.17
382547.85	6402429.94
382541.05	6402430.29
382541.41	6402437.06
382541.77	6402443.83
382542.13	6402450.60
382535.33	6402450.95
382535.69	6402457.72
382528.89	6402458.07
382529.25	6402464.84
382529.61	6402471.61
382522.81	6402471.96
382523.17	6402478.73
382523.53	6402485.50
382516.73	6402485.85
382517.09	6402492.62
382510.29	6402492.97
382510.65	6402499.74
382511.01	6402506.51
382504.21	6402506.86
382504.57	6402513.63
382497.77	6402513.98
382490.97	6402514.33
382491.33	6402521.10
382484.53	6402521.45
382484.89	6402528.22
382478.09	6402528.57
382478.45	6402535.34
382471.65	6402535.69
382472.01	6402542.46
382465.21	6402542.81
382465.57	6402549.58
382458.77	6402549.93
382459.13	6402556.70
382452.33	6402557.05
382445.53	6402557.40
382445.89	6402564.17
382439.09	6402564.52
382439.45	6402571.29
382432.65	6402571.64
382433.01	6402578.41
382426.21	6402578.76
382419.41	6402579.11
382419.77	6402585.88
382412.97	6402586.23
382413.33	6402593.00
382406.53	6402593.35
382406.89	6402600.12
382400.09	6402600.47
382400.45	6402607.24
382393.65	6402607.59
382386.85	6402607.94
382387.21	6402614.71
382380.41	6402615.06
382373.61	6402615.41
382373.97	6402622.18
382367.17	6402622.53
382360.37	6402622.88
382353.57	6402623.23
382346.77	6402623.58
382339.97	6402623.93
382333.17	6402624.28
382326.37	6402624.63
382326.73	6402631.40
382327.09	6402638.17
382320.29	6402638.52
382320.65	6402645.29
382321.01	6402652.06
382314.21	6402652.41
382307.41	6402652.76
382300.61	6402653.11
382300.97	6402659.88
382294.17	6402660.23
382287.37	6402660.58
382280.57	6402660.93
382280.21	6402654.16
382273.41	6402654.51
382266.61	6402654.86
382259.81	6402655.21
382253.01	6402655.56
382246.21	6402655.91
382239.41	6402656.26
382232.61	6402656.61
382232.97	6402663.38
382226.17	6402663.73
382219.37	6402664.08
382212.57	6402664.43
382205.77	6402664.78
382206.13	6402671.55
382199.33	6402671.90
382192.53	6402672.25
382185.73	6402672.60
382185.37	6402665.83
382178.57	6402666.18
382178.21	6402659.41
382171.41	6402659.76
382171.05	6402652.99
382164.25	6402653.34
382157.45	6402653.69
382157.09	6402646.92
382150.29	6402647.27
382149.93	6402640.50
382149.57	6402633.73
382142.77	6402634.08
382142.41	6402627.31
382135.61	6402627.66
382135.25	6402620.89
382134.89	6402614.12
382128.09	6402614.47
382127.73	6402607.70
382120.93	6402608.05
382120.57	6402601.28
382113.77	6402601.63
382113.41	6402594.86
382106.61	6402595.21
382099.81	6402595.56
382093.01	6402595.91
382092.65	6402589.14
382085.85	6402589.49
382079.05	6402589.84
382072.25	6402590.19
382065.45	6402590.54
382058.65	6402590.89
382051.85	6402591.24
382045.05	6402591.59
382038.25	6402591.94
382031.45	6402592.29
382024.65	6402592.64
382024.29	6402585.87
382017.49	6402586.22
382017.13	6402579.45
382010.33	6402579.80
382003.53	6402580.15
382003.17	6402573.38
381996.37	6402573.73
381996.01	6402566.96
381995.65	6402560.19
381995.29	6402553.42
381994.93	6402546.65
382001.73	6402546.30
382001.37	6402539.53
382001.01	6402532.76
382007.81	6402532.41
382007.45	6402525.64
382007.09	6402518.87
382006.73	6402512.10
382006.37	6402505.33
382006.01	6402498.56
381999.21	6402498.91
381998.85	6402492.14
381998.49	6402485.37
381991.69	6402485.72
381991.33	6402478.95
381990.97	6402472.18
381984.17	6402472.53
381983.81	6402465.76
381977.01	6402466.11
381970.21	6402466.46
381969.85	6402459.69
381963.05	6402460.04
381962.69	6402453.27
381955.89	6402453.62
381949.09	6402453.97
381949.45	6402460.74
381942.65	6402461.09
381935.85	6402461.44
381929.05	6402461.79
381929.41	6402468.56
381922.61	6402468.91
381915.81	6402469.26
381916.17	6402476.03
381909.37	6402476.38
381902.57	6402476.73
381902.93	6402483.50
381896.13	6402483.85
381889.33	6402484.20
381889.69	6402490.97
381882.89	6402491.32
381876.09	6402491.67
381876.45	6402498.44
381869.65	6402498.79
381862.85	6402499.14
381863.21	6402505.91
381856.41	6402506.26
381849.61	6402506.61
381849.97	6402513.38
381843.17	6402513.73
381843.53	6402520.50
381836.73	6402520.85
381837.09	6402527.62
381837.45	6402534.39
381830.65	6402534.74
381831.01	6402541.51
381831.37	6402548.28
381824.57	6402548.63
381824.93	6402555.40
381825.29	6402562.17
381825.65	6402568.94
381826.01	6402575.71
381826.37	6402582.48
381826.73	6402589.25
381827.09	6402596.02
381833.89	6402595.67
381834.25	6402602.44
381834.61	6402609.21
381834.97	6402615.98
381828.17	6402616.33
381828.53	6402623.10
381828.89	6402629.87
381822.09	6402630.22
381815.29	6402630.57
381808.49	6402630.92
381801.69	6402631.27
381794.89	6402631.62
381788.09	6402631.97
381781.29	6402632.32
381780.93	6402625.55
381774.13	6402625.90
381767.33	6402626.25
381760.53	6402626.60
381760.17	6402619.83
381753.37	6402620.18
381746.57	6402620.53
381739.77	6402620.88
381732.97	6402621.23
381726.17	6402621.58
381725.81	6402614.81
381719.01	6402615.16
381712.21	6402615.51
381705.41	6402615.86
381705.05	6402609.09
381698.25	6402609.44
381691.45	6402609.79
381684.65	6402610.14
381684.29	6402603.37
381677.49	6402603.72
381670.69	6402604.07
381663.89	6402604.42
381657.09	6402604.77
381656.73	6402598.00
381649.93	6402598.35
381643.13	6402598.70
381636.33	6402599.05
381629.53	6402599.40
381629.17	6402592.63
381622.37	6402592.98
381615.57	6402593.33
381608.77	6402593.68
381601.97	6402594.03
381595.17	6402594.38
381588.37	6402594.73
381588.01	6402587.96
381581.21	6402588.31
381574.41	6402588.66
381567.61	6402589.01
381567.25	6402582.24
381560.45	6402582.59
381553.65	6402582.94
381546.85	6402583.29
381540.05	6402583.64
381533.25	6402583.99
381526.45	6402584.34
381519.65	6402584.69
381519.29	6402577.92
381518.93	6402571.15
381518.57	6402564.38
381518.21	6402557.61
381511.41	6402557.96
381511.05	6402551.19
381510.69	6402544.42
381510.33	6402537.65
381509.97	6402530.88
381503.17	6402531.23
381502.81	6402524.46
381502.45	6402517.69
381495.65	6402518.04
381495.29	6402511.27
381494.93	6402504.50
381494.57	6402497.73
381487.77	6402498.08
381487.41	6402491.31
381487.05	6402484.54
381480.25	6402484.89
381479.89	6402478.12
381473.09	6402478.47
381472.73	6402471.70
381465.93	6402472.05
381466.29	6402478.82
381459.49	6402479.17
381452.69	6402479.52
381445.89	6402479.87
381446.25	6402486.64
381439.45	6402486.99
381432.65	6402487.34
381425.85	6402487.69
381426.21	6402494.46
381419.41	6402494.81
381412.61	6402495.16
381405.81	6402495.51
381399.01	6402495.86
381392.21	6402496.21
381391.85	6402489.44
381391.49	6402482.67
381384.69	6402483.02
381384.33	6402476.25
381383.97	6402469.48
381383.61	6402462.71
381376.81	6402463.06
381376.45	6402456.29
381376.09	6402449.52
381369.29	6402449.87
381368.93	6402443.10
381368.57	6402436.33
381368.21	6402429.56
381361.41	6402429.91
381361.05	6402423.14
381360.69	6402416.37
381353.89	6402416.72
381353.53	6402409.95
381346.73	6402410.30
381346.37	6402403.53
381339.57	6402403.88
381332.77	6402404.23
381332.41	6402397.46
381325.61	6402397.81
381325.25	6402391.04
381324.89	6402384.27
381318.09	6402384.62
381317.73	6402377.85
381310.93	6402378.20
381304.13	6402378.55
381297.33	6402378.90
381290.53	6402379.25
381290.89	6402386.02
381284.09	6402386.37
381284.45	6402393.14
381277.65	6402393.49
381278.01	6402400.26
381271.21	6402400.61
381271.57	6402407.38
381264.77	6402407.73
381265.13	6402414.50
381258.33	6402414.85
381258.69	6402421.62
381251.89	6402421.97
381252.25	6402428.74
381245.45	6402429.09
381245.81	6402435.86
381239.01	6402436.21
381232.21	6402436.56
381232.57	6402443.33
381225.77	6402443.68
381226.13	6402450.45
381219.33	6402450.80
381219.69	6402457.57
381212.89	6402457.92
381213.25	6402464.69
381206.45	6402465.04
381206.81	6402471.81
381200.01	6402472.16
381200.37	6402478.93
381200.73	6402485.70
381193.93	6402486.05
381194.29	6402492.82
381187.49	6402493.17
381180.69	6402493.52
381181.05	6402500.29
381174.25	6402500.64
381174.61	6402507.41
381167.81	6402507.76
381168.17	6402514.53
381161.37	6402514.88
381161.73	6402521.65
381162.09	6402528.42
381155.29	6402528.77
381155.65	6402535.54
381156.01	6402542.31
381149.21	6402542.66
381149.57	6402549.43
381149.93	6402556.20
381143.13	6402556.55
381143.49	6402563.32
381143.85	6402570.09
381137.05	6402570.44
381137.41	6402577.21
381137.77	6402583.98
381130.97	6402584.33
381131.33	6402591.10
381131.69	6402597.87
381124.89	6402598.22
381125.25	6402604.99
381125.61	6402611.76
381118.81	6402612.11
381119.17	6402618.88
381112.37	6402619.23
381112.73	6402626.00
381113.09	6402632.77
381106.29	6402633.12
381106.65	6402639.89
381099.85	6402640.24
381100.21	6402647.01
381093.41	6402647.36
381093.77	6402654.13
381086.97	6402654.48
381087.33	6402661.25
381087.69	6402668.02
381080.89	6402668.37
381081.25	6402675.14
381074.45	6402675.49
381074.81	6402682.26
381068.01	6402682.61
381068.37	6402689.38
381061.57	6402689.73
381054.77	6402690.08
381055.13	6402696.85
381048.33	6402697.20
381048.69	6402703.97
381041.89	6402704.32
381035.09	6402704.67
381035.45	6402711.44
381028.65	6402711.79
381029.01	6402718.56
381022.21	6402718.91
381015.41	6402719.26
381008.61	6402719.61
381001.81	6402719.96
380995.01	6402720.31
380995.37	6402727.08
380988.57	6402727.43
380988.93	6402734.20
380982.13	6402734.55
380975.33	6402734.90
380975.69	6402741.67
380968.89	6402742.02
380962.09	6402742.37
380955.29	6402742.72
380955.65	6402749.49
380948.85	6402749.84
380942.05	6402750.19
380935.25	6402750.54
380928.45	6402750.89
380921.65	6402751.24
380914.85	6402751.59
380908.05	6402751.94
380901.25	6402752.29
380900.89	6402745.52
380894.09	6402745.87
380887.29	6402746.22
380880.49	6402746.57
380880.13	6402739.80
380873.33	6402740.15
380866.53	6402740.50
380866.17	6402733.73
380859.37	6402734.08
380859.01	6402727.31
380852.21	6402727.66
380845.41	6402728.01
380845.05	6402721.24
380838.25	6402721.59
380837.89	6402714.82
380837.53	6402708.05
380830.73	6402708.40
380830.37	6402701.63
380830.01	6402694.86
380823.21	6402695.21
380822.85	6402688.44
380822.49	6402681.67
380815.69	6402682.02
380815.33	6402675.25
380814.97	6402668.48
380808.17	6402668.83
380807.81	6402662.06
380807.45	6402655.29
380800.65	6402655.64
380800.29	6402648.87
380799.93	6402642.10
380793.13	6402642.45
380792.77	6402635.68
380792.41	6402628.91
380785.61	6402629.26
380785.25	6402622.49
380784.89	6402615.72
380778.09	6402616.07
380777.73	6402609.30
380777.37	6402602.53
380777.01	6402595.76
380776.65	6402588.99
380776.29	6402582.22
380775.93	6402575.45
380775.57	6402568.68
380775.21	6402561.91
380774.85	6402555.14
380774.49	6402548.37
380767.69	6402548.72
380767.33	6402541.95
380766.97	6402535.18
380766.61	6402528.41
380766.25	6402521.64
380773.05	6402521.29
380772.69	6402514.52
380772.33	6402507.75
380771.97	6402500.98
380771.61	6402494.21
380771.25	6402487.44
380770.89	6402480.67
380770.53	6402473.90
380770.17	6402467.13
380776.97	6402466.78
380776.61	6402460.01
380776.25	6402453.24
380775.89	6402446.47
380775.53	6402439.70
380775.17	6402432.93
380774.81	6402426.16
380774.45	6402419.39
380774.09	6402412.62
380773.73	6402405.85
380773.37	6402399.08
380773.01	6402392.31
380772.65	6402385.54
380772.29	6402378.77
380771.93	6402372.00
380771.57	6402365.23
380771.21	6402358.46
380770.85	6402351.69
380777.65	6402351.34
380777.29	6402344.57
380776.93	6402337.80
380776.57	6402331.03
380776.21	6402324.26
380783.01	6402323.91
380782.65	6402317.14
380789.45	6402316.79
380789.09	6402310.02
380795.89	6402309.67
380795.53	6402302.90
380802.33	6402302.55
380801.97	6402295.78
380801.61	6402289.01
380808.41	6402288.66
380808.05	6402281.89
380814.85	6402281.54
380814.49	6402274.77
380821.29	6402274.42
380820.93	6402267.65
380827.73	6402267.30
380827.37	6402260.53
380820.57	6402260.88
380820.21	6402254.11
380819.85	6402247.34
380813.05	6402247.69
380812.69	6402240.92
380812.33	6402234.15
380811.97	6402227.38
380811.61	6402220.61
380811.25	6402213.84
380810.89	6402207.07
380804.09	6402207.42
380803.73	6402200.65
380803.37	6402193.88
380803.01	6402187.11
380802.65	6402180.34
380802.29	6402173.57
380801.93	6402166.80
380801.57	6402160.03
380801.21	6402153.26
380808.01	6402152.91
380814.81	6402152.56
380821.61	6402152.21
380828.41	6402151.86
380835.21	6402151.51
380842.01	6402151.16
380848.81	6402150.81
380855.61	6402150.46
380862.41	6402150.11
380869.21	6402149.76
380869.57	6402156.53
380876.37	6402156.18
380883.17	6402155.83
380889.97	6402155.48
380896.77	6402155.13
380903.57	6402154.78
380910.37	6402154.43
380917.17	6402154.08
380923.97	6402153.73
380930.77	6402153.38
380937.57	6402153.03
380944.37	6402152.68
380944.01	6402145.91
380943.65	6402139.14
380943.29	6402132.37
380936.49	6402132.72
380936.13	6402125.95
380929.33	6402126.30
380928.97	6402119.53
380928.61	6402112.76
380921.81	6402113.11
380921.45	6402106.34
380921.09	6402099.57
380914.29	6402099.92
380913.93	6402093.15
380907.13	6402093.50
380906.77	6402086.73
380906.41	6402079.96
380899.61	6402080.31
380899.25	6402073.54
380898.89	6402066.77
380892.09	6402067.12
380891.73	6402060.35
380891.37	6402053.58
380891.01	6402046.81
380890.65	6402040.04
380897.45	6402039.69
380904.25	6402039.34
380911.05	6402038.99
380917.85	6402038.64
380924.65	6402038.29
380931.45	6402037.94
380938.25	6402037.59
380938.61	6402044.36
380945.41	6402044.01
380952.21	6402043.66
380959.01	6402043.31
380959.37	6402050.08
380966.17	6402049.73
380972.97	6402049.38
380979.77	6402049.03
380980.13	6402055.80
380986.93	6402055.45
380993.73	6402055.10
381000.53	6402054.75
381000.89	6402061.52
381007.69	6402061.17
381014.49	6402060.82
381021.29	6402060.47
381021.65	6402067.24
381028.45	6402066.89
381035.25	6402066.54
381034.89	6402059.77
381041.69	6402059.42
381048.49	6402059.07
381055.29	6402058.72
381062.09	6402058.37
381068.89	6402058.02
381075.69	6402057.67
381082.49	6402057.32
381089.29	6402056.97
381096.09	6402056.62
381096.45	6402063.39
381103.25	6402063.04
381110.05	6402062.69
381116.85	6402062.34
381123.65	6402061.99
381130.45	6402061.64
381137.25	6402061.29
381144.05	6402060.94
381144.41	6402067.71
381151.21	6402067.36
381158.01	6402067.01
381164.81	6402066.66
381171.61	6402066.31
381178.41	6402065.96
381185.21	6402065.61
381184.85	6402058.84
381191.65	6402058.49
381198.45	6402058.14
381205.25	6402057.79
381204.89	6402051.02
381211.69	6402050.67
381218.49	6402050.32
381225.29	6402049.97
381224.93	6402043.20
381231.73	6402042.85
381231.37	6402036.08
381238.17	6402035.73
381237.81	6402028.96
381244.61	6402028.61
381251.41	6402028.26
381251.05	6402021.49
381257.85	6402021.14
381257.49	6402014.37
381257.13	6402007.60
381263.93	6402007.25
381263.57	6402000.48
381263.21	6401993.71
381262.85	6401986.94
381262.49	6401980.17
381262.13	6401973.40
381261.77	6401966.63
381261.41	6401959.86
381254.61	6401960.21
381254.25	6401953.44
381253.89	6401946.67
381247.09	6401947.02
381246.73	6401940.25
381239.93	6401940.60
381239.57	6401933.83
381232.77	6401934.18
381232.41	6401927.41
381225.61	6401927.76
381218.81	6401928.11
381218.45	6401921.34
381211.65	6401921.69
381204.85	6401922.04
381204.49	6401915.27
381197.69	6401915.62
381197.33	6401908.85
381190.53	6401909.20
381190.17	6401902.43
381183.37	6401902.78
381183.01	6401896.01
381182.65	6401889.24
381182.29	6401882.47
381181.93	6401875.70
381181.57	6401868.93
381188.37	6401868.58
381188.01	6401861.81
381194.81	6401861.46
381194.45	6401854.69
381201.25	6401854.34
381200.89	6401847.57
381207.69	6401847.22
381207.33	6401840.45
381214.13	6401840.10
381220.93	6401839.75
381227.73	6401839.40
381227.37	6401832.63
381234.17	6401832.28
381240.97	6401831.93
381247.77	6401831.58
381254.57	6401831.23
381254.21	6401824.46
381261.01	6401824.11
381267.81	6401823.76
381274.61	6401823.41
381274.25	6401816.64
381281.05	6401816.29
381287.85	6401815.94
381294.65	6401815.59
381301.45	6401815.24
381308.25	6401814.89
381315.05	6401814.54
381314.69	6401807.77
381321.49	6401807.42
381328.29	6401807.07
381335.09	6401806.72
381341.89	6401806.37
381341.53	6401799.60
381348.33	6401799.25
381355.13	6401798.90
381361.93	6401798.55
381361.57	6401791.78
381368.37	6401791.43
381375.17	6401791.08
381374.81	6401784.31
381381.61	6401783.96
381388.41	6401783.61
381388.05	6401776.84
381394.85	6401776.49
381394.49	6401769.72
381401.29	6401769.37
381408.09	6401769.02
381407.73	6401762.25
381414.53	6401761.90
381414.17	6401755.13
381420.97	6401754.78
381427.77	6401754.43
381427.41	6401747.66
381434.21	6401747.31
381441.01	6401746.96
381440.65	6401740.19
381447.45	6401739.84
381454.25	6401739.49
381453.89	6401732.72
381460.69	6401732.37
381467.49	6401732.02
381467.13	6401725.25
381473.93	6401724.90
381480.73	6401724.55
381487.53	6401724.20
381487.17	6401717.43
381493.97	6401717.08
381500.77	6401716.73
381507.57	6401716.38
381514.37	6401716.03
381521.17	6401715.68
381520.81	6401708.91
381527.61	6401708.56
381534.41	6401708.21
381541.21	6401707.86
381548.01	6401707.51
381554.81	6401707.16
381561.61	6401706.81
381561.25	6401700.04
381568.05	6401699.69
381574.85	6401699.34
381581.65	6401698.99
381588.45	6401698.64
381595.25	6401698.29
381602.05	6401697.94
381608.85	6401697.59
381615.65	6401697.24
381622.45	6401696.89
381629.25	6401696.54
381636.05	6401696.19
381642.85	6401695.84
381649.65	6401695.49
381656.45	6401695.14
381663.25	6401694.79
381670.05	6401694.44
381676.85	6401694.09
381683.65	6401693.74
381690.45	6401693.39
381697.25	6401693.04
381704.05	6401692.69
381710.85	6401692.34
381717.65	6401691.99
381724.45	6401691.64
381731.25	6401691.29
381738.05	6401690.94
381744.85	6401690.59
381751.65	6401690.24
381758.45	6401689.89
381765.25	6401689.54
381772.05	6401689.19
381778.85	6401688.84
381785.65	6401688.49
381792.45	6401688.14
381799.25	6401687.79
381806.05	6401687.44
381812.85	6401687.09
381819.65	6401686.74
381826.45	6401686.39
381833.25	6401686.04
381832.89	6401679.27
381839.69	6401678.92
381846.49	6401678.57
381853.29	6401678.22
381852.93	6401671.45
381859.73	6401671.10
381866.53	6401670.75
381866.17	6401663.98
381872.97	6401663.63
381872.61	6401656.86
381879.41	6401656.51
381886.21	6401656.16
381885.85	6401649.39
381885.49	6401642.62
381892.29	6401642.27
381891.93	6401635.50
381898.73	6401635.15
381898.37	6401628.38
381898.01	6401621.61
381904.81	6401621.26
381904.45	6401614.49
381904.09	6401607.72
381903.73	6401600.95
381903.37	6401594.18
381903.01	6401587.41
381896.21	6401587.76
381889.41	6401588.11
381882.61	6401588.46
381875.81	6401588.81
381869.01	6401589.16
381869.37	6401595.93
381869.73	6401602.70
381870.09	6401609.47
381870.45	6401616.24
381870.81	6401623.01
381864.01	6401623.36
381864.37	6401630.13
381864.73	6401636.90
381857.93	6401637.25
381858.29	6401644.02
381851.49	6401644.37
381851.85	6401651.14
381845.05	6401651.49
381838.25	6401651.84
381831.45	6401652.19
381824.65	6401652.54
381817.85	6401652.89
381811.05	6401653.24
381804.25	6401653.59
381797.45	6401653.94
381790.65	6401654.29
381783.85	6401654.64
381777.05	6401654.99
381770.25	6401655.34
381763.45	6401655.69
381756.65	6401656.04
381749.85	6401656.39
381743.05	6401656.74
381736.25	6401657.09
381729.45	6401657.44
381722.65	6401657.79
381722.29	6401651.02
381715.49	6401651.37
381708.69	6401651.72
381701.89	6401652.07
381695.09	6401652.42
381688.29	6401652.77
381681.49	6401653.12
381674.69	6401653.47
381667.89	6401653.82
381661.09	6401654.17
381654.29	6401654.52
381647.49	6401654.87
381647.85	6401661.64
381641.05	6401661.99
381634.25	6401662.34
381627.45	6401662.69
381620.65	6401663.04
381613.85	6401663.39
381607.05	6401663.74
381600.25	6401664.09
381593.45	6401664.44
381586.65	6401664.79
381579.85	6401665.14
381579.49	6401658.37
381579.13	6401651.60
381578.77	6401644.83
381585.57	6401644.48
381592.37	6401644.13
381592.01	6401637.36
381598.81	6401637.01
381605.61	6401636.66
381605.25	6401629.89
381612.05	6401629.54
381618.85	6401629.19
381618.49	6401622.42
381625.29	6401622.07
381624.93	6401615.30
381631.73	6401614.95
381631.37	6401608.18
381631.01	6401601.41
381630.65	6401594.64
381630.29	6401587.87
381623.49	6401588.22
381623.13	6401581.45
381622.77	6401574.68
381622.41	6401567.91
381615.61	6401568.26
381615.25	6401561.49
381614.89	6401554.72
381608.09	6401555.07
381607.73	6401548.30
381607.37	6401541.53
381600.57	6401541.88
381600.21	6401535.11
381599.85	6401528.34
381593.05	6401528.69
381592.69	6401521.92
381585.89	6401522.27
381579.09	6401522.62
381572.29	6401522.97
381565.49	6401523.32
381558.69	6401523.67
381559.05	6401530.44
381552.25	6401530.79
381545.45	6401531.14
381538.65	6401531.49
381539.01	6401538.26
381532.21	6401538.61
381525.41	6401538.96
381525.77	6401545.73
381518.97	6401546.08
381512.17	6401546.43
381512.53	6401553.20
381505.73	6401553.55
381498.93	6401553.90
381499.29	6401560.67
381492.49	6401561.02
381485.69	6401561.37
381486.05	6401568.14
381479.25	6401568.49
381479.61	6401575.26
381472.81	6401575.61
381473.17	6401582.38
381466.37	6401582.73
381459.57	6401583.08
381452.77	6401583.43
381445.97	6401583.78
381445.61	6401577.01
381438.81	6401577.36
381432.01	6401577.71
381432.37	6401584.48
381432.73	6401591.25
381425.93	6401591.60
381426.29	6401598.37
381426.65	6401605.14
381433.45	6401604.79
381433.81	6401611.56
381434.17	6401618.33
381434.53	6401625.10
381441.33	6401624.75
381441.69	6401631.52
381442.05	6401638.29
381442.41	6401645.06
381449.21	6401644.71
381449.57	6401651.48
381449.93	6401658.25
381456.73	6401657.90
381457.09	6401664.67
381457.45	6401671.44
381464.25	6401671.09
381464.61	6401677.86
381464.97	6401684.63
381465.33	6401691.40
381458.53	6401691.75
381458.89	6401698.52
381452.09	6401698.87
381445.29	6401699.22
381445.65	6401705.99
381438.85	6401706.34
381432.05	6401706.69
381432.41	6401713.46
381425.61	6401713.81
381418.81	6401714.16
381419.17	6401720.93
381412.37	6401721.28
381405.57	6401721.63
381398.77	6401721.98
381399.13	6401728.75
381392.33	6401729.10
381385.53	6401729.45
381378.73	6401729.80
381371.93	6401730.15
381372.29	6401736.92
381365.49	6401737.27
381365.85	6401744.04
381359.05	6401744.39
381352.25	6401744.74
381352.61	6401751.51
381345.81	6401751.86
381339.01	6401752.21
381339.37	6401758.98
381332.57	6401759.33
381325.77	6401759.68
381318.97	6401760.03
381312.17	6401760.38
381312.53	6401767.15
381305.73	6401767.50
381298.93	6401767.85
381292.13	6401768.20
381292.49	6401774.97
381285.69	6401775.32
381278.89	6401775.67
381272.09	6401776.02
381265.29	6401776.37
381258.49	6401776.72
381251.69	6401777.07
381252.05	6401783.84
381245.25	6401784.19
381238.45	6401784.54
381238.81	6401791.31
381232.01	6401791.66
381225.21	6401792.01
381218.41	6401792.36
381218.77	6401799.13
381211.97	6401799.48
381205.17	6401799.83
381205.53	6401806.60
381198.73	6401806.95
381191.93	6401807.30
381185.13	6401807.65
381185.49	6401814.42
381178.69	6401814.77
381179.05	6401821.54
381172.25	6401821.89
381172.61	6401828.66
381172.97	6401835.43
381166.17	6401835.78
381159.37	6401836.13
381159.73	6401842.90
381152.93	6401843.25
381153.29	6401850.02
381153.65	6401856.79
381146.85	6401857.14
381147.21	6401863.91
381147.57	6401870.68
381140.77	6401871.03
381141.13	6401877.80
381141.49	6401884.57
381141.85	6401891.34
381142.21	6401898.11
381142.57	6401904.88
381142.93	6401911.65
381149.73	6401911.30
381150.09	6401918.07
381156.89	6401917.72
381157.25	6401924.49
381164.05	6401924.14
381164.41	6401930.91
381171.21	6401930.56
381171.57	6401937.33
381178.37	6401936.98
381178.73	6401943.75
381185.53	6401943.40
381185.89	6401950.17
381192.69	6401949.82
381193.05	6401956.59
381199.85	6401956.24
381200.21	6401963.01
381200.57	6401969.78
381200.93	6401976.55
381201.29	6401983.32
381201.65	6401990.09
381202.01	6401996.86
381202.37	6402003.63
381202.73	6402010.40
381195.93	6402010.75
381196.29	6402017.52
381189.49	6402017.87
381182.69	6402018.22
381175.89	6402018.57
381176.25	6402025.34
381169.45	6402025.69
381162.65	6402026.04
381155.85	6402026.39
381149.05	6402026.74
381142.25	6402027.09
381141.89	6402020.32
381135.09	6402020.67
381128.29	6402021.02
381121.49	6402021.37
381114.69	6402021.72
381114.33	6402014.95
381107.53	6402015.30
381100.73	6402015.65
381093.93	6402016.00
381093.57	6402009.23
381086.77	6402009.58
381079.97	6402009.93
381079.61	6402003.16
381072.81	6402003.51
381066.01	6402003.86
381059.21	6402004.21
381058.85	6401997.44
381052.05	6401997.79
381045.25	6401998.14
381038.45	6401998.49
381038.09	6401991.72
381031.29	6401992.07
381024.49	6401992.42
381024.13	6401985.65
381017.33	6401986.00
381010.53	6401986.35
381003.73	6401986.70
381003.37	6401979.93
380996.57	6401980.28
380989.77	6401980.63
380982.97	6401980.98
380982.61	6401974.21
380975.81	6401974.56
380969.01	6401974.91
380962.21	6401975.26
380961.85	6401968.49
380955.05	6401968.84
380948.25	6401969.19
380941.45	6401969.54
380941.09	6401962.77
380934.29	6401963.12
380927.49	6401963.47
380920.69	6401963.82
380920.33	6401957.05
380913.53	6401957.40
380906.73	6401957.75
380899.93	6401958.10
380893.13	6401958.45
380893.49	6401965.22
380886.69	6401965.57
380879.89	6401965.92
380880.25	6401972.69
380873.45	6401973.04
380866.65	6401973.39
380859.85	6401973.74
380860.21	6401980.51
380853.41	6401980.86
380846.61	6401981.21
380846.97	6401987.98
380840.17	6401988.33
380840.53	6401995.10
380833.73	6401995.45
380826.93	6401995.80
380827.29	6402002.57
380820.49	6402002.92
380820.85	6402009.69
380814.05	6402010.04
380814.41	6402016.81
380814.77	6402023.58
380807.97	6402023.93
380808.33	6402030.70
380801.53	6402031.05
380801.89	6402037.82
380795.09	6402038.17
380795.45	6402044.94
380788.65	6402045.29
380789.01	6402052.06
380789.37	6402058.83
380782.57	6402059.18
380782.93	6402065.95
380776.13	6402066.30
380776.49	6402073.07
380776.85	6402079.84
380770.05	6402080.19
380770.41	6402086.96
380763.61	6402087.31
380763.97	6402094.08
380764.33	6402100.85
380757.53	6402101.20
380757.89	6402107.97
380758.25	6402114.74
380751.45	6402115.09
380751.81	6402121.86
380752.17	6402128.63
380752.53	6402135.40
380745.73	6402135.75
380746.09	6402142.52
380746.45	6402149.29
380739.65	6402149.64
380740.01	6402156.41
380740.37	6402163.18
380740.73	6402169.95
380733.93	6402170.30
380734.29	6402177.07
380734.65	6402183.84
380735.01	6402190.61
380735.37	6402197.38
380728.57	6402197.73
380728.93	6402204.50
380729.29	6402211.27
380729.65	6402218.04
380730.01	6402224.81
380730.37	6402231.58
380730.73	6402238.35
380723.93	6402238.70
380724.29	6402245.47
380724.65	6402252.24
380725.01	6402259.01
380725.37	6402265.78
380725.73	6402272.55
380726.09	6402279.32
380719.29	6402279.67
380719.65	6402286.44
380720.01	6402293.21
380720.37	6402299.98
380720.73	6402306.75
380721.09	6402313.52
380714.29	6402313.87
380714.65	6402320.64
380715.01	6402327.41
380715.37	6402334.18
380715.73	6402340.95
380708.93	6402341.30
380709.29	6402348.07
380709.65	6402354.84
380710.01	6402361.61
380703.21	6402361.96
380703.57	6402368.73
380703.93	6402375.50
380704.29	6402382.27
380697.49	6402382.62
380690.69	6402382.97
380691.05	6402389.74
380684.25	6402390.09
380684.61	6402396.86
380677.81	6402397.21
380678.17	6402403.98
380678.53	6402410.75
380678.89	6402417.52
380679.25	6402424.29
380679.61	6402431.06
380679.97	6402437.83
380680.33	6402444.60
380680.69	6402451.37
380681.05	6402458.14
380674.25	6402458.49
380667.45	6402458.84
380660.65	6402459.19
380653.85	6402459.54
380647.05	6402459.89
380640.25	6402460.24
380633.45	6402460.59
380626.65	6402460.94
380627.01	6402467.71
380620.21	6402468.06
380613.41	6402468.41
380606.61	6402468.76
380599.81	6402469.11
380593.01	6402469.46
380593.37	6402476.23
380586.57	6402476.58
380579.77	6402476.93
380572.97	6402477.28
380566.17	6402477.63
380559.37	6402477.98
380552.57	6402478.33
380552.93	6402485.10
380546.13	6402485.45
380539.33	6402485.80
380532.53	6402486.15
380525.73	6402486.50
380518.93	6402486.85
380512.13	6402487.20
380505.33	6402487.55
380498.53	6402487.90
380491.73	6402488.25
380492.09	6402495.02
380485.29	6402495.37
380478.49	6402495.72
380471.69	6402496.07
380464.89	6402496.42
380465.25	6402503.19
380458.45	6402503.54
380451.65	6402503.89
380444.85	6402504.24
380438.05	6402504.59
380438.41	6402511.36
380431.61	6402511.71
380424.81	6402512.06
380418.01	6402512.41
380411.21	6402512.76
380404.41	6402513.11
380404.77	6402519.88
380397.97	6402520.23
380391.17	6402520.58
380384.37	6402520.93
380377.57	6402521.28
380370.77	6402521.63
380363.97	6402521.98
380357.17	6402522.33
380357.53	6402529.10
380350.73	6402529.45
380343.93	6402529.80
380337.13	6402530.15
380330.33	6402530.50
380323.53	6402530.85
380323.89	6402537.62
380317.09	6402537.97
380310.29	6402538.32
380303.49	6402538.67
380296.69	6402539.02
380289.89	6402539.37
380290.25	6402546.14
380283.45	6402546.49
380276.65	6402546.84
380269.85	6402547.19
380263.05	6402547.54
380256.25	6402547.89
380256.61	6402554.66
380249.81	6402555.01
380243.01	6402555.36
380236.21	6402555.71
380229.41	6402556.06
380222.61	6402556.41
380222.97	6402563.18
380216.17	6402563.53
380209.37	6402563.88
380202.57	6402564.23
380195.77	6402564.58
380188.97	6402564.93
380189.33	6402571.70
380182.53	6402572.05
380175.73	6402572.40
380168.93	6402572.75
380162.13	6402573.10
380155.33	6402573.45
380155.69	6402580.22
380148.89	6402580.57
380142.09	6402580.92
380135.29	6402581.27
380135.65	6402588.04
380128.85	6402588.39
380122.05	6402588.74
380115.25	6402589.09
380115.61	6402595.86
380108.81	6402596.21
380109.17	6402602.98
380102.37	6402603.33
380102.73	6402610.10
380095.93	6402610.45
380096.29	6402617.22
380096.65	6402623.99
380089.85	6402624.34
380090.21	6402631.11
380083.41	6402631.46
380083.77	6402638.23
380076.97	6402638.58
380077.33	6402645.35
380070.53	6402645.70
380070.89	6402652.47
380064.09	6402652.82
380064.45	6402659.59
380057.65	6402659.94
380058.01	6402666.71
380058.37	6402673.48
380051.57	6402673.83
380051.93	6402680.60
380045.13	6402680.95
380045.49	6402687.72
380045.85	6402694.49
380039.05	6402694.84
380039.41	6402701.61
380039.77	6402708.38
380040.13	6402715.15
380040.49	6402721.92
380040.85	6402728.69
380034.05	6402729.04
380034.41	6402735.81
380034.77	6402742.58
380035.13	6402749.35
380035.49	6402756.12
380035.85	6402762.89
380029.05	6402763.24
380029.41	6402770.01
380029.77	6402776.78
380030.13	6402783.55
380030.49	6402790.32
380030.85	6402797.09
380031.21	6402803.86
380031.57	6402810.63
380031.93	6402817.40
380025.13	6402817.75
380025.49	6402824.52
380025.85	6402831.29
380026.21	6402838.06
380026.57	6402844.83
380026.93	6402851.60
380020.13	6402851.95
380020.49	6402858.72
380020.85	6402865.49
380021.21	6402872.26
380021.57	6402879.03
380021.93	6402885.80
380015.13	6402886.15
380015.49	6402892.92
380015.85	6402899.69
380016.21	6402906.46
380016.57	6402913.23
380016.93	6402920.00
380017.29	6402926.77
380017.65	6402933.54
380018.01	6402940.31
380018.37	6402947.08
380025.17	6402946.73
380025.53	6402953.50
380025.89	6402960.27
380026.25	6402967.04
380019.45	6402967.39
380019.81	6402974.16
380013.01	6402974.51
380013.37	6402981.28
380006.57	6402981.63
380006.93	6402988.40
380007.29	6402995.17
380000.49	6402995.52
380000.85	6403002.29
379994.05	6403002.64
379994.41	6403009.41
379994.77	6403016.18
379987.97	6403016.53
379988.33	6403023.30
379981.53	6403023.65
379981.89	6403030.42
379975.09	6403030.77
379975.45	6403037.54
379968.65	6403037.89
379969.01	6403044.66
379962.21	6403045.01
379962.57	6403051.78
379955.77	6403052.13
379956.13	6403058.90
379949.33	6403059.25
379949.69	6403066.02
379950.05	6403072.79
379943.25	6403073.14
379943.61	6403079.91
379936.81	6403080.26
379937.17	6403087.03
379930.37	6403087.38
379930.73	6403094.15
379923.93	6403094.50
379924.29	6403101.27
379924.65	6403108.04
379931.45	6403107.69
379931.81	6403114.46
379938.61	6403114.11
379938.97	6403120.88
379939.33	6403127.65
379939.69	6403134.42
379932.89	6403134.77
379926.09	6403135.12
379919.29	6403135.47
379912.49	6403135.82
379905.69	6403136.17
379898.89	6403136.52
379899.25	6403143.29
379892.45	6403143.64
379892.81	6403150.41
379886.01	6403150.76
379886.37	6403157.53
379886.73	6403164.30
379879.93	6403164.65
379873.13	6403165.00
379866.33	6403165.35
379865.97	6403158.58
379859.17	6403158.93
379858.81	6403152.16
379852.01	6403152.51
379851.65	6403145.74
379844.85	6403146.09
379844.49	6403139.32
379837.69	6403139.67
379837.33	6403132.90
379830.53	6403133.25
379830.17	6403126.48
379823.37	6403126.83
379816.57	6403127.18
379809.77	6403127.53
379802.97	6403127.88
379802.61	6403121.11
379795.81	6403121.46
379789.01	6403121.81
379782.21	6403122.16
379781.85	6403115.39
379775.05	6403115.74
379774.69	6403108.97
379774.33	6403102.20
379767.53	6403102.55
379767.17	6403095.78
379760.37	6403096.13
379760.01	6403089.36
379753.21	6403089.71
379752.85	6403082.94
379746.05	6403083.29
379745.69	6403076.52
379738.89	6403076.87
379732.09	6403077.22
379731.73	6403070.45
379724.93	6403070.80
379724.57	6403064.03
379717.77	6403064.38
379710.97	6403064.73
379704.17	6403065.08
379703.81	6403058.31
379697.01	6403058.66
379690.21	6403059.01
379689.85	6403052.24
379683.05	6403052.59
379676.25	6403052.94
379669.45	6403053.29
379669.09	6403046.52
379662.29	6403046.87
379661.93	6403040.10
379655.13	6403040.45
379654.77	6403033.68
379654.41	6403026.91
379647.61	6403027.26
379647.25	6403020.49
379646.89	6403013.72
379640.09	6403014.07
379639.73	6403007.30
379639.37	6403000.53
379639.01	6402993.76
379638.65	6402986.99
379638.29	6402980.22
379637.93	6402973.45
379637.57	6402966.68
379637.21	6402959.91
379636.85	6402953.14
379636.49	6402946.37
379636.13	6402939.60
379635.77	6402932.83
379635.41	6402926.06
379635.05	6402919.29
379634.69	6402912.52
379627.89	6402912.87
379627.53	6402906.10
379627.17	6402899.33
379626.81	6402892.56
379633.61	6402892.21
379640.41	6402891.86
379647.21	6402891.51
379654.01	6402891.16
379660.81	6402890.81
379667.61	6402890.46
379674.41	6402890.11
379681.21	6402889.76
379680.85	6402882.99
379687.65	6402882.64
379687.29	6402875.87
379686.93	6402869.10
379686.57	6402862.33
379693.37	6402861.98
379693.01	6402855.21
379699.81	6402854.86
379699.45	6402848.09
379699.09	6402841.32
379698.73	6402834.55
379698.37	6402827.78
379691.57	6402828.13
379691.21	6402821.36
379690.85	6402814.59
379684.05	6402814.94
379683.69	6402808.17
379676.89	6402808.52
379670.09	6402808.87
379670.45	6402815.64
379663.65	6402815.99
379656.85	6402816.34
379650.05	6402816.69
379649.69	6402809.92
379642.89	6402810.27
379636.09	6402810.62
379629.29	6402810.97
379629.65	6402817.74
379622.85	6402818.09
379616.05	6402818.44
379609.25	6402818.79
379602.45	6402819.14
379595.65	6402819.49
379588.85	6402819.84
379588.49	6402813.07
379581.69	6402813.42
379581.33	6402806.65
379574.53	6402807.00
379574.17	6402800.23
379567.37	6402800.58
379567.01	6402793.81
379560.21	6402794.16
379559.85	6402787.39
379553.05	6402787.74
379552.69	6402780.97
379545.89	6402781.32
379545.53	6402774.55
379538.73	6402774.90
379538.37	6402768.13
379531.57	6402768.48
379531.21	6402761.71
379524.41	6402762.06
379524.05	6402755.29
379517.25	6402755.64
379516.89	6402748.87
379510.09	6402749.22
379503.29	6402749.57
379502.93	6402742.80
379496.13	6402743.15
379495.77	6402736.38
379488.97	6402736.73
379488.61	6402729.96
379488.25	6402723.19
379487.89	6402716.42
379481.09	6402716.77
379480.73	6402710.00
379480.37	6402703.23
379480.01	6402696.46
379486.81	6402696.11
379493.61	6402695.76
379493.25	6402688.99
379500.05	6402688.64
379506.85	6402688.29
379513.65	6402687.94
379520.45	6402687.59
379527.25	6402687.24
379526.89	6402680.47
379533.69	6402680.12
379533.33	6402673.35
379532.97	6402666.58
379532.61	6402659.81
379525.81	6402660.16
379525.45	6402653.39
379518.65	6402653.74
379518.29	6402646.97
379511.49	6402647.32
379511.13	6402640.55
379504.33	6402640.90
379503.97	6402634.13
379497.17	6402634.48
379496.81	6402627.71
379490.01	6402628.06
379483.21	6402628.41
379482.85	6402621.64
379476.05	6402621.99
379475.69	6402615.22
379468.89	6402615.57
379462.09	6402615.92
379461.73	6402609.15
379454.93	6402609.50
379454.57	6402602.73
379447.77	6402603.08
379447.41	6402596.31
379440.61	6402596.66
379440.25	6402589.89
379439.89	6402583.12
379439.53	6402576.35
379439.17	6402569.58
379445.97	6402569.23
379445.61	6402562.46
379452.41	6402562.11
379452.05	6402555.34
379451.69	6402548.57
379458.49	6402548.22
379458.13	6402541.45
379464.93	6402541.10
379464.57	6402534.33
379464.21	6402527.56
379471.01	6402527.21
379470.65	6402520.44
379463.85	6402520.79
379463.49	6402514.02
379456.69	6402514.37
379456.33	6402507.60
379449.53	6402507.95
379442.73	6402508.30
379435.93	6402508.65
379435.57	6402501.88
379428.77	6402502.23
379421.97	6402502.58
379422.33	6402509.35
379415.53	6402509.70
379408.73	6402510.05
379401.93	6402510.40
379395.13	6402510.75
379388.33	6402511.10
379381.53	6402511.45
379381.89	6402518.22
379375.09	6402518.57
379368.29	6402518.92
379368.65	6402525.69
379369.01	6402532.46
379362.21	6402532.81
379362.57	6402539.58
379355.77	6402539.93
379356.13	6402546.70
379349.33	6402547.05
379349.69	6402553.82
379342.89	6402554.17
379336.09	6402554.52
379336.45	6402561.29
379329.65	6402561.64
379322.85	6402561.99
379323.21	6402568.76
379316.41	6402569.11
379309.61	6402569.46
379309.97	6402576.23
379303.17	6402576.58
379296.37	6402576.93
379296.73	6402583.70
379289.93	6402584.05
379283.13	6402584.40
379283.49	6402591.17
379276.69	6402591.52
379269.89	6402591.87
379263.09	6402592.22
379256.29	6402592.57
379249.49	6402592.92
379249.13	6402586.15
379248.77	6402579.38
379241.97	6402579.73
379241.61	6402572.96
379234.81	6402573.31
379234.45	6402566.54
379227.65	6402566.89
379220.85	6402567.24
379221.21	6402574.01
379214.41	6402574.36
379207.61	6402574.71
379200.81	6402575.06
379194.01	6402575.41
379187.21	6402575.76
379180.41	6402576.11
379173.61	6402576.46
379166.81	6402576.81
379160.01	6402577.16
379153.21	6402577.51
379146.41	6402577.86
379139.61	6402578.21
379132.81	6402578.56
379126.01	6402578.91
379119.21	6402579.26
379112.41	6402579.61
379105.61	6402579.96
379098.81	6402580.31
379098.45	6402573.54
379091.65	6402573.89
379091.29	6402567.12
379084.49	6402567.47
379084.13	6402560.70
379077.33	6402561.05
379070.53	6402561.40
379070.17	6402554.63
379063.37	6402554.98
379056.57	6402555.33
379049.77	6402555.68
379049.41	6402548.91
379042.61	6402549.26
379035.81	6402549.61
379029.01	6402549.96
379022.21	6402550.31
379015.41	6402550.66
379008.61	6402551.01
379008.97	6402557.78
379002.17	6402558.13
379002.53	6402564.90
378995.73	6402565.25
378996.09	6402572.02
378996.45	6402578.79
378989.65	6402579.14
378990.01	6402585.91
378983.21	6402586.26
378983.57	6402593.03
378983.93	6402599.80
378977.13	6402600.15
378977.49	6402606.92
378977.85	6402613.69
378971.05	6402614.04
378971.41	6402620.81
378964.61	6402621.16
378964.97	6402627.93
378965.33	6402634.70
378958.53	6402635.05
378958.89	6402641.82
378952.09	6402642.17
378952.45	6402648.94
378945.65	6402649.29
378946.01	6402656.06
378939.21	6402656.41
378932.41	6402656.76
378925.61	6402657.11
378925.25	6402650.34
378918.45	6402650.69
378911.65	6402651.04
378904.85	6402651.39
378904.49	6402644.62
378897.69	6402644.97
378890.89	6402645.32
378884.09	6402645.67
378877.29	6402646.02
378876.93	6402639.25
378876.57	6402632.48
378876.21	6402625.71
378883.01	6402625.36
378882.65	6402618.59
378889.45	6402618.24
378889.09	6402611.47
378888.73	6402604.70
378895.53	6402604.35
378895.17	6402597.58
378894.81	6402590.81
378901.61	6402590.46
378901.25	6402583.69
378908.05	6402583.34
378907.69	6402576.57
378907.33	6402569.80
378914.13	6402569.45
378913.77	6402562.68
378913.41	6402555.91
378920.21	6402555.56
378919.85	6402548.79
378919.49	6402542.02
378919.13	6402535.25
378925.93	6402534.90
378925.57	6402528.13
378925.21	6402521.36
378924.85	6402514.59
378924.49	6402507.82
378917.69	6402508.17
378917.33	6402501.40
378916.97	6402494.63
378916.61	6402487.86
378909.81	6402488.21
378909.45	6402481.44
378909.09	6402474.67
378908.73	6402467.90
378901.93	6402468.25
378901.57	6402461.48
378901.21	6402454.71
378900.85	6402447.94
378900.49	6402441.17
378893.69	6402441.52
378893.33	6402434.75
378892.97	6402427.98
378892.61	6402421.21
378892.25	6402414.44
378891.89	6402407.67
378891.53	6402400.90
378884.73	6402401.25
378884.37	6402394.48
378884.01	6402387.71
378883.65	6402380.94
378883.29	6402374.17
378882.93	6402367.40
378882.57	6402360.63
378882.21	6402353.86
378881.85	6402347.09
378881.49	6402340.32
378888.29	6402339.97
378887.93	6402333.20
378887.57	6402326.43
378894.37	6402326.08
378894.01	6402319.31
378893.65	6402312.54
378900.45	6402312.19
378900.09	6402305.42
378906.89	6402305.07
378906.53	6402298.30
378906.17	6402291.53
378912.97	6402291.18
378912.61	6402284.41
378912.25	6402277.64
378919.05	6402277.29
378918.69	6402270.52
378918.33	6402263.75
378917.97	6402256.98
378917.61	6402250.21
378917.25	6402243.44
378924.05	6402243.09
378923.69	6402236.32
378923.33	6402229.55
378922.97	6402222.78
378922.61	6402216.01
378929.41	6402215.66
378929.05	6402208.89
378928.69	6402202.12
378935.49	6402201.77
378935.13	6402195.00
378934.77	6402188.23
378934.41	6402181.46
378927.61	6402181.81
378920.81	6402182.16
378914.01	6402182.51
378907.21	6402182.86
378900.41	6402183.21
378893.61	6402183.56
378893.25	6402176.79
378886.45	6402177.14
378886.09	6402170.37
378879.29	6402170.72
378878.93	6402163.95
378872.13	6402164.30
378865.33	6402164.65
378858.53	6402165.00
378858.89	6402171.77
378852.09	6402172.12
378845.29	6402172.47
378838.49	6402172.82
378831.69	6402173.17
378824.89	6402173.52
378818.09	6402173.87
378818.45	6402180.64
378811.65	6402180.99
378804.85	6402181.34
378798.05	6402181.69
378797.69	6402174.92
378797.33	6402168.15
378790.53	6402168.50
378783.73	6402168.85
378776.93	6402169.20
378776.57	6402162.43
378769.77	6402162.78
378769.41	6402156.01
378769.05	6402149.24
378768.69	6402142.47
378768.33	6402135.70
378767.97	6402128.93
378767.61	6402122.16
378767.25	6402115.39
378766.89	6402108.62
378766.53	6402101.85
378766.17	6402095.08
378765.81	6402088.31
378765.45	6402081.54
378765.09	6402074.77
378758.29	6402075.12
378751.49	6402075.47
378751.13	6402068.70
378744.33	6402069.05
378744.69	6402075.82
378737.89	6402076.17
378731.09	6402076.52
378724.29	6402076.87
378717.49	6402077.22
378717.85	6402083.99
378711.05	6402084.34
378704.25	6402084.69
378704.61	6402091.46
378704.97	6402098.23
378698.17	6402098.58
378698.53	6402105.35
378698.89	6402112.12
378699.25	6402118.89
378699.61	6402125.66
378692.81	6402126.01
378693.17	6402132.78
378693.53	6402139.55
378693.89	6402146.32
378694.25	6402153.09
378694.61	6402159.86
378694.97	6402166.63
378688.17	6402166.98
378688.53	6402173.75
378688.89	6402180.52
378689.25	6402187.29
378689.61	6402194.06
378689.97	6402200.83
378683.17	6402201.18
378676.37	6402201.53
378669.57	6402201.88
378662.77	6402202.23
378655.97	6402202.58
378649.17	6402202.93
378642.37	6402203.28
378635.57	6402203.63
378628.77	6402203.98
378621.97	6402204.33
378615.17	6402204.68
378608.37	6402205.03
378601.57	6402205.38
378601.93	6402212.15
378595.13	6402212.50
378595.49	6402219.27
378588.69	6402219.62
378581.89	6402219.97
378582.25	6402226.74
378575.45	6402227.09
378568.65	6402227.44
378569.01	6402234.21
378562.21	6402234.56
378562.57	6402241.33
378555.77	6402241.68
378548.97	6402242.03
378542.17	6402242.38
378535.37	6402242.73
378528.57	6402243.08
378521.77	6402243.43
378514.97	6402243.78
378508.17	6402244.13
378501.37	6402244.48
378494.57	6402244.83
378487.77	6402245.18
378480.97	6402245.53
378480.61	6402238.76
378473.81	6402239.11
378467.01	6402239.46
378466.65	6402232.69
378466.29	6402225.92
378459.49	6402226.27
378459.13	6402219.50
378458.77	6402212.73
378451.97	6402213.08
378451.61	6402206.31
378451.25	6402199.54
378444.45	6402199.89
378444.09	6402193.12
378437.29	6402193.47
378436.93	6402186.70
378430.13	6402187.05
378429.77	6402180.28
378422.97	6402180.63
378422.61	6402173.86
378422.25	6402167.09
378415.45	6402167.44
378415.09	6402160.67
378408.29	6402161.02
378401.49	6402161.37
378401.85	6402168.14
378402.21	6402174.91
378409.01	6402174.56
378409.37	6402181.33
378409.73	6402188.10
378416.53	6402187.75
378416.89	6402194.52
378423.69	6402194.17
378424.05	6402200.94
378424.41	6402207.71
378431.21	6402207.36
378431.57	6402214.13
378431.93	6402220.90
378432.29	6402227.67
378425.49	6402228.02
378425.85	6402234.79
378432.65	6402234.44
378433.01	6402241.21
378439.81	6402240.86
378440.17	6402247.63
378446.97	6402247.28
378447.33	6402254.05
378447.69	6402260.82
378454.49	6402260.47
378454.85	6402267.24
378461.65	6402266.89
378462.01	6402273.66
378462.37	6402280.43
378469.17	6402280.08
378469.53	6402286.85
378476.33	6402286.50
378476.69	6402293.27
378477.05	6402300.04
378483.85	6402299.69
378484.21	6402306.46
378491.01	6402306.11
378491.37	6402312.88
378491.73	6402319.65
378492.09	6402326.42
378492.45	6402333.19
378492.81	6402339.96
378493.17	6402346.73
378493.53	6402353.50
378486.73	6402353.85
378487.09	6402360.62
378480.29	6402360.97
378480.65	6402367.74
378473.85	6402368.09
378467.05	6402368.44
378467.41	6402375.21
378460.61	6402375.56
378460.97	6402382.33
378454.17	6402382.68
378447.37	6402383.03
378447.73	6402389.80
378440.93	6402390.15
378441.29	6402396.92
378434.49	6402397.27
378427.69	6402397.62
378428.05	6402404.39
378421.25	6402404.74
378421.61	6402411.51
378414.81	6402411.86
378408.01	6402412.21
378408.37	6402418.98
378401.57	6402419.33
378401.93	6402426.10
378395.13	6402426.45
378395.49	6402433.22
378388.69	6402433.57
378381.89	6402433.92
378382.25	6402440.69
378375.45	6402441.04
378375.81	6402447.81
378369.01	6402448.16
378362.21	6402448.51
378355.41	6402448.86
378355.05	6402442.09
378348.25	6402442.44
378341.45	6402442.79
378334.65	6402443.14
378327.85	6402443.49
378321.05	6402443.84
378314.25	6402444.19
378313.89	6402437.42
378307.09	6402437.77
378306.73	6402431.00
378299.93	6402431.35
378299.57	6402424.58
378299.21	6402417.81
378292.41	6402418.16
378292.05	6402411.39
378285.25	6402411.74
378284.89	6402404.97
378278.09	6402405.32
378277.73	6402398.55
378277.37	6402391.78
378270.57	6402392.13
378270.21	6402385.36
378269.85	6402378.59
378263.05	6402378.94
378262.69	6402372.17
378255.89	6402372.52
378255.53	6402365.75
378255.17	6402358.98
378254.81	6402352.21
378254.45	6402345.44
378254.09	6402338.67
378253.73	6402331.90
378253.37	6402325.13
378253.01	6402318.36
378252.65	6402311.59
378252.29	6402304.82
378259.09	6402304.47
378258.73	6402297.70
378258.37	6402290.93
378258.01	6402284.16
378257.65	6402277.39
378257.29	6402270.62
378264.09	6402270.27
378263.73	6402263.50
378270.53	6402263.15
378277.33	6402262.80
378276.97	6402256.03
378276.61	6402249.26
378276.25	6402242.49
378275.89	6402235.72
378275.53	6402228.95
378275.17	6402222.18
378268.37	6402222.53
378261.57	6402222.88
378261.21	6402216.11
378254.41	6402216.46
378254.05	6402209.69
378247.25	6402210.04
378240.45	6402210.39
378233.65	6402210.74
378233.29	6402203.97
378232.93	6402197.20
378226.13	6402197.55
378225.77	6402190.78
378225.41	6402184.01
378218.61	6402184.36
378211.81	6402184.71
378212.17	6402191.48
378205.37	6402191.83
378198.57	6402192.18
378198.93	6402198.95
378199.29	6402205.72
378199.65	6402212.49
378200.01	6402219.26
378200.37	6402226.03
378207.17	6402225.68
378213.97	6402225.33
378214.33	6402232.10
378214.69	6402238.87
378221.49	6402238.52
378221.85	6402245.29
378222.21	6402252.06
378222.57	6402258.83
378215.77	6402259.18
378216.13	6402265.95
378216.49	6402272.72
378216.85	6402279.49
378210.05	6402279.84
378210.41	6402286.61
378210.77	6402293.38
378211.13	6402300.15
378211.49	6402306.92
378211.85	6402313.69
378205.05	6402314.04
378205.41	6402320.81
378205.77	6402327.58
378206.13	6402334.35
378199.33	6402334.70
378199.69	6402341.47
378200.05	6402348.24
378200.41	6402355.01
378200.77	6402361.78
378193.97	6402362.13
378194.33	6402368.90
378194.69	6402375.67
378195.05	6402382.44
378195.41	6402389.21
378188.61	6402389.56
378188.97	6402396.33
378182.17	6402396.68
378182.53	6402403.45
378175.73	6402403.80
378176.09	6402410.57
378176.45	6402417.34
378169.65	6402417.69
378162.85	6402418.04
378156.05	6402418.39
378149.25	6402418.74
378148.89	6402411.97
378148.53	6402405.20
378148.17	6402398.43
378141.37	6402398.78
378141.01	6402392.01
378140.65	6402385.24
378133.85	6402385.59
378133.49	6402378.82
378126.69	6402379.17
378119.89	6402379.52
378113.09	6402379.87
378106.29	6402380.22
378099.49	6402380.57
378092.69	6402380.92
378085.89	6402381.27
378079.09	6402381.62
378072.29	6402381.97
378071.93	6402375.20
378065.13	6402375.55
378058.33	6402375.90
378051.53	6402376.25
378044.73	6402376.60
378045.09	6402383.37
378038.29	6402383.72
378031.49	6402384.07
378024.69	6402384.42
378017.89	6402384.77
378017.53	6402378.00
378017.17	6402371.23
378016.81	6402364.46
378016.45	6402357.69
378016.09	6402350.92
378022.89	6402350.57
378022.53	6402343.80
378022.17	6402337.03
378021.81	6402330.26
378021.45	6402323.49
378028.25	6402323.14
378027.89	6402316.37
378027.53	6402309.60
378027.17	6402302.83
378026.81	6402296.06
378033.61	6402295.71
378033.25	6402288.94
378032.89	6402282.17
378032.53	6402275.40
378032.17	6402268.63
378038.97	6402268.28
378038.61	6402261.51
378038.25	6402254.74
378037.89	6402247.97
378037.53	6402241.20
378044.33	6402240.85
378043.97	6402234.08
378043.61	6402227.31
378043.25	6402220.54
378042.89	6402213.77
378049.69	6402213.42
378049.33	6402206.65
378048.97	6402199.88
378048.61	6402193.11
378048.25	6402186.34
378055.05	6402185.99
378054.69	6402179.22
378054.33	6402172.45
378061.13	6402172.10
378060.77	6402165.33
378067.57	6402164.98
378067.21	6402158.21
378074.01	6402157.86
378080.81	6402157.51
378087.61	6402157.16
378094.41	6402156.81
378094.77	6402163.58
378101.57	6402163.23
378108.37	6402162.88
378115.17	6402162.53
378115.53	6402169.30
378122.33	6402168.95
378129.13	6402168.60
378129.49	6402175.37
378136.29	6402175.02
378143.09	6402174.67
378149.89	6402174.32
378150.25	6402181.09
378157.05	6402180.74
378163.85	6402180.39
378170.65	6402180.04
378177.45	6402179.69
378177.09	6402172.92
378183.89	6402172.57
378183.53	6402165.80
378183.17	6402159.03
378189.97	6402158.68
378189.61	6402151.91
378189.25	6402145.14
378188.89	6402138.37
378182.09	6402138.72
378181.73	6402131.95
378174.93	6402132.30
378168.13	6402132.65
378161.33	6402133.00
378160.97	6402126.23
378154.17	6402126.58
378147.37	6402126.93
378140.57	6402127.28
378140.21	6402120.51
378133.41	6402120.86
378133.05	6402114.09
378126.25	6402114.44
378119.45	6402114.79
378112.65	6402115.14
378105.85	6402115.49
378099.05	6402115.84
378092.25	6402116.19
378091.89	6402109.42
378085.09	6402109.77
378078.29	6402110.12
378071.49	6402110.47
378071.13	6402103.70
378064.33	6402104.05
378057.53	6402104.40
378057.17	6402097.63
378050.37	6402097.98
378050.01	6402091.21
378043.21	6402091.56
378042.85	6402084.79
378036.05	6402085.14
378035.69	6402078.37
378028.89	6402078.72
378022.09	6402079.07
378021.73	6402072.30
378021.37	6402065.53
378021.01	6402058.76
378014.21	6402059.11
378013.85	6402052.34
378013.49	6402045.57
378013.13	6402038.80
378006.33	6402039.15
378005.97	6402032.38
377999.17	6402032.73
377998.81	6402025.96
377992.01	6402026.31
377985.21	6402026.66
377985.57	6402033.43
377978.77	6402033.78
377979.13	6402040.55
377979.49	6402047.32
377979.85	6402054.09
377980.21	6402060.86
377980.57	6402067.63
377987.37	6402067.28
377987.73	6402074.05
377988.09	6402080.82
377994.89	6402080.47
377995.25	6402087.24
377995.61	6402094.01
377995.97	6402100.78
377996.33	6402107.55
378003.13	6402107.20
378003.49	6402113.97
378003.85	6402120.74
378004.21	6402127.51
378004.57	6402134.28
378011.37	6402133.93
378011.73	6402140.70
378012.09	6402147.47
378012.45	6402154.24
378012.81	6402161.01
378013.17	6402167.78
378013.53	6402174.55
378006.73	6402174.90
378007.09	6402181.67
378007.45	6402188.44
378007.81	6402195.21
378008.17	6402201.98
378001.37	6402202.33
378001.73	6402209.10
378002.09	6402215.87
378002.45	6402222.64
378002.81	6402229.41
377996.01	6402229.76
377996.37	6402236.53
377996.73	6402243.30
377997.09	6402250.07
377997.45	6402256.84
377990.65	6402257.19
377991.01	6402263.96
377991.37	6402270.73
377991.73	6402277.50
377992.09	6402284.27
377985.29	6402284.62
377985.65	6402291.39
377986.01	6402298.16
377986.37	6402304.93
377979.57	6402305.28
377979.93	6402312.05
377980.29	6402318.82
377980.65	6402325.59
377981.01	6402332.36
377974.21	6402332.71
377974.57	6402339.48
377974.93	6402346.25
377975.29	6402353.02
377968.49	6402353.37
377968.85	6402360.14
377969.21	6402366.91
377962.41	6402367.26
377962.77	6402374.03
377963.13	6402380.80
377956.33	6402381.15
377949.53	6402381.50
377942.73	6402381.85
377942.37	6402375.08
377942.01	6402368.31
377935.21	6402368.66
377934.85	6402361.89
377928.05	6402362.24
377927.69	6402355.47
377920.89	6402355.82
377914.09	6402356.17
377913.73	6402349.40
377913.37	6402342.63
377913.01	6402335.86
377912.65	6402329.09
377912.29	6402322.32
377911.93	6402315.55
377918.73	6402315.20
377918.37	6402308.43
377918.01	6402301.66
377917.65	6402294.89
377917.29	6402288.12
377916.93	6402281.35
377923.73	6402281.00
377923.37	6402274.23
377923.01	6402267.46
377922.65	6402260.69
377922.29	6402253.92
377929.09	6402253.57
377928.73	6402246.80
377928.37	6402240.03
377928.01	6402233.26
377934.81	6402232.91
377934.45	6402226.14
377934.09	6402219.37
377933.73	6402212.60
377933.37	6402205.83
377940.17	6402205.48
377939.81	6402198.71
377939.45	6402191.94
377939.09	6402185.17
377938.73	6402178.40
377945.53	6402178.05
377945.17	6402171.28
377944.81	6402164.51
377944.45	6402157.74
377944.09	6402150.97
377950.89	6402150.62
377950.53	6402143.85
377950.17	6402137.08
377956.97	6402136.73
377956.61	6402129.96
377956.25	6402123.19
377955.89	6402116.42
377955.53	6402109.65
377955.17	6402102.88
377948.37	6402103.23
377941.57	6402103.58
377934.77	6402103.93
377935.13	6402110.70
377928.33	6402111.05
377928.69	6402117.82
377929.05	6402124.59
377922.25	6402124.94
377922.61	6402131.71
377915.81	6402132.06
377909.01	6402132.41
377909.37	6402139.18
377909.73	6402145.95
377902.93	6402146.30
377903.29	6402153.07
377903.65	6402159.84
377904.01	6402166.61
377910.81	6402166.26
377911.17	6402173.03
377911.53	6402179.80
377918.33	6402179.45
377918.69	6402186.22
377919.05	6402192.99
377919.41	6402199.76
377912.61	6402200.11
377912.97	6402206.88
377913.33	6402213.65
377913.69	6402220.42
377906.89	6402220.77
377907.25	6402227.54
377907.61	6402234.31
377900.81	6402234.66
377901.17	6402241.43
377894.37	6402241.78
377894.73	6402248.55
377887.93	6402248.90
377888.29	6402255.67
377888.65	6402262.44
377889.01	6402269.21
377889.37	6402275.98
377889.73	6402282.75
377890.09	6402289.52
377890.45	6402296.29
377890.81	6402303.06
377891.17	6402309.83
377891.53	6402316.60
377884.73	6402316.95
377885.09	6402323.72
377885.45	6402330.49
377878.65	6402330.84
377879.01	6402337.61
377872.21	6402337.96
377872.57	6402344.73
377865.77	6402345.08
377866.13	6402351.85
377866.49	6402358.62
377859.69	6402358.97
377860.05	6402365.74
377853.25	6402366.09
377853.61	6402372.86
377846.81	6402373.21
377847.17	6402379.98
377847.53	6402386.75
377847.89	6402393.52
377841.09	6402393.87
377841.45	6402400.64
377834.65	6402400.99
377835.01	6402407.76
377835.37	6402414.53
377828.57	6402414.88
377828.93	6402421.65
377822.13	6402422.00
377815.33	6402422.35
377808.53	6402422.70
377801.73	6402423.05
377794.93	6402423.40
377794.57	6402416.63
377787.77	6402416.98
377787.41	6402410.21
377780.61	6402410.56
377773.81	6402410.91
377773.45	6402404.14
377766.65	6402404.49
377766.29	6402397.72
377759.49	6402398.07
377759.13	6402391.30
377752.33	6402391.65
377751.97	6402384.88
377745.17	6402385.23
377744.81	6402378.46
377744.45	6402371.69
377737.65	6402372.04
377737.29	6402365.27
377736.93	6402358.50
377730.13	6402358.85
377729.77	6402352.08
377729.41	6402345.31
377722.61	6402345.66
377722.25	6402338.89
377721.89	6402332.12
377715.09	6402332.47
377714.73	6402325.70
377714.37	6402318.93
377714.01	6402312.16
377720.81	6402311.81
377720.45	6402305.04
377720.09	6402298.27
377726.89	6402297.92
377726.53	6402291.15
377726.17	6402284.38
377725.81	6402277.61
377732.61	6402277.26
377732.25	6402270.49
377731.89	6402263.72
377738.69	6402263.37
377738.33	6402256.60
377737.97	6402249.83
377737.61	6402243.06
377744.41	6402242.71
377744.05	6402235.94
377743.69	6402229.17
377750.49	6402228.82
377750.13	6402222.05
377749.77	6402215.28
377749.41	6402208.51
377756.21	6402208.16
377755.85	6402201.39
377755.49	6402194.62
377762.29	6402194.27
377761.93	6402187.50
377761.57	6402180.73
377761.21	6402173.96
377754.41	6402174.31
377754.05	6402167.54
377747.25	6402167.89
377740.45	6402168.24
377733.65	6402168.59
377726.85	6402168.94
377720.05	6402169.29
377719.69	6402162.52
377719.33	6402155.75
377718.97	6402148.98
377718.61	6402142.21
377725.41	6402141.86
377725.05	6402135.09
377731.85	6402134.74
377738.65	6402134.39
377745.45	6402134.04
377752.25	6402133.69
377759.05	6402133.34
377765.85	6402132.99
377766.21	6402139.76
377773.01	6402139.41
377779.81	6402139.06
377786.61	6402138.71
377793.41	6402138.36
377800.21	6402138.01
377807.01	6402137.66
377807.37	6402144.43
377814.17	6402144.08
377820.97	6402143.73
377827.77	6402143.38
377834.57	6402143.03
377834.21	6402136.26
377841.01	6402135.91
377840.65	6402129.14
377840.29	6402122.37
377839.93	6402115.60
377839.57	6402108.83
377832.77	6402109.18
377825.97	6402109.53
377819.17	6402109.88
377818.81	6402103.11
377812.01	6402103.46
377805.21	6402103.81
377798.41	6402104.16
377791.61	6402104.51
377784.81	6402104.86
377778.01	6402105.21
377771.21	6402105.56
377770.85	6402098.79
377764.05	6402099.14
377757.25	6402099.49
377750.45	6402099.84
377743.65	6402100.19
377736.85	6402100.54
377736.49	6402093.77
377729.69	6402094.12
377729.33	6402087.35
377722.53	6402087.70
377715.73	6402088.05
377708.93	6402088.40
377709.29	6402095.17
377702.49	6402095.52
377702.85	6402102.29
377703.21	6402109.06
377703.57	6402115.83
377696.77	6402116.18
377697.13	6402122.95
377697.49	6402129.72
377690.69	6402130.07
377691.05	6402136.84
377691.41	6402143.61
377684.61	6402143.96
377684.97	6402150.73
377685.33	6402157.50
377685.69	6402164.27
377678.89	6402164.62
377672.09	6402164.97
377665.29	6402165.32
377664.93	6402158.55
377664.57	6402151.78
377657.77	6402152.13
377657.41	6402145.36
377657.05	6402138.59
377656.69	6402131.82
377663.49	6402131.47
377663.13	6402124.70
377662.77	6402117.93
377662.41	6402111.16
377662.05	6402104.39
377668.85	6402104.04
377668.49	6402097.27
377661.69	6402097.62
377654.89	6402097.97
377654.53	6402091.20
377654.17	6402084.43
377647.37	6402084.78
377647.73	6402091.55
377640.93	6402091.90
377634.13	6402092.25
377627.33	6402092.60
377627.69	6402099.37
377628.05	6402106.14
377628.41	6402112.91
377621.61	6402113.26
377621.97	6402120.03
377622.33	6402126.80
377615.53	6402127.15
377615.89	6402133.92
377616.25	6402140.69
377616.61	6402147.46
377609.81	6402147.81
377610.17	6402154.58
377610.53	6402161.35
377603.73	6402161.70
377604.09	6402168.47
377604.45	6402175.24
377597.65	6402175.59
377598.01	6402182.36
377598.37	6402189.13
377598.73	6402195.90
377591.93	6402196.25
377592.29	6402203.02
377592.65	6402209.79
377585.85	6402210.14
377586.21	6402216.91
377586.57	6402223.68
377586.93	6402230.45
377580.13	6402230.80
377580.49	6402237.57
377580.85	6402244.34
377574.05	6402244.69
377574.41	6402251.46
377574.77	6402258.23
377575.13	6402265.00
377568.33	6402265.35
377568.69	6402272.12
377569.05	6402278.89
377562.25	6402279.24
377562.61	6402286.01
377555.81	6402286.36
377556.17	6402293.13
377556.53	6402299.90
377549.73	6402300.25
377550.09	6402307.02
377550.45	6402313.79
377543.65	6402314.14
377544.01	6402320.91
377537.21	6402321.26
377537.57	6402328.03
377530.77	6402328.38
377523.97	6402328.73
377517.17	6402329.08
377510.37	6402329.43
377503.57	6402329.78
377496.77	6402330.13
377496.41	6402323.36
377489.61	6402323.71
377482.81	6402324.06
377482.45	6402317.29
377482.09	6402310.52
377481.73	6402303.75
377481.37	6402296.98
377481.01	6402290.21
377480.65	6402283.44
377487.45	6402283.09
377487.09	6402276.32
377486.73	6402269.55
377479.93	6402269.90
377479.57	6402263.13
377472.77	6402263.48
377472.41	6402256.71
377465.61	6402257.06
377465.25	6402250.29
377458.45	6402250.64
377451.65	6402250.99
377451.29	6402244.22
377444.49	6402244.57
377437.69	6402244.92
377430.89	6402245.27
377424.09	6402245.62
377423.73	6402238.85
377423.37	6402232.08
377423.01	6402225.31
377422.65	6402218.54
377429.45	6402218.19
377429.09	6402211.42
377428.73	6402204.65
377435.53	6402204.30
377435.17	6402197.53
377434.81	6402190.76
377441.61	6402190.41
377441.25	6402183.64
377440.89	6402176.87
377440.53	6402170.10
377447.33	6402169.75
377446.97	6402162.98
377440.17	6402163.33
377439.81	6402156.56
377433.01	6402156.91
377426.21	6402157.26
377426.57	6402164.03
377419.77	6402164.38
377420.13	6402171.15
377420.49	6402177.92
377420.85	6402184.69
377414.05	6402185.04
377414.41	6402191.81
377414.77	6402198.58
377407.97	6402198.93
377408.33	6402205.70
377408.69	6402212.47
377401.89	6402212.82
377402.25	6402219.59
377402.61	6402226.36
377395.81	6402226.71
377396.17	6402233.48
377396.53	6402240.25
377396.89	6402247.02
377390.09	6402247.37
377390.45	6402254.14
377390.81	6402260.91
377384.01	6402261.26
377384.37	6402268.03
377384.73	6402274.80
377377.93	6402275.15
377371.13	6402275.50
377364.33	6402275.85
377363.97	6402269.08
377357.17	6402269.43
377350.37	6402269.78
377350.01	6402263.01
377343.21	6402263.36
377342.85	6402256.59
377336.05	6402256.94
377335.69	6402250.17
377335.33	6402243.40
377334.97	6402236.63
377334.61	6402229.86
377334.25	6402223.09
377341.05	6402222.74
377340.69	6402215.97
377340.33	6402209.20
377347.13	6402208.85
377346.77	6402202.08
377346.41	6402195.31
377346.05	6402188.54
377345.69	6402181.77
377352.49	6402181.42
377352.13	6402174.65
377351.77	6402167.88
377351.41	6402161.11
377358.21	6402160.76
377357.85	6402153.99
377357.49	6402147.22
377364.29	6402146.87
377363.93	6402140.10
377363.57	6402133.33
377363.21	6402126.56
377362.85	6402119.79
377362.49	6402113.02
377355.69	6402113.37
377348.89	6402113.72
377342.09	6402114.07
377342.45	6402120.84
377342.81	6402127.61
377343.17	6402134.38
377336.37	6402134.73
377336.73	6402141.50
377337.09	6402148.27
377337.45	6402155.04
377337.81	6402161.81
377331.01	6402162.16
377331.37	6402168.93
377331.73	6402175.70
377332.09	6402182.47
377325.29	6402182.82
377325.65	6402189.59
377326.01	6402196.36
377326.37	6402203.13
377319.57	6402203.48
377319.93	6402210.25
377320.29	6402217.02
377320.65	6402223.79
377321.01	6402230.56
377314.21	6402230.91
377314.57	6402237.68
377307.77	6402238.03
377308.13	6402244.80
377301.33	6402245.15
377301.69	6402251.92
377294.89	6402252.27
377295.25	6402259.04
377295.61	6402265.81
377288.81	6402266.16
377289.17	6402272.93
377289.53	6402279.70
377289.89	6402286.47
377283.09	6402286.82
377283.45	6402293.59
377276.65	6402293.94
377277.01	6402300.71
377270.21	6402301.06
377270.57	6402307.83
377277.37	6402307.48
377277.73	6402314.25
377278.09	6402321.02
377278.45	6402327.79
377278.81	6402334.56
377279.17	6402341.33
377279.53	6402348.10
377272.73	6402348.45
377265.93	6402348.80
377259.13	6402349.15
377252.33	6402349.50
377245.53	6402349.85
377245.17	6402343.08
377238.37	6402343.43
377231.57	6402343.78
377224.77	6402344.13
377217.97	6402344.48
377211.17	6402344.83
377211.53	6402351.60
377211.89	6402358.37
377212.25	6402365.14
377212.61	6402371.91
377212.97	6402378.68
377213.33	6402385.45
377213.69	6402392.22
377214.05	6402398.99
377214.41	6402405.76
377214.77	6402412.53
377215.13	6402419.30
377208.33	6402419.65
377201.53	6402420.00
377194.73	6402420.35
377187.93	6402420.70
377181.13	6402421.05
377174.33	6402421.40
377167.53	6402421.75
377167.89	6402428.52
377161.09	6402428.87
377154.29	6402429.22
377147.49	6402429.57
377147.13	6402422.80
377140.33	6402423.15
377139.97	6402416.38
377139.61	6402409.61
377139.25	6402402.84
377138.89	6402396.07
377138.53	6402389.30
377138.17	6402382.53
377137.81	6402375.76
377137.45	6402368.99
377137.09	6402362.22
377136.73	6402355.45
377136.37	6402348.68
377136.01	6402341.91
377135.65	6402335.14
377135.29	6402328.37
377134.93	6402321.60
377134.57	6402314.83
377134.21	6402308.06
377133.85	6402301.29
377140.65	6402300.94
377140.29	6402294.17
377139.93	6402287.40
377139.57	6402280.63
377139.21	6402273.86
377138.85	6402267.09
377138.49	6402260.32
377145.29	6402259.97
377144.93	6402253.20
377151.73	6402252.85
377151.37	6402246.08
377158.17	6402245.73
377157.81	6402238.96
377164.61	6402238.61
377171.41	6402238.26
377171.05	6402231.49
377177.85	6402231.14
377184.65	6402230.79
377184.29	6402224.02
377191.09	6402223.67
377197.89	6402223.32
377197.53	6402216.55
377204.33	6402216.20
377211.13	6402215.85
377210.77	6402209.08
377217.57	6402208.73
377224.37	6402208.38
377231.17	6402208.03
377230.81	6402201.26
377237.61	6402200.91
377244.41	6402200.56
377244.05	6402193.79
377250.85	6402193.44
377257.65	6402193.09
377257.29	6402186.32
377264.09	6402185.97
377270.89	6402185.62
377270.53	6402178.85
377277.33	6402178.50
377276.97	6402171.73
377276.61	6402164.96
377276.25	6402158.19
377283.05	6402157.84
377282.69	6402151.07
377282.33	6402144.30
377289.13	6402143.95
377288.77	6402137.18
377288.41	6402130.41
377288.05	6402123.64
377294.85	6402123.29
377294.49	6402116.52
377294.13	6402109.75
377300.93	6402109.40
377300.57	6402102.63
377300.21	6402095.86
377299.85	6402089.09
377306.65	6402088.74
377306.29	6402081.97
377305.93	6402075.20
377312.73	6402074.85
377312.37	6402068.08
377312.01	6402061.31
377318.81	6402060.96
377318.45	6402054.19
377318.09	6402047.42
377317.73	6402040.65
377324.53	6402040.30
377324.17	6402033.53
377323.81	6402026.76
377330.61	6402026.41
377330.25	6402019.64
377329.89	6402012.87
377329.53	6402006.10
377329.17	6401999.33
377322.37	6401999.68
377315.57	6402000.03
377308.77	6402000.38
377301.97	6402000.73
377302.33	6402007.50
377295.53	6402007.85
377295.89	6402014.62
377296.25	6402021.39
377296.61	6402028.16
377289.81	6402028.51
377290.17	6402035.28
377290.53	6402042.05
377283.73	6402042.40
377284.09	6402049.17
377284.45	6402055.94
377284.81	6402062.71
377278.01	6402063.06
377278.37	6402069.83
377278.73	6402076.60
377271.93	6402076.95
377272.29	6402083.72
377272.65	6402090.49
377265.85	6402090.84
377266.21	6402097.61
377266.57	6402104.38
377266.93	6402111.15
377260.13	6402111.50
377260.49	6402118.27
377260.85	6402125.04
377254.05	6402125.39
377254.41	6402132.16
377254.77	6402138.93
377247.97	6402139.28
377248.33	6402146.05
377248.69	6402152.82
377241.89	6402153.17
377242.25	6402159.94
377235.45	6402160.29
377235.81	6402167.06
377229.01	6402167.41
377222.21	6402167.76
377222.57	6402174.53
377215.77	6402174.88
377208.97	6402175.23
377209.33	6402182.00
377202.53	6402182.35
377195.73	6402182.70
377196.09	6402189.47
377189.29	6402189.82
377182.49	6402190.17
377182.85	6402196.94
377176.05	6402197.29
377169.25	6402197.64
377162.45	6402197.99
377155.65	6402198.34
377155.29	6402191.57
377154.93	6402184.80
377154.57	6402178.03
377154.21	6402171.26
377161.01	6402170.91
377160.65	6402164.14
377160.29	6402157.37
377167.09	6402157.02
377166.73	6402150.25
377166.37	6402143.48
377166.01	6402136.71
377172.81	6402136.36
377172.45	6402129.59
377172.09	6402122.82
377178.89	6402122.47
377178.53	6402115.70
377185.33	6402115.35
377192.13	6402115.00
377191.77	6402108.23
377198.57	6402107.88
377205.37	6402107.53
377212.17	6402107.18
377211.81	6402100.41
377211.45	6402093.64
377218.25	6402093.29
377217.89	6402086.52
377217.53	6402079.75
377224.33	6402079.40
377223.97	6402072.63
377223.61	6402065.86
377230.41	6402065.51
377230.05	6402058.74
377229.69	6402051.97
377229.33	6402045.20
377236.13	6402044.85
377235.77	6402038.08
377235.41	6402031.31
377242.21	6402030.96
377241.85	6402024.19
377241.49	6402017.42
377248.29	6402017.07
377247.93	6402010.30
377254.73	6402009.95
377261.53	6402009.60
377261.17	6402002.83
377260.81	6401996.06
377260.45	6401989.29
377267.25	6401988.94
377266.89	6401982.17
377266.53	6401975.40
377266.17	6401968.63
377265.81	6401961.86
377265.45	6401955.09
377258.65	6401955.44
377258.29	6401948.67
377251.49	6401949.02
377251.13	6401942.25
377244.33	6401942.60
377237.53	6401942.95
377237.17	6401936.18
377230.37	6401936.53
377223.57	6401936.88
377223.21	6401930.11
377216.41	6401930.46
377209.61	6401930.81
377202.81	6401931.16
377202.45	6401924.39
377195.65	6401924.74
377188.85	6401925.09
377189.21	6401931.86
377182.41	6401932.21
377175.61	6401932.56
377175.97	6401939.33
377169.17	6401939.68
377169.53	6401946.45
377169.89	6401953.22
377163.09	6401953.57
377163.45	6401960.34
377163.81	6401967.11
377164.17	6401973.88
377157.37	6401974.23
377157.73	6401981.00
377158.09	6401987.77
377151.29	6401988.12
377151.65	6401994.89
377152.01	6402001.66
377152.37	6402008.43
377145.57	6402008.78
377145.93	6402015.55
377146.29	6402022.32
377139.49	6402022.67
377139.85	6402029.44
377140.21	6402036.21
377140.57	6402042.98
377140.93	6402049.75
377141.29	6402056.52
377134.49	6402056.87
377134.85	6402063.64
377135.21	6402070.41
377135.57	6402077.18
377128.77	6402077.53
377129.13	6402084.30
377129.49	6402091.07
377129.85	6402097.84
377123.05	6402098.19
377123.41	6402104.96
377123.77	6402111.73
377116.97	6402112.08
377117.33	6402118.85
377117.69	6402125.62
377118.05	6402132.39
377111.25	6402132.74
377111.61	6402139.51
377111.97	6402146.28
377105.17	6402146.63
377105.53	6402153.40
377105.89	6402160.17
377106.25	6402166.94
377099.45	6402167.29
377099.81	6402174.06
377100.17	6402180.83
377100.53	6402187.60
377093.73	6402187.95
377094.09	6402194.72
377094.45	6402201.49
377094.81	6402208.26
377088.01	6402208.61
377088.37	6402215.38
377088.73	6402222.15
377089.09	6402228.92
377082.29	6402229.27
377075.49	6402229.62
377068.69	6402229.97
377068.33	6402223.20
377067.97	6402216.43
377067.61	6402209.66
377067.25	6402202.89
377066.89	6402196.12
377066.53	6402189.35
377066.17	6402182.58
377072.97	6402182.23
377072.61	6402175.46
377072.25	6402168.69
377071.89	6402161.92
377078.69	6402161.57
377078.33	6402154.80
377077.97	6402148.03
377077.61	6402141.26
377077.25	6402134.49
377084.05	6402134.14
377083.69	6402127.37
377083.33	6402120.60
377082.97	6402113.83
377089.77	6402113.48
377089.41	6402106.71
377089.05	6402099.94
377088.69	6402093.17
377095.49	6402092.82
377095.13	6402086.05
377094.77	6402079.28
377094.41	6402072.51
377101.21	6402072.16
377100.85	6402065.39
377100.49	6402058.62
377100.13	6402051.85
377106.93	6402051.50
377106.57	6402044.73
377106.21	6402037.96
377105.85	6402031.19
377112.65	6402030.84
377112.29	6402024.07
377111.93	6402017.30
377118.73	6402016.95
377118.37	6402010.18
377118.01	6402003.41
377117.65	6401996.64
377124.45	6401996.29
377124.09	6401989.52
377123.73	6401982.75
377130.53	6401982.40
377130.17	6401975.63
377129.81	6401968.86
377129.45	6401962.09
377136.25	6401961.74
377135.89	6401954.97
377135.53	6401948.20
377135.17	6401941.43
377134.81	6401934.66
377134.45	6401927.89
377127.65	6401928.24
377127.29	6401921.47
377120.49	6401921.82
377113.69	6401922.17
377113.33	6401915.40
377106.53	6401915.75
377106.17	6401908.98
377105.81	6401902.21
377099.01	6401902.56
377098.65	6401895.79
377091.85	6401896.14
377085.05	6401896.49
377078.25	6401896.84
377077.89	6401890.07
377071.09	6401890.42
377064.29	6401890.77
377057.49	6401891.12
377057.13	6401884.35
377050.33	6401884.70
377049.97	6401877.93
377043.17	6401878.28
377036.37	6401878.63
377029.57	6401878.98
377022.77	6401879.33
377023.13	6401886.10
377016.33	6401886.45
377016.69	6401893.22
377017.05	6401899.99
377010.25	6401900.34
377010.61	6401907.11
377010.97	6401913.88
377011.33	6401920.65
377004.53	6401921.00
377004.89	6401927.77
377005.25	6401934.54
377005.61	6401941.31
376998.81	6401941.66
376999.17	6401948.43
376999.53	6401955.20
376999.89	6401961.97
376993.09	6401962.32
376986.29	6401962.67
376979.49	6401963.02
376979.13	6401956.25
376972.33	6401956.60
376965.53	6401956.95
376958.73	6401957.30
376958.37	6401950.53
376951.57	6401950.88
376944.77	6401951.23
376937.97	6401951.58
376937.61	6401944.81
376930.81	6401945.16
376924.01	6401945.51
376917.21	6401945.86
376910.41	6401946.21
376903.61	6401946.56
376903.25	6401939.79
376896.45	6401940.14
376889.65	6401940.49
376889.29	6401933.72
376888.93	6401926.95
376888.57	6401920.18
376888.21	6401913.41
376887.85	6401906.64
376887.49	6401899.87
376887.13	6401893.10
376886.77	6401886.33
376886.41	6401879.56
376886.05	6401872.79
376885.69	6401866.02
376892.49	6401865.67
376892.13	6401858.90
376891.77	6401852.13
376891.41	6401845.36
376891.05	6401838.59
376890.69	6401831.82
376897.49	6401831.47
376897.13	6401824.70
376896.77	6401817.93
376903.57	6401817.58
376903.21	6401810.81
376910.01	6401810.46
376909.65	6401803.69
376909.29	6401796.92
376916.09	6401796.57
376915.73	6401789.80
376915.37	6401783.03
376922.17	6401782.68
376921.81	6401775.91
376921.45	6401769.14
376928.25	6401768.79
376927.89	6401762.02
376927.53	6401755.25
376927.17	6401748.48
376926.81	6401741.71
376926.45	6401734.94
376926.09	6401728.17
376919.29	6401728.52
376918.93	6401721.75
376918.57	6401714.98
376911.77	6401715.33
376904.97	6401715.68
376905.33	6401722.45
376898.53	6401722.80
376891.73	6401723.15
376892.09	6401729.92
376892.45	6401736.69
376892.81	6401743.46
376886.01	6401743.81
376886.37	6401750.58
376886.73	6401757.35
376887.09	6401764.12
376880.29	6401764.47
376880.65	6401771.24
376881.01	6401778.01
376874.21	6401778.36
376874.57	6401785.13
376867.77	6401785.48
376868.13	6401792.25
376861.33	6401792.60
376861.69	6401799.37
376862.05	6401806.14
376862.41	6401812.91
376855.61	6401813.26
376855.97	6401820.03
376856.33	6401826.80
376849.53	6401827.15
376849.89	6401833.92
376850.25	6401840.69
376850.61	6401847.46
376843.81	6401847.81
376844.17	6401854.58
376844.53	6401861.35
376837.73	6401861.70
376838.09	6401868.47
376838.45	6401875.24
376831.65	6401875.59
376832.01	6401882.36
376832.37	6401889.13
376832.73	6401895.90
376833.09	6401902.67
376833.45	6401909.44
376826.65	6401909.79
376827.01	6401916.56
376827.37	6401923.33
376827.73	6401930.10
376828.09	6401936.87
376828.45	6401943.64
376828.81	6401950.41
376829.17	6401957.18
376829.53	6401963.95
376829.89	6401970.72
376830.25	6401977.49
376830.61	6401984.26
376830.97	6401991.03
376831.33	6401997.80
376831.69	6402004.57
376832.05	6402011.34
376838.85	6402010.99
376839.21	6402017.76
376839.57	6402024.53
376839.93	6402031.30
376840.29	6402038.07
376840.65	6402044.84
376841.01	6402051.61
376841.37	6402058.38
376848.17	6402058.03
376848.53	6402064.80
376848.89	6402071.57
376849.25	6402078.34
376849.61	6402085.11
376849.97	6402091.88
376850.33	6402098.65
376857.13	6402098.30
376857.49	6402105.07
376857.85	6402111.84
376858.21	6402118.61
376858.57	6402125.38
376858.93	6402132.15
376859.29	6402138.92
376866.09	6402138.57
376866.45	6402145.34
376866.81	6402152.11
376867.17	6402158.88
376867.53	6402165.65
376867.89	6402172.42
376868.25	6402179.19
376875.05	6402178.84
376875.41	6402185.61
376875.77	6402192.38
376876.13	6402199.15
376876.49	6402205.92
376869.69	6402206.27
376870.05	6402213.04
376870.41	6402219.81
376877.21	6402219.46
376877.57	6402226.23
376877.93	6402233.00
376878.29	6402239.77
376878.65	6402246.54
376879.01	6402253.31
376879.37	6402260.08
376872.57	6402260.43
376865.77	6402260.78
376858.97	6402261.13
376852.17	6402261.48
376851.81	6402254.71
376851.45	6402247.94
376851.09	6402241.17
376850.73	6402234.40
376850.37	6402227.63
376850.01	6402220.86
376849.65	6402214.09
376842.85	6402214.44
376842.49	6402207.67
376842.13	6402200.90
376841.77	6402194.13
376834.97	6402194.48
376834.61	6402187.71
376834.25	6402180.94
376833.89	6402174.17
376833.53	6402167.40
376833.17	6402160.63
376832.81	6402153.86
376826.01	6402154.21
376825.65	6402147.44
376825.29	6402140.67
376824.93	6402133.90
376824.57	6402127.13
376824.21	6402120.36
376823.85	6402113.59
376817.05	6402113.94
376816.69	6402107.17
376816.33	6402100.40
376815.97	6402093.63
376815.61	6402086.86
376815.25	6402080.09
376814.89	6402073.32
376814.53	6402066.55
376814.17	6402059.78
376807.37	6402060.13
376807.01	6402053.36
376806.65	6402046.59
376806.29	6402039.82
376805.93	6402033.05
376805.57	6402026.28
376805.21	6402019.51
376798.41	6402019.86
376798.05	6402013.09
376797.69	6402006.32
376797.33	6401999.55
376796.97	6401992.78
376796.61	6401986.01
376796.25	6401979.24
376795.89	6401972.47
376795.53	6401965.70
376795.17	6401958.93
376794.81	6401952.16
376794.45	6401945.39
376794.09	6401938.62
376793.73	6401931.85
376793.37	6401925.08
376793.01	6401918.31
376792.65	6401911.54
376792.29	6401904.77
376785.49	6401905.12
376785.13	6401898.35
376778.33	6401898.70
376771.53	6401899.05
376771.89	6401905.82
376772.25	6401912.59
376765.45	6401912.94
376765.81	6401919.71
376766.17	6401926.48
376766.53	6401933.25
376766.89	6401940.02
376760.09	6401940.37
376760.45	6401947.14
376760.81	6401953.91
376761.17	6401960.68
376761.53	6401967.45
376761.89	6401974.22
376762.25	6401980.99
376755.45	6401981.34
376755.81	6401988.11
376756.17	6401994.88
376756.53	6402001.65
376756.89	6402008.42
376757.25	6402015.19
376757.61	6402021.96
376757.97	6402028.73
376758.33	6402035.50
376758.69	6402042.27
376759.05	6402049.04
376765.85	6402048.69
376766.21	6402055.46
376766.57	6402062.23
376766.93	6402069.00
376767.29	6402075.77
376767.65	6402082.54
376768.01	6402089.31
376774.81	6402088.96
376775.17	6402095.73
376775.53	6402102.50
376775.89	6402109.27
376776.25	6402116.04
376776.61	6402122.81
376776.97	6402129.58
376783.77	6402129.23
376784.13	6402136.00
376784.49	6402142.77
376784.85	6402149.54
376785.21	6402156.31
376785.57	6402163.08
376785.93	6402169.85
376792.73	6402169.50
376793.09	6402176.27
376793.45	6402183.04
376793.81	6402189.81
376794.17	6402196.58
376794.53	6402203.35
376794.89	6402210.12
376801.69	6402209.77
376802.05	6402216.54
376802.41	6402223.31
376802.77	6402230.08
376803.13	6402236.85
376803.49	6402243.62
376803.85	6402250.39
376797.05	6402250.74
376797.41	6402257.51
376790.61	6402257.86
376783.81	6402258.21
376777.01	6402258.56
376776.65	6402251.79
376769.85	6402252.14
376763.05	6402252.49
376756.25	6402252.84
376749.45	6402253.19
376742.65	6402253.54
376742.29	6402246.77
376741.93	6402240.00
376741.57	6402233.23
376741.21	6402226.46
376734.41	6402226.81
376734.05	6402220.04
376733.69	6402213.27
376733.33	6402206.50
376732.97	6402199.73
376732.61	6402192.96
376725.81	6402193.31
376725.45	6402186.54
376725.09	6402179.77
376724.73	6402173.00
376717.93	6402173.35
376717.57	6402166.58
376717.21	6402159.81
376716.85	6402153.04
376716.49	6402146.27
376716.13	6402139.50
376709.33	6402139.85
376708.97	6402133.08
376708.61	6402126.31
376708.25	6402119.54
376707.89	6402112.77
376707.53	6402106.00
376707.17	6402099.23
376706.81	6402092.46
376706.45	6402085.69
376706.09	6402078.92
376699.29	6402079.27
376698.93	6402072.50
376698.57	6402065.73
376698.21	6402058.96
376697.85	6402052.19
376697.49	6402045.42
376697.13	6402038.65
376696.77	6402031.88
376696.41	6402025.11
376696.05	6402018.34
376695.69	6402011.57
376695.33	6402004.80
376694.97	6401998.03
376694.61	6401991.26
376694.25	6401984.49
376693.89	6401977.72
376693.53	6401970.95
376693.17	6401964.18
376692.81	6401957.41
376692.45	6401950.64
376685.65	6401950.99
376685.29	6401944.22
376678.49	6401944.57
376671.69	6401944.92
376664.89	6401945.27
376658.09	6401945.62
376651.29	6401945.97
376644.49	6401946.32
376637.69	6401946.67
376630.89	6401947.02
376624.09	6401947.37
376617.29	6401947.72
376610.49	6401948.07
376603.69	6401948.42
376603.33	6401941.65
376596.53	6401942.00
376596.17	6401935.23
376595.81	6401928.46
376595.45	6401921.69
376595.09	6401914.92
376594.73	6401908.15
376594.37	6401901.38
376594.01	6401894.61
376587.21	6401894.96
376586.85	6401888.19
376586.49	6401881.42
376586.13	6401874.65
376585.77	6401867.88
376578.97	6401868.23
376578.61	6401861.46
376571.81	6401861.81
376571.45	6401855.04
376564.65	6401855.39
376557.85	6401855.74
376551.05	6401856.09
376544.25	6401856.44
376537.45	6401856.79
376537.81	6401863.56
376538.17	6401870.33
376538.53	6401877.10
376545.33	6401876.75
376545.69	6401883.52
376546.05	6401890.29
376546.41	6401897.06
376539.61	6401897.41
376532.81	6401897.76
376526.01	6401898.11
376519.21	6401898.46
376512.41	6401898.81
376505.61	6401899.16
376498.81	6401899.51
376492.01	6401899.86
376492.37	6401906.63
376485.57	6401906.98
376478.77	6401907.33
376471.97	6401907.68
376465.17	6401908.03
376458.37	6401908.38
376451.57	6401908.73
376444.77	6401909.08
376437.97	6401909.43
376437.61	6401902.66
376437.25	6401895.89
376436.89	6401889.12
376430.09	6401889.47
376429.73	6401882.70
376422.93	6401883.05
376416.13	6401883.40
376415.77	6401876.63
376408.97	6401876.98
376409.33	6401883.75
376402.53	6401884.10
376395.73	6401884.45
376396.09	6401891.22
376389.29	6401891.57
376382.49	6401891.92
376375.69	6401892.27
376375.33	6401885.50
376368.53	6401885.85
376361.73	6401886.20
376361.37	6401879.43
376354.57	6401879.78
376354.21	6401873.01
376347.41	6401873.36
376340.61	6401873.71
376340.25	6401866.94
376333.45	6401867.29
376326.65	6401867.64
376326.29	6401860.87
376319.49	6401861.22
376312.69	6401861.57
376313.05	6401868.34
376306.25	6401868.69
376299.45	6401869.04
376299.81	6401875.81
376293.01	6401876.16
376293.37	6401882.93
376293.73	6401889.70
376300.53	6401889.35
376300.89	6401896.12
376301.25	6401902.89
376301.61	6401909.66
376301.97	6401916.43
376302.33	6401923.20
376302.69	6401929.97
376295.89	6401930.32
376296.25	6401937.09
376296.61	6401943.86
376289.81	6401944.21
376290.17	6401950.98
376283.37	6401951.33
376276.57	6401951.68
376269.77	6401952.03
376262.97	6401952.38
376263.33	6401959.15
376256.53	6401959.50
376249.73	6401959.85
376242.93	6401960.20
376236.13	6401960.55
376229.33	6401960.90
376229.69	6401967.67
376222.89	6401968.02
376216.09	6401968.37
376209.29	6401968.72
376209.65	6401975.49
376202.85	6401975.84
376196.05	6401976.19
376189.25	6401976.54
376182.45	6401976.89
376175.65	6401977.24
376176.01	6401984.01
376169.21	6401984.36
376162.41	6401984.71
376155.61	6401985.06
376148.81	6401985.41
376142.01	6401985.76
376135.21	6401986.11
376128.41	6401986.46
376121.61	6401986.81
376114.81	6401987.16
376115.17	6401993.93
376108.37	6401994.28
376108.73	6402001.05
376101.93	6402001.40
376095.13	6402001.75
376088.33	6402002.10
376088.69	6402008.87
376081.89	6402009.22
376075.09	6402009.57
376068.29	6402009.92
376061.49	6402010.27
376054.69	6402010.62
376047.89	6402010.97
376041.09	6402011.32
376034.29	6402011.67
376027.49	6402012.02
376020.69	6402012.37
376013.89	6402012.72
376013.53	6402005.95
376006.73	6402006.30
375999.93	6402006.65
375993.13	6402007.00
375986.33	6402007.35
375979.53	6402007.70
375972.73	6402008.05
375965.93	6402008.40
375959.13	6402008.75
375952.33	6402009.10
375951.97	6402002.33
375945.17	6402002.68
375938.37	6402003.03
375931.57	6402003.38
375931.21	6401996.61
375924.41	6401996.96
375917.61	6401997.31
375917.25	6401990.54
375916.89	6401983.77
375916.53	6401977.00
375916.17	6401970.23
375909.37	6401970.58
375902.57	6401970.93
375895.77	6401971.28
375888.97	6401971.63
375888.61	6401964.86
375881.81	6401965.21
375875.01	6401965.56
375874.65	6401958.79
375867.85	6401959.14
375861.05	6401959.49
375854.25	6401959.84
375853.89	6401953.07
375847.09	6401953.42
375840.29	6401953.77
375839.93	6401947.00
375833.13	6401947.35
375833.49	6401954.12
375826.69	6401954.47
375819.89	6401954.82
375820.25	6401961.59
375813.45	6401961.94
375813.81	6401968.71
375814.17	6401975.48
375807.37	6401975.83
375807.73	6401982.60
375808.09	6401989.37
375808.45	6401996.14
375801.65	6401996.49
375802.01	6402003.26
375802.37	6402010.03
375795.57	6402010.38
375795.93	6402017.15
375789.13	6402017.50
375789.49	6402024.27
375782.69	6402024.62
375775.89	6402024.97
375769.09	6402025.32
375762.29	6402025.67
375755.49	6402026.02
375748.69	6402026.37
375748.33	6402019.60
375741.53	6402019.95
375734.73	6402020.30
375727.93	6402020.65
375721.13	6402021.00
375720.77	6402014.23
375720.41	6402007.46
375720.05	6402000.69
375713.25	6402001.04
375712.89	6401994.27
375706.09	6401994.62
375699.29	6401994.97
375692.49	6401995.32
375692.85	6402002.09
375686.05	6402002.44
375679.25	6402002.79
375679.61	6402009.56
375672.81	6402009.91
375666.01	6402010.26
375659.21	6402010.61
375652.41	6402010.96
375645.61	6402011.31
375638.81	6402011.66
375639.17	6402018.43
375632.37	6402018.78
375625.57	6402019.13
375618.77	6402019.48
375611.97	6402019.83
375605.17	6402020.18
375598.37	6402020.53
375591.57	6402020.88
375584.77	6402021.23
375585.13	6402028.00
375578.33	6402028.35
375571.53	6402028.70
375571.89	6402035.47
375565.09	6402035.82
375558.29	6402036.17
375551.49	6402036.52
375544.69	6402036.87
375537.89	6402037.22
375531.09	6402037.57
375524.29	6402037.92
375524.65	6402044.69
375517.85	6402045.04
375511.05	6402045.39
375504.25	6402045.74
375497.45	6402046.09
375497.81	6402052.86
375491.01	6402053.21
375484.21	6402053.56
375484.57	6402060.33
375477.77	6402060.68
375470.97	6402061.03
375471.33	6402067.80
375464.53	6402068.15
375457.73	6402068.50
375450.93	6402068.85
375444.13	6402069.20
375444.49	6402075.97
375437.69	6402076.32
375430.89	6402076.67
375424.09	6402077.02
375417.29	6402077.37
375417.65	6402084.14
375410.85	6402084.49
375404.05	6402084.84
375397.25	6402085.19
375390.45	6402085.54
375383.65	6402085.89
375376.85	6402086.24
375370.05	6402086.59
375363.25	6402086.94
375363.61	6402093.71
375356.81	6402094.06
375350.01	6402094.41
375343.21	6402094.76
375336.41	6402095.11
375329.61	6402095.46
375322.81	6402095.81
375316.01	6402096.16
375309.21	6402096.51
375309.57	6402103.28
375309.93	6402110.05
375303.13	6402110.40
375296.33	6402110.75
375289.53	6402111.10
375289.17	6402104.33
375288.81	6402097.56
375288.45	6402090.79
375281.65	6402091.14
375281.29	6402084.37
375274.49	6402084.72
375267.69	6402085.07
375260.89	6402085.42
375261.25	6402092.19
375254.45	6402092.54
375247.65	6402092.89
375240.85	6402093.24
375241.21	6402100.01
375234.41	6402100.36
375234.77	6402107.13
375241.57	6402106.78
375248.37	6402106.43
375255.17	6402106.08
375261.97	6402105.73
375268.77	6402105.38
375275.57	6402105.03
375275.93	6402111.80
375276.29	6402118.57
375276.65	6402125.34
375277.01	6402132.11
375283.81	6402131.76
375284.17	6402138.53
375284.53	6402145.30
375284.89	6402152.07
375291.69	6402151.72
375292.05	6402158.49
375292.41	6402165.26
375292.77	6402172.03
375299.57	6402171.68
375299.93	6402178.45
375300.29	6402185.22
375307.09	6402184.87
375307.45	6402191.64
375307.81	6402198.41
375314.61	6402198.06
375314.97	6402204.83
375315.33	6402211.60
375315.69	6402218.37
375322.49	6402218.02
375322.85	6402224.79
375323.21	6402231.56
375330.01	6402231.21
375330.37	6402237.98
375330.73	6402244.75
375331.09	6402251.52
375337.89	6402251.17
375338.25	6402257.94
375338.61	6402264.71
375345.41	6402264.36
375345.77	6402271.13
375346.13	6402277.90
375352.93	6402277.55
375353.29	6402284.32
375353.65	6402291.09
375360.45	6402290.74
375360.81	6402297.51
375361.17	6402304.28
375367.97	6402303.93
375368.33	6402310.70
375368.69	6402317.47
375369.05	6402324.24
375375.85	6402323.89
375376.21	6402330.66
375376.57	6402337.43
375376.93	6402344.20
375377.29	6402350.97
375384.09	6402350.62
375384.45	6402357.39
375391.25	6402357.04
375391.61	6402363.81
375398.41	6402363.46
375398.77	6402370.23
375405.57	6402369.88
375405.93	6402376.65
375406.29	6402383.42
375406.65	6402390.19
375399.85	6402390.54
375400.21	6402397.31
375393.41	6402397.66
375386.61	6402398.01
375379.81	6402398.36
375379.45	6402391.59
375379.09	6402384.82
375372.29	6402385.17
375371.93	6402378.40
375365.13	6402378.75
375358.33	6402379.10
375351.53	6402379.45
375344.73	6402379.80
375345.09	6402386.57
375338.29	6402386.92
375338.65	6402393.69
375331.85	6402394.04
375332.21	6402400.81
375325.41	6402401.16
375318.61	6402401.51
375311.81	6402401.86
375305.01	6402402.21
375304.65	6402395.44
375304.29	6402388.67
375297.49	6402389.02
375297.13	6402382.25
375290.33	6402382.60
375289.97	6402375.83
375289.61	6402369.06
375289.25	6402362.29
375282.45	6402362.64
375282.09	6402355.87
375281.73	6402349.10
375274.93	6402349.45
375274.57	6402342.68
375274.21	6402335.91
375273.85	6402329.14
375267.05	6402329.49
375266.69	6402322.72
375266.33	6402315.95
375259.53	6402316.30
375259.17	6402309.53
375258.81	6402302.76
375258.45	6402295.99
375258.09	6402289.22
375257.73	6402282.45
375250.93	6402282.80
375250.57	6402276.03
375243.77	6402276.38
375243.41	6402269.61
375243.05	6402262.84
375236.25	6402263.19
375235.89	6402256.42
375235.53	6402249.65
375228.73	6402250.00
375228.37	6402243.23
375228.01	6402236.46
375221.21	6402236.81
375220.85	6402230.04
375220.49	6402223.27
375213.69	6402223.62
375213.33	6402216.85
375212.97	6402210.08
375206.17	6402210.43
375205.81	6402203.66
375205.45	6402196.89
375198.65	6402197.24
375198.29	6402190.47
375197.93	6402183.70
375197.57	6402176.93
375190.77	6402177.28
375190.41	6402170.51
375190.05	6402163.74
375183.25	6402164.09
375182.89	6402157.32
375182.53	6402150.55
375182.17	6402143.78
375175.37	6402144.13
375175.01	6402137.36
375174.65	6402130.59
375174.29	6402123.82
375167.49	6402124.17
375167.13	6402117.40
375166.77	6402110.63
375159.97	6402110.98
375159.61	6402104.21
375159.25	6402097.44
375158.89	6402090.67
375158.53	6402083.90
375158.17	6402077.13
375157.81	6402070.36
375157.45	6402063.59
375150.65	6402063.94
375150.29	6402057.17
375149.93	6402050.40
375149.57	6402043.63
375156.37	6402043.28
375156.01	6402036.51
375155.65	6402029.74
375155.29	6402022.97
375162.09	6402022.62
375161.73	6402015.85
375161.37	6402009.08
375161.01	6402002.31
375160.65	6401995.54
375167.45	6401995.19
375167.09	6401988.42
375173.89	6401988.07
375180.69	6401987.72
375187.49	6401987.37
375187.13	6401980.60
375193.93	6401980.25
375200.73	6401979.90
375200.37	6401973.13
375207.17	6401972.78
375206.81	6401966.01
375206.45	6401959.24
375199.65	6401959.59
375192.85	6401959.94
375186.05	6401960.29
375179.25	6401960.64
375172.45	6401960.99
375165.65	6401961.34
375166.01	6401968.11
375159.21	6401968.46
375152.41	6401968.81
375145.61	6401969.16
375145.97	6401975.93
375139.17	6401976.28
375139.53	6401983.05
375132.73	6401983.40
375133.09	6401990.17
375133.45	6401996.94
375133.81	6402003.71
375134.17	6402010.48
375134.53	6402017.25
375127.73	6402017.60
375128.09	6402024.37
375128.45	6402031.14
375128.81	6402037.91
375122.01	6402038.26
375122.37	6402045.03
375122.73	6402051.80
375123.09	6402058.57
375116.29	6402058.92
375116.65	6402065.69
375117.01	6402072.46
375110.21	6402072.81
375110.57	6402079.58
375110.93	6402086.35
375117.73	6402086.00
375118.09	6402092.77
375118.45	6402099.54
375125.25	6402099.19
375125.61	6402105.96
375125.97	6402112.73
375126.33	6402119.50
375133.13	6402119.15
375133.49	6402125.92
375133.85	6402132.69
375134.21	6402139.46
375134.57	6402146.23
375134.93	6402153.00
375135.29	6402159.77
375135.65	6402166.54
375142.45	6402166.19
375142.81	6402172.96
375149.61	6402172.61
375149.97	6402179.38
375156.77	6402179.03
375157.13	6402185.80
375157.49	6402192.57
375157.85	6402199.34
375158.21	6402206.11
375158.57	6402212.88
375158.93	6402219.65
375165.73	6402219.30
375166.09	6402226.07
375166.45	6402232.84
375173.25	6402232.49
375173.61	6402239.26
375180.41	6402238.91
375180.77	6402245.68
375181.13	6402252.45
375181.49	6402259.22
375188.29	6402258.87
375188.65	6402265.64
375189.01	6402272.41
375195.81	6402272.06
375196.17	6402278.83
375196.53	6402285.60
375203.33	6402285.25
375203.69	6402292.02
375204.05	6402298.79
375204.41	6402305.56
375211.21	6402305.21
375211.57	6402311.98
375211.93	6402318.75
375212.29	6402325.52
375219.09	6402325.17
375219.45	6402331.94
375219.81	6402338.71
375220.17	6402345.48
375220.53	6402352.25
375227.33	6402351.90
375227.69	6402358.67
375228.05	6402365.44
375228.41	6402372.21
375235.21	6402371.86
375235.57	6402378.63
375242.37	6402378.28
375242.73	6402385.05
375243.09	6402391.82
375243.45	6402398.59
375243.81	6402405.36
375237.01	6402405.71
375237.37	6402412.48
375230.57	6402412.83
375223.77	6402413.18
375224.13	6402419.95
375217.33	6402420.30
375210.53	6402420.65
375210.89	6402427.42
375204.09	6402427.77
375197.29	6402428.12
375190.49	6402428.47
375183.69	6402428.82
375176.89	6402429.17
375176.53	6402422.40
375176.17	6402415.63
375175.81	6402408.86
375182.61	6402408.51
375182.25	6402401.74
375189.05	6402401.39
375188.69	6402394.62
375188.33	6402387.85
375195.13	6402387.50
375194.77	6402380.73
375194.41	6402373.96
375194.05	6402367.19
375193.69	6402360.42
375200.49	6402360.07
375200.13	6402353.30
375199.77	6402346.53
375192.97	6402346.88
375192.61	6402340.11
375185.81	6402340.46
375179.01	6402340.81
375178.65	6402334.04
375171.85	6402334.39
375172.21	6402341.16
375165.41	6402341.51
375158.61	6402341.86
375151.81	6402342.21
375152.17	6402348.98
375145.37	6402349.33
375138.57	6402349.68
375138.93	6402356.45
375132.13	6402356.80
375125.33	6402357.15
375125.69	6402363.92
375118.89	6402364.27
375112.09	6402364.62
375105.29	6402364.97
375104.93	6402358.20
375104.57	6402351.43
375097.77	6402351.78
375097.41	6402345.01
375097.05	6402338.24
375096.69	6402331.47
375089.89	6402331.82
375089.53	6402325.05
375089.17	6402318.28
375088.81	6402311.51
375082.01	6402311.86
375081.65	6402305.09
375081.29	6402298.32
375074.49	6402298.67
375074.13	6402291.90
375073.77	6402285.13
375073.41	6402278.36
375066.61	6402278.71
375066.25	6402271.94
375065.89	6402265.17
375059.09	6402265.52
375058.73	6402258.75
375058.37	6402251.98
375058.01	6402245.21
375051.21	6402245.56
375050.85	6402238.79
375050.49	6402232.02
375043.69	6402232.37
375043.33	6402225.60
375042.97	6402218.83
375042.61	6402212.06
375042.25	6402205.29
375035.45	6402205.64
375035.09	6402198.87
375034.73	6402192.10
375027.93	6402192.45
375027.57	6402185.68
375027.21	6402178.91
375026.85	6402172.14
375026.49	6402165.37
375026.13	6402158.60
375032.93	6402158.25
375039.73	6402157.90
375046.53	6402157.55
375053.33	6402157.20
375052.97	6402150.43
375059.77	6402150.08
375066.57	6402149.73
375066.21	6402142.96
375065.85	6402136.19
375059.05	6402136.54
375052.25	6402136.89
375045.45	6402137.24
375038.65	6402137.59
375031.85	6402137.94
375032.21	6402144.71
375025.41	6402145.06
375018.61	6402145.41
375011.81	6402145.76
375005.01	6402146.11
374998.21	6402146.46
374998.57	6402153.23
374991.77	6402153.58
374992.13	6402160.35
374992.49	6402167.12
374999.29	6402166.77
374999.65	6402173.54
375006.45	6402173.19
375006.81	6402179.96
375013.61	6402179.61
375013.97	6402186.38
375014.33	6402193.15
375021.13	6402192.80
375021.49	6402199.57
375021.85	6402206.34
375022.21	6402213.11
375029.01	6402212.76
375029.37	6402219.53
375029.73	6402226.30
375036.53	6402225.95
375036.89	6402232.72
375037.25	6402239.49
375037.61	6402246.26
375044.41	6402245.91
375044.77	6402252.68
375045.13	6402259.45
375045.49	6402266.22
375052.29	6402265.87
375052.65	6402272.64
375053.01	6402279.41
375053.37	6402286.18
375060.17	6402285.83
375060.53	6402292.60
375060.89	6402299.37
375067.69	6402299.02
375068.05	6402305.79
375068.41	6402312.56
375068.77	6402319.33
375075.57	6402318.98
375075.93	6402325.75
375076.29	6402332.52
375076.65	6402339.29
375083.45	6402338.94
375083.81	6402345.71
375084.17	6402352.48
375090.97	6402352.13
375091.33	6402358.90
375091.69	6402365.67
375092.05	6402372.44
375092.41	6402379.21
375092.77	6402385.98
375099.57	6402385.63
375099.93	6402392.40
375100.29	6402399.17
375100.65	6402405.94
375107.45	6402405.59
375107.81	6402412.36
375108.17	6402419.13
375114.97	6402418.78
375115.33	6402425.55
375115.69	6402432.32
375116.05	6402439.09
375122.85	6402438.74
375123.21	6402445.51
375123.57	6402452.28
375123.93	6402459.05
375117.13	6402459.40
375110.33	6402459.75
375110.69	6402466.52
375103.89	6402466.87
375097.09	6402467.22
375097.45	6402473.99
375090.65	6402474.34
375083.85	6402474.69
375077.05	6402475.04
375077.41	6402481.81
375070.61	6402482.16
375070.97	6402488.93
375064.17	6402489.28
375057.37	6402489.63
375057.73	6402496.40
375058.09	6402503.17
375051.29	6402503.52
375051.65	6402510.29
375044.85	6402510.64
375038.05	6402510.99
375031.25	6402511.34
375024.45	6402511.69
375017.65	6402512.04
375017.29	6402505.27
375010.49	6402505.62
375010.13	6402498.85
375003.33	6402499.20
375002.97	6402492.43
375002.61	6402485.66
375002.25	6402478.89
374995.45	6402479.24
374995.09	6402472.47
374994.73	6402465.70
374987.93	6402466.05
374987.57	6402459.28
374980.77	6402459.63
374980.41	6402452.86
374980.05	6402446.09
374979.69	6402439.32
374979.33	6402432.55
374972.53	6402432.90
374972.17	6402426.13
374971.81	6402419.36
374971.45	6402412.59
374971.09	6402405.82
374970.73	6402399.05
374970.37	6402392.28
374963.57	6402392.63
374963.21	6402385.86
374956.41	6402386.21
374956.05	6402379.44
374949.25	6402379.79
374948.89	6402373.02
374948.53	6402366.25
374941.73	6402366.60
374941.37	6402359.83
374934.57	6402360.18
374934.21	6402353.41
374933.85	6402346.64
374933.49	6402339.87
374933.13	6402333.10
374926.33	6402333.45
374925.97	6402326.68
374925.61	6402319.91
374918.81	6402320.26
374918.45	6402313.49
374918.09	6402306.72
374917.73	6402299.95
374917.37	6402293.18
374910.57	6402293.53
374910.21	6402286.76
374909.85	6402279.99
374903.05	6402280.34
374902.69	6402273.57
374902.33	6402266.80
374901.97	6402260.03
374895.17	6402260.38
374894.81	6402253.61
374894.45	6402246.84
374894.09	6402240.07
374887.29	6402240.42
374886.93	6402233.65
374886.57	6402226.88
374886.21	6402220.11
374879.41	6402220.46
374879.05	6402213.69
374878.69	6402206.92
374871.89	6402207.27
374871.53	6402200.50
374864.73	6402200.85
374864.37	6402194.08
374857.57	6402194.43
374850.77	6402194.78
374851.13	6402201.55
374844.33	6402201.90
374844.69	6402208.67
374845.05	6402215.44
374845.41	6402222.21
374845.77	6402228.98
374838.97	6402229.33
374839.33	6402236.10
374839.69	6402242.87
374840.05	6402249.64
374840.41	6402256.41
374840.77	6402263.18
374841.13	6402269.95
374847.93	6402269.60
374848.29	6402276.37
374848.65	6402283.14
374855.45	6402282.79
374855.81	6402289.56
374862.61	6402289.21
374862.97	6402295.98
374863.33	6402302.75
374863.69	6402309.52
374870.49	6402309.17
374870.85	6402315.94
374871.21	6402322.71
374878.01	6402322.36
374878.37	6402329.13
374878.73	6402335.90
374885.53	6402335.55
374885.89	6402342.32
374886.25	6402349.09
374886.61	6402355.86
374886.97	6402362.63
374887.33	6402369.40
374887.69	6402376.17
374894.49	6402375.82
374901.29	6402375.47
374901.65	6402382.24
374908.45	6402381.89
374908.81	6402388.66
374909.17	6402395.43
374909.53	6402402.20
374916.33	6402401.85
374916.69	6402408.62
374917.05	6402415.39
374917.41	6402422.16
374917.77	6402428.93
374918.13	6402435.70
374924.93	6402435.35
374925.29	6402442.12
374925.65	6402448.89
374932.45	6402448.54
374932.81	6402455.31
374933.17	6402462.08
374939.97	6402461.73
374940.33	6402468.50
374940.69	6402475.27
374941.05	6402482.04
374941.41	6402488.81
374948.21	6402488.46
374948.57	6402495.23
374955.37	6402494.88
374955.73	6402501.65
374956.09	6402508.42
374956.45	6402515.19
374963.25	6402514.84
374963.61	6402521.61
374963.97	6402528.38
374964.33	6402535.15
374957.53	6402535.50
374957.89	6402542.27
374958.25	6402549.04
374951.45	6402549.39
374951.81	6402556.16
374952.17	6402562.93
374952.53	6402569.70
374945.73	6402570.05
374938.93	6402570.40
374939.29	6402577.17
374932.49	6402577.52
374932.85	6402584.29
374933.21	6402591.06
374933.57	6402597.83
374926.77	6402598.18
374927.13	6402604.95
374933.93	6402604.60
374934.29	6402611.37
374934.65	6402618.14
374935.01	6402624.91
374928.21	6402625.26
374921.41	6402625.61
374914.61	6402625.96
374907.81	6402626.31
374907.45	6402619.54
374900.65	6402619.89
374893.85	6402620.24
374893.49	6402613.47
374886.69	6402613.82
374886.33	6402607.05
374885.97	6402600.28
374879.17	6402600.63
374878.81	6402593.86
374878.45	6402587.09
374878.09	6402580.32
374871.29	6402580.67
374864.49	6402581.02
374864.13	6402574.25
374857.33	6402574.60
374850.53	6402574.95
374843.73	6402575.30
374843.37	6402568.53
374843.01	6402561.76
374836.21	6402562.11
374835.85	6402555.34
374835.49	6402548.57
374828.69	6402548.92
374828.33	6402542.15
374827.97	6402535.38
374827.61	6402528.61
374820.81	6402528.96
374820.45	6402522.19
374820.09	6402515.42
374819.73	6402508.65
374819.37	6402501.88
374812.57	6402502.23
374812.21	6402495.46
374811.85	6402488.69
374811.49	6402481.92
374804.69	6402482.27
374804.33	6402475.50
374803.97	6402468.73
374803.61	6402461.96
374796.81	6402462.31
374796.45	6402455.54
374796.09	6402448.77
374789.29	6402449.12
374788.93	6402442.35
374788.57	6402435.58
374788.21	6402428.81
374781.41	6402429.16
374781.05	6402422.39
374780.69	6402415.62
374773.89	6402415.97
374773.53	6402409.20
374773.17	6402402.43
374772.81	6402395.66
374766.01	6402396.01
374765.65	6402389.24
374765.29	6402382.47
374764.93	6402375.70
374758.13	6402376.05
374757.77	6402369.28
374757.41	6402362.51
374750.61	6402362.86
374750.25	6402356.09
374749.89	6402349.32
374749.53	6402342.55
374749.17	6402335.78
374742.37	6402336.13
374742.01	6402329.36
374735.21	6402329.71
374734.85	6402322.94
374728.05	6402323.29
374721.25	6402323.64
374720.89	6402316.87
374714.09	6402317.22
374714.45	6402323.99
374707.65	6402324.34
374700.85	6402324.69
374694.05	6402325.04
374687.25	6402325.39
374680.45	6402325.74
374673.65	6402326.09
374666.85	6402326.44
374660.05	6402326.79
374660.41	6402333.56
374653.61	6402333.91
374646.81	6402334.26
374640.01	6402334.61
374633.21	6402334.96
374626.41	6402335.31
374619.61	6402335.66
374612.81	6402336.01
374613.17	6402342.78
374606.37	6402343.13
374606.73	6402349.90
374607.09	6402356.67
374607.45	6402363.44
374600.65	6402363.79
374593.85	6402364.14
374587.05	6402364.49
374586.69	6402357.72
374579.89	6402358.07
374579.53	6402351.30
374572.73	6402351.65
374572.37	6402344.88
374565.57	6402345.23
374565.93	6402352.00
374559.13	6402352.35
374552.33	6402352.70
374545.53	6402353.05
374545.89	6402359.82
374539.09	6402360.17
374539.45	6402366.94
374532.65	6402367.29
374525.85	6402367.64
374519.05	6402367.99
374519.41	6402374.76
374512.61	6402375.11
374505.81	6402375.46
374499.01	6402375.81
374492.21	6402376.16
374492.57	6402382.93
374485.77	6402383.28
374478.97	6402383.63
374472.17	6402383.98
374465.37	6402384.33
374458.57	6402384.68
374458.93	6402391.45
374452.13	6402391.80
374445.33	6402392.15
374438.53	6402392.50
374431.73	6402392.85
374424.93	6402393.20
374418.13	6402393.55
374418.49	6402400.32
374411.69	6402400.67
374404.89	6402401.02
374398.09	6402401.37
374391.29	6402401.72
374384.49	6402402.07
374377.69	6402402.42
374370.89	6402402.77
374364.09	6402403.12
374364.45	6402409.89
374357.65	6402410.24
374350.85	6402410.59
374344.05	6402410.94
374337.25	6402411.29
374330.45	6402411.64
374323.65	6402411.99
374316.85	6402412.34
374317.21	6402419.11
374310.41	6402419.46
374303.61	6402419.81
374296.81	6402420.16
374297.17	6402426.93
374290.37	6402427.28
374290.73	6402434.05
374283.93	6402434.40
374277.13	6402434.75
374270.33	6402435.10
374263.53	6402435.45
374256.73	6402435.80
374249.93	6402436.15
374243.13	6402436.50
374243.49	6402443.27
374236.69	6402443.62
374229.89	6402443.97
374223.09	6402444.32
374223.45	6402451.09
374216.65	6402451.44
374209.85	6402451.79
374203.05	6402452.14
374196.25	6402452.49
374189.45	6402452.84
374182.65	6402453.19
374183.01	6402459.96
374176.21	6402460.31
374169.41	6402460.66
374162.61	6402461.01
374155.81	6402461.36
374149.01	6402461.71
374142.21	6402462.06
374142.57	6402468.83
374135.77	6402469.18
374128.97	6402469.53
374129.33	6402476.30
374122.53	6402476.65
374122.89	6402483.42
374116.09	6402483.77
374116.45	6402490.54
374116.81	6402497.31
374123.61	6402496.96
374130.41	6402496.61
374130.77	6402503.38
374131.13	6402510.15
374131.49	6402516.92
374131.85	6402523.69
374132.21	6402530.46
374132.57	6402537.23
374132.93	6402544.00
374126.13	6402544.35
374126.49	6402551.12
374119.69	6402551.47
374120.05	6402558.24
374120.41	6402565.01
374120.77	6402571.78
374113.97	6402572.13
374107.17	6402572.48
374100.37	6402572.83
374100.01	6402566.06
374093.21	6402566.41
374086.41	6402566.76
374086.05	6402559.99
374079.25	6402560.34
374079.61	6402567.11
374072.81	6402567.46
374073.17	6402574.23
374073.53	6402581.00
374073.89	6402587.77
374067.09	6402588.12
374067.45	6402594.89
374067.81	6402601.66
374061.01	6402602.01
374061.37	6402608.78
374061.73	6402615.55
374062.09	6402622.32
374068.89	6402621.97
374069.25	6402628.74
374069.61	6402635.51
374076.41	6402635.16
374076.77	6402641.93
374077.13	6402648.70
374077.49	6402655.47
374077.85	6402662.24
374078.21	6402669.01
374071.41	6402669.36
374071.77	6402676.13
374064.97	6402676.48
374058.17	6402676.83
374051.37	6402677.18
374051.01	6402670.41
374044.21	6402670.76
374043.85	6402663.99
374037.05	6402664.34
374036.69	6402657.57
374029.89	6402657.92
374029.53	6402651.15
374029.17	6402644.38
374028.81	6402637.61
374028.45	6402630.84
374021.65	6402631.19
374021.29	6402624.42
374014.49	6402624.77
374014.13	6402618.00
374013.77	6402611.23
374013.41	6402604.46
374013.05	6402597.69
374012.69	6402590.92
374012.33	6402584.15
374005.53	6402584.50
374005.17	6402577.73
373998.37	6402578.08
373998.01	6402571.31
373991.21	6402571.66
373990.85	6402564.89
373984.05	6402565.24
373983.69	6402558.47
373976.89	6402558.82
373970.09	6402559.17
373963.29	6402559.52
373956.49	6402559.87
373949.69	6402560.22
373942.89	6402560.57
373936.09	6402560.92
373935.73	6402554.15
373928.93	6402554.50
373922.13	6402554.85
373915.33	6402555.20
373908.53	6402555.55
373901.73	6402555.90
373894.93	6402556.25
373888.13	6402556.60
373881.33	6402556.95
373874.53	6402557.30
373867.73	6402557.65
373860.93	6402558.00
373854.13	6402558.35
373853.77	6402551.58
373846.97	6402551.93
373840.17	6402552.28
373839.81	6402545.51
373833.01	6402545.86
373826.21	6402546.21
373819.41	6402546.56
373819.05	6402539.79
373812.25	6402540.14
373805.45	6402540.49
373798.65	6402540.84
373798.29	6402534.07
373791.49	6402534.42
373791.13	6402527.65
373784.33	6402528.00
373783.97	6402521.23
373777.17	6402521.58
373770.37	6402521.93
373770.01	6402515.16
373763.21	6402515.51
373762.85	6402508.74
373756.05	6402509.09
373755.69	6402502.32
373748.89	6402502.67
373742.09	6402503.02
373741.73	6402496.25
373734.93	6402496.60
373734.57	6402489.83
373727.77	6402490.18
373727.41	6402483.41
373720.61	6402483.76
373720.25	6402476.99
373719.89	6402470.22
373713.09	6402470.57
373712.73	6402463.80
373705.93	6402464.15
373705.57	6402457.38
373705.21	6402450.61
373704.85	6402443.84
373698.05	6402444.19
373697.69	6402437.42
373697.33	6402430.65
373690.53	6402431.00
373690.17	6402424.23
373689.81	6402417.46
373689.45	6402410.69
373689.09	6402403.92
373688.73	6402397.15
373688.37	6402390.38
373681.57	6402390.73
373681.21	6402383.96
373680.85	6402377.19
373680.49	6402370.42
373680.13	6402363.65
373679.77	6402356.88
373679.41	6402350.11
373679.05	6402343.34
373685.85	6402342.99
373685.49	6402336.22
373692.29	6402335.87
373691.93	6402329.10
373698.73	6402328.75
373698.37	6402321.98
373705.17	6402321.63
373711.97	6402321.28
373711.61	6402314.51
373711.25	6402307.74
373718.05	6402307.39
373717.69	6402300.62
373717.33	6402293.85
373716.97	6402287.08
373716.61	6402280.31
373716.25	6402273.54
373715.89	6402266.77
373715.53	6402260.00
373715.17	6402253.23
373714.81	6402246.46
373714.45	6402239.69
373714.09	6402232.92
373713.73	6402226.15
373706.93	6402226.50
373706.57	6402219.73
373706.21	6402212.96
373705.85	6402206.19
373705.49	6402199.42
373698.69	6402199.77
373698.33	6402193.00
373697.97	6402186.23
373697.61	6402179.46
373690.81	6402179.81
373690.45	6402173.04
373690.09	6402166.27
373689.73	6402159.50
373689.37	6402152.73
373682.57	6402153.08
373682.21	6402146.31
373681.85	6402139.54
373681.49	6402132.77
373681.13	6402126.00
373674.33	6402126.35
373673.97	6402119.58
373673.61	6402112.81
373673.25	6402106.04
373666.45	6402106.39
373666.09	6402099.62
373665.73	6402092.85
373665.37	6402086.08
373665.01	6402079.31
373658.21	6402079.66
373657.85	6402072.89
373657.49	6402066.12
373657.13	6402059.35
373650.33	6402059.70
373649.97	6402052.93
373649.61	6402046.16
373649.25	6402039.39
373648.89	6402032.62
373642.09	6402032.97
373641.73	6402026.20
373634.93	6402026.55
373634.57	6402019.78
373627.77	6402020.13
373620.97	6402020.48
373621.33	6402027.25
373614.53	6402027.60
373607.73	6402027.95
373600.93	6402028.30
373594.13	6402028.65
373593.77	6402021.88
373593.41	6402015.11
373593.05	6402008.34
373599.85	6402007.99
373599.49	6402001.22
373606.29	6402000.87
373605.93	6401994.10
373605.57	6401987.33
373612.37	6401986.98
373612.01	6401980.21
373611.65	6401973.44
373611.29	6401966.67
373618.09	6401966.32
373617.73	6401959.55
373624.53	6401959.20
373624.17	6401952.43
373623.81	6401945.66
373623.45	6401938.89
373623.09	6401932.12
373622.73	6401925.35
373622.37	6401918.58
373622.01	6401911.81
373621.65	6401905.04
373621.29	6401898.27
373620.93	6401891.50
373620.57	6401884.73
373620.21	6401877.96
373619.85	6401871.19
373626.65	6401870.84
373626.29	6401864.07
373625.93	6401857.30
373625.57	6401850.53
373632.37	6401850.18
373632.01	6401843.41
373631.65	6401836.64
373631.29	6401829.87
373638.09	6401829.52
373637.73	6401822.75
373637.37	6401815.98
373637.01	6401809.21
373636.65	6401802.44
373629.85	6401802.79
373623.05	6401803.14
373623.41	6401809.91
373616.61	6401810.26
373616.97	6401817.03
373617.33	6401823.80
373610.53	6401824.15
373610.89	6401830.92
373611.25	6401837.69
373611.61	6401844.46
373604.81	6401844.81
373605.17	6401851.58
373605.53	6401858.35
373605.89	6401865.12
373606.25	6401871.89
373599.45	6401872.24
373599.81	6401879.01
373600.17	6401885.78
373600.53	6401892.55
373593.73	6401892.90
373594.09	6401899.67
373594.45	6401906.44
373594.81	6401913.21
373595.17	6401919.98
373588.37	6401920.33
373581.57	6401920.68
373574.77	6401921.03
373567.97	6401921.38
373567.61	6401914.61
373560.81	6401914.96
373554.01	6401915.31
373547.21	6401915.66
373540.41	6401916.01
373540.05	6401909.24
373533.25	6401909.59
373526.45	6401909.94
373519.65	6401910.29
373512.85	6401910.64
373506.05	6401910.99
373505.69	6401904.22
373505.33	6401897.45
373504.97	6401890.68
373498.17	6401891.03
373498.53	6401897.80
373491.73	6401898.15
373484.93	6401898.50
373478.13	6401898.85
373471.33	6401899.20
373470.97	6401892.43
373464.17	6401892.78
373457.37	6401893.13
373457.73	6401899.90
373450.93	6401900.25
373451.29	6401907.02
373458.09	6401906.67
373458.45	6401913.44
373458.81	6401920.21
373459.17	6401926.98
373465.97	6401926.63
373466.33	6401933.40
373466.69	6401940.17
373467.05	6401946.94
373460.25	6401947.29
373460.61	6401954.06
373467.41	6401953.71
373467.77	6401960.48
373468.13	6401967.25
373468.49	6401974.02
373468.85	6401980.79
373469.21	6401987.56
373469.57	6401994.33
373476.37	6401993.98
373476.73	6402000.75
373477.09	6402007.52
373477.45	6402014.29
373477.81	6402021.06
373478.17	6402027.83
373478.53	6402034.60
373471.73	6402034.95
373472.09	6402041.72
373472.45	6402048.49
373465.65	6402048.84
373458.85	6402049.19
373459.21	6402055.96
373452.41	6402056.31
373452.77	6402063.08
373445.97	6402063.43
373446.33	6402070.20
373446.69	6402076.97
373439.89	6402077.32
373440.25	6402084.09
373440.61	6402090.86
373440.97	6402097.63
373441.33	6402104.40
373441.69	6402111.17
373448.49	6402110.82
373448.85	6402117.59
373449.21	6402124.36
373456.01	6402124.01
373462.81	6402123.66
373469.61	6402123.31
373469.97	6402130.08
373476.77	6402129.73
373483.57	6402129.38
373483.93	6402136.15
373484.29	6402142.92
373484.65	6402149.69
373485.01	6402156.46
373478.21	6402156.81
373471.41	6402157.16
373464.61	6402157.51
373464.97	6402164.28
373465.33	6402171.05
373472.13	6402170.70
373472.49	6402177.47
373472.85	6402184.24
373479.65	6402183.89
373480.01	6402190.66
373480.37	6402197.43
373487.17	6402197.08
373487.53	6402203.85
373494.33	6402203.50
373494.69	6402210.27
373501.49	6402209.92
373501.85	6402216.69
373508.65	6402216.34
373515.45	6402215.99
373522.25	6402215.64
373522.61	6402222.41
373529.41	6402222.06
373529.77	6402228.83
373530.13	6402235.60
373530.49	6402242.37
373530.85	6402249.14
373531.21	6402255.91
373538.01	6402255.56
373538.37	6402262.33
373538.73	6402269.10
373539.09	6402275.87
373539.45	6402282.64
373539.81	6402289.41
373546.61	6402289.06
373546.97	6402295.83
373547.33	6402302.60
373547.69	6402309.37
373554.49	6402309.02
373554.85	6402315.79
373555.21	6402322.56
373555.57	6402329.33
373562.37	6402328.98
373562.73	6402335.75
373563.09	6402342.52
373569.89	6402342.17
373570.25	6402348.94
373570.61	6402355.71
373570.97	6402362.48
373571.33	6402369.25
373571.69	6402376.02
373572.05	6402382.79
373565.25	6402383.14
373565.61	6402389.91
373572.41	6402389.56
373572.77	6402396.33
373573.13	6402403.10
373573.49	6402409.87
373566.69	6402410.22
373567.05	6402416.99
373567.41	6402423.76
373567.77	6402430.53
373568.13	6402437.30
373568.49	6402444.07
373561.69	6402444.42
373562.05	6402451.19
373562.41	6402457.96
373562.77	6402464.73
373563.13	6402471.50
373563.49	6402478.27
373556.69	6402478.62
373557.05	6402485.39
373557.41	6402492.16
373557.77	6402498.93
373558.13	6402505.70
373558.49	6402512.47
373558.85	6402519.24
373559.21	6402526.01
373559.57	6402532.78
373559.93	6402539.55
373566.73	6402539.20
373567.09	6402545.97
373567.45	6402552.74
373567.81	6402559.51
373568.17	6402566.28
373574.97	6402565.93
373575.33	6402572.70
373575.69	6402579.47
373576.05	6402586.24
373576.41	6402593.01
373583.21	6402592.66
373583.57	6402599.43
373583.93	6402606.20
373584.29	6402612.97
373584.65	6402619.74
373591.45	6402619.39
373591.81	6402626.16
373592.17	6402632.93
373598.97	6402632.58
373599.33	6402639.35
373599.69	6402646.12
373600.05	6402652.89
373600.41	6402659.66
373607.21	6402659.31
373607.57	6402666.08
373607.93	6402672.85
373608.29	6402679.62
373608.65	6402686.39
373609.01	6402693.16
373615.81	6402692.81
373616.17	6402699.58
373616.53	6402706.35
373616.89	6402713.12
373617.25	6402719.89
373624.05	6402719.54
373624.41	6402726.31
373624.77	6402733.08
373625.13	6402739.85
373618.33	6402740.20
373618.69	6402746.97
373619.05	6402753.74
373612.25	6402754.09
373605.45	6402754.44
373605.81	6402761.21
373599.01	6402761.56
373599.37	6402768.33
373592.57	6402768.68
373585.77	6402769.03
373578.97	6402769.38
373572.17	6402769.73
373565.37	6402770.08
373558.57	6402770.43
373558.93	6402777.20
373552.13	6402777.55
373545.33	6402777.90
373538.53	6402778.25
373531.73	6402778.60
373524.93	6402778.95
373518.13	6402779.30
373511.33	6402779.65
373504.53	6402780.00
373504.89	6402786.77
373498.09	6402787.12
373491.29	6402787.47
373484.49	6402787.82
373477.69	6402788.17
373470.89	6402788.52
373464.09	6402788.87
373457.29	6402789.22
373450.49	6402789.57
373443.69	6402789.92
373436.89	6402790.27
373430.09	6402790.62
373423.29	6402790.97
373416.49	6402791.32
373409.69	6402791.67
373402.89	6402792.02
373396.09	6402792.37
373396.45	6402799.14
373389.65	6402799.49
373382.85	6402799.84
373376.05	6402800.19
373369.25	6402800.54
373362.45	6402800.89
373355.65	6402801.24
373348.85	6402801.59
373342.05	6402801.94
373335.25	6402802.29
373328.45	6402802.64
373321.65	6402802.99
373314.85	6402803.34
373308.05	6402803.69
373301.25	6402804.04
373294.45	6402804.39
373287.65	6402804.74
373280.85	6402805.09
373274.05	6402805.44
373273.69	6402798.67
373266.89	6402799.02
373260.09	6402799.37
373253.29	6402799.72
373246.49	6402800.07
373239.69	6402800.42
373239.33	6402793.65
373232.53	6402794.00
373225.73	6402794.35
373218.93	6402794.70
373212.13	6402795.05
373205.33	6402795.40
373198.53	6402795.75
373191.73	6402796.10
373184.93	6402796.45
373185.29	6402803.22
373178.49	6402803.57
373171.69	6402803.92
373164.89	6402804.27
373158.09	6402804.62
373151.29	6402804.97
373144.49	6402805.32
373137.69	6402805.67
373130.89	6402806.02
373124.09	6402806.37
373117.29	6402806.72
373110.49	6402807.07
373103.69	6402807.42
373096.89	6402807.77
373090.09	6402808.12
373083.29	6402808.47
373083.65	6402815.24
373076.85	6402815.59
373070.05	6402815.94
373063.25	6402816.29
373056.45	6402816.64
373049.65	6402816.99
373042.85	6402817.34
373036.05	6402817.69
373029.25	6402818.04
373022.45	6402818.39
373015.65	6402818.74
373008.85	6402819.09
373002.05	6402819.44
373001.69	6402812.67
372994.89	6402813.02
372988.09	6402813.37
372981.29	6402813.72
372974.49	6402814.07
372967.69	6402814.42
372960.89	6402814.77
372954.09	6402815.12
372947.29	6402815.47
372940.49	6402815.82
372933.69	6402816.17
372926.89	6402816.52
372927.25	6402823.29
372920.45	6402823.64
372913.65	6402823.99
372906.85	6402824.34
372900.05	6402824.69
372893.25	6402825.04
372886.45	6402825.39
372879.65	6402825.74
372872.85	6402826.09
372866.05	6402826.44
372859.25	6402826.79
372852.45	6402827.14
372845.65	6402827.49
372838.85	6402827.84
372832.05	6402828.19
372825.25	6402828.54
372818.45	6402828.89
372811.65	6402829.24
372804.85	6402829.59
372804.49	6402822.82
372804.13	6402816.05
372803.77	6402809.28
372803.41	6402802.51
372803.05	6402795.74
372796.25	6402796.09
372795.89	6402789.32
372795.53	6402782.55
372795.17	6402775.78
372788.37	6402776.13
372788.01	6402769.36
372787.65	6402762.59
372780.85	6402762.94
372780.49	6402756.17
372773.69	6402756.52
372773.33	6402749.75
372766.53	6402750.10
372766.17	6402743.33
372759.37	6402743.68
372752.57	6402744.03
372752.21	6402737.26
372745.41	6402737.61
372745.05	6402730.84
372738.25	6402731.19
372731.45	6402731.54
372731.09	6402724.77
372724.29	6402725.12
372723.93	6402718.35
372723.57	6402711.58
372723.21	6402704.81
372722.85	6402698.04
372729.65	6402697.69
372729.29	6402690.92
372728.93	6402684.15
372728.57	6402677.38
372728.21	6402670.61
372735.01	6402670.26
372734.65	6402663.49
372734.29	6402656.72
372733.93	6402649.95
372733.57	6402643.18
372740.37	6402642.83
372740.01	6402636.06
372739.65	6402629.29
372739.29	6402622.52
372746.09	6402622.17
372745.73	6402615.40
372745.37	6402608.63
372745.01	6402601.86
372744.65	6402595.09
372751.45	6402594.74
372751.09	6402587.97
372750.73	6402581.20
372750.37	6402574.43
372750.01	6402567.66
372756.81	6402567.31
372756.45	6402560.54
372756.09	6402553.77
372755.73	6402547.00
372762.53	6402546.65
372762.17	6402539.88
372761.81	6402533.11
372761.45	6402526.34
372761.09	6402519.57
372767.89	6402519.22
372767.53	6402512.45
372767.17	6402505.68
372766.81	6402498.91
372773.61	6402498.56
372773.25	6402491.79
372772.89	6402485.02
372772.53	6402478.25
372772.17	6402471.48
372765.37	6402471.83
372758.57	6402472.18
372758.21	6402465.41
372751.41	6402465.76
372744.61	6402466.11
372744.25	6402459.34
372737.45	6402459.69
372730.65	6402460.04
372723.85	6402460.39
372724.21	6402467.16
372717.41	6402467.51
372717.77	6402474.28
372710.97	6402474.63
372711.33	6402481.40
372711.69	6402488.17
372704.89	6402488.52
372705.25	6402495.29
372705.61	6402502.06
372705.97	6402508.83
372706.33	6402515.60
372699.53	6402515.95
372699.89	6402522.72
372700.25	6402529.49
372700.61	6402536.26
372693.81	6402536.61
372694.17	6402543.38
372694.53	6402550.15
372694.89	6402556.92
372695.25	6402563.69
372688.45	6402564.04
372688.81	6402570.81
372689.17	6402577.58
372689.53	6402584.35
372689.89	6402591.12
372690.25	6402597.89
372690.61	6402604.66
372683.81	6402605.01
372684.17	6402611.78
372684.53	6402618.55
372677.73	6402618.90
372678.09	6402625.67
372678.45	6402632.44
372678.81	6402639.21
372672.01	6402639.56
372672.37	6402646.33
372672.73	6402653.10
372673.09	6402659.87
372666.29	6402660.22
372666.65	6402666.99
372667.01	6402673.76
372667.37	6402680.53
372660.57	6402680.88
372660.93	6402687.65
372661.29	6402694.42
372661.65	6402701.19
372662.01	6402707.96
372662.37	6402714.73
372662.73	6402721.50
372663.09	6402728.27
372656.29	6402728.62
372649.49	6402728.97
372642.69	6402729.32
372643.05	6402736.09
372636.25	6402736.44
372629.45	6402736.79
372622.65	6402737.14
372623.01	6402743.91
372616.21	6402744.26
372609.41	6402744.61
372609.77	6402751.38
372602.97	6402751.73
372596.17	6402752.08
372596.53	6402758.85
372589.73	6402759.20
372590.09	6402765.97
372583.29	6402766.32
372576.49	6402766.67
372576.85	6402773.44
372570.05	6402773.79
372570.41	6402780.56
372563.61	6402780.91
372563.97	6402787.68
372564.33	6402794.45
372557.53	6402794.80
372557.89	6402801.57
372551.09	6402801.92
372551.45	6402808.69
372551.81	6402815.46
372545.01	6402815.81
372545.37	6402822.58
372545.73	6402829.35
372546.09	6402836.12
372539.29	6402836.47
372532.49	6402836.82
372525.69	6402837.17
372518.89	6402837.52
372512.09	6402837.87
372505.29	6402838.22
372498.49	6402838.57
372491.69	6402838.92
372484.89	6402839.27
372478.09	6402839.62
372471.29	6402839.97
372464.49	6402840.32
372457.69	6402840.67
372450.89	6402841.02
372444.09	6402841.37
372437.29	6402841.72
372430.49	6402842.07
372423.69	6402842.42
372416.89	6402842.77
372410.09	6402843.12
372403.29	6402843.47
372403.65	6402850.24
372396.85	6402850.59
372390.05	6402850.94
372383.25	6402851.29
372376.45	6402851.64
372369.65	6402851.99
372362.85	6402852.34
372356.05	6402852.69
372349.25	6402853.04
372342.45	6402853.39
372342.81	6402860.16
372336.01	6402860.51
372336.37	6402867.28
372336.73	6402874.05
372337.09	6402880.82
372330.29	6402881.17
372330.65	6402887.94
372331.01	6402894.71
372324.21	6402895.06
372324.57	6402901.83
372317.77	6402902.18
372310.97	6402902.53
372304.17	6402902.88
372297.37	6402903.23
372297.01	6402896.46
372290.21	6402896.81
372289.85	6402890.04
372283.05	6402890.39
372282.69	6402883.62
372275.89	6402883.97
372269.09	6402884.32
372262.29	6402884.67
372255.49	6402885.02
372248.69	6402885.37
372241.89	6402885.72
372241.53	6402878.95
372234.73	6402879.30
372227.93	6402879.65
372221.13	6402880.00
372214.33	6402880.35
372207.53	6402880.70
372200.73	6402881.05
372193.93	6402881.40
372187.13	6402881.75
372180.33	6402882.10
372173.53	6402882.45
372166.73	6402882.80
372159.93	6402883.15
372153.13	6402883.50
372146.33	6402883.85
372139.53	6402884.20
372132.73	6402884.55
372125.93	6402884.90
372119.13	6402885.25
372118.77	6402878.48
372111.97	6402878.83
372105.17	6402879.18
372098.37	6402879.53
372091.57	6402879.88
372084.77	6402880.23
372077.97	6402880.58
372071.17	6402880.93
372064.37	6402881.28
372057.57	6402881.63
372050.77	6402881.98
372043.97	6402882.33
372037.17	6402882.68
372030.37	6402883.03
372023.57	6402883.38
372016.77	6402883.73
372009.97	6402884.08
372003.17	6402884.43
372003.53	6402891.20
371996.73	6402891.55
371989.93	6402891.90
371983.13	6402892.25
371976.33	6402892.60
371976.69	6402899.37
371969.89	6402899.72
371963.09	6402900.07
371956.29	6402900.42
371956.65	6402907.19
371949.85	6402907.54
371943.05	6402907.89
371943.41	6402914.66
371936.61	6402915.01
371936.97	6402921.78
371930.17	6402922.13
371930.53	6402928.90
371923.73	6402929.25
371916.93	6402929.60
371917.29	6402936.37
371910.49	6402936.72
371910.85	6402943.49
371904.05	6402943.84
371897.25	6402944.19
371890.45	6402944.54
371890.81	6402951.31
371884.01	6402951.66
371877.21	6402952.01
371870.41	6402952.36
371863.61	6402952.71
371856.81	6402953.06
371850.01	6402953.41
371843.21	6402953.76
371836.41	6402954.11
371829.61	6402954.46
371829.25	6402947.69
371822.45	6402948.04
371822.09	6402941.27
371815.29	6402941.62
371814.93	6402934.85
371808.13	6402935.20
371801.33	6402935.55
371800.97	6402928.78
371794.17	6402929.13
371793.81	6402922.36
371787.01	6402922.71
371786.65	6402915.94
371779.85	6402916.29
371779.49	6402909.52
371772.69	6402909.87
371772.33	6402903.10
371765.53	6402903.45
371758.73	6402903.80
371758.37	6402897.03
371751.57	6402897.38
371744.77	6402897.73
371744.41	6402890.96
371737.61	6402891.31
371730.81	6402891.66
371730.45	6402884.89
371723.65	6402885.24
371716.85	6402885.59
371710.05	6402885.94
371709.69	6402879.17
371702.89	6402879.52
371696.09	6402879.87
371695.73	6402873.10
371688.93	6402873.45
371682.13	6402873.80
371681.77	6402867.03
371674.97	6402867.38
371668.17	6402867.73
371667.81	6402860.96
371661.01	6402861.31
371654.21	6402861.66
371653.85	6402854.89
371647.05	6402855.24
371640.25	6402855.59
371639.89	6402848.82
371633.09	6402849.17
371632.73	6402842.40
371625.93	6402842.75
371625.57	6402835.98
371618.77	6402836.33
371618.41	6402829.56
371611.61	6402829.91
371604.81	6402830.26
371604.45	6402823.49
371597.65	6402823.84
371597.29	6402817.07
371590.49	6402817.42
371590.13	6402810.65
371583.33	6402811.00
371582.97	6402804.23
371576.17	6402804.58
371575.81	6402797.81
371569.01	6402798.16
371568.65	6402791.39
371561.85	6402791.74
371561.49	6402784.97
371554.69	6402785.32
371554.33	6402778.55
371547.53	6402778.90
371540.73	6402779.25
371540.37	6402772.48
371533.57	6402772.83
371533.21	6402766.06
371526.41	6402766.41
371526.05	6402759.64
371519.25	6402759.99
371518.89	6402753.22
371512.09	6402753.57
371511.73	6402746.80
371504.93	6402747.15
371504.57	6402740.38
371497.77	6402740.73
371497.41	6402733.96
371490.61	6402734.31
371490.25	6402727.54
371483.45	6402727.89
371483.09	6402721.12
371476.29	6402721.47
371475.93	6402714.70
371469.13	6402715.05
371468.77	6402708.28
371461.97	6402708.63
371455.17	6402708.98
371454.81	6402702.21
371454.45	6402695.44
371454.09	6402688.67
371453.73	6402681.90
371460.53	6402681.55
371460.17	6402674.78
371459.81	6402668.01
371459.45	6402661.24
371459.09	6402654.47
371465.89	6402654.12
371465.53	6402647.35
371465.17	6402640.58
371464.81	6402633.81
371464.45	6402627.04
371471.25	6402626.69
371470.89	6402619.92
371470.53	6402613.15
371470.17	6402606.38
371469.81	6402599.61
371476.61	6402599.26
371476.25	6402592.49
371475.89	6402585.72
371475.53	6402578.95
371475.17	6402572.18
371481.97	6402571.83
371481.61	6402565.06
371481.25	6402558.29
371480.89	6402551.52
371487.69	6402551.17
371487.33	6402544.40
371486.97	6402537.63
371493.77	6402537.28
371500.57	6402536.93
371507.37	6402536.58
371507.73	6402543.35
371514.53	6402543.00
371521.33	6402542.65
371528.13	6402542.30
371528.49	6402549.07
371535.29	6402548.72
371542.09	6402548.37
371542.45	6402555.14
371549.25	6402554.79
371556.05	6402554.44
371562.85	6402554.09
371563.21	6402560.86
371570.01	6402560.51
371576.81	6402560.16
371583.61	6402559.81
371590.41	6402559.46
371597.21	6402559.11
371596.85	6402552.34
371590.05	6402552.69
371589.69	6402545.92
371589.33	6402539.15
371582.53	6402539.50
371582.17	6402532.73
371575.37	6402533.08
371568.57	6402533.43
371561.77	6402533.78
371561.41	6402527.01
371554.61	6402527.36
371547.81	6402527.71
371541.01	6402528.06
371540.65	6402521.29
371533.85	6402521.64
371527.05	6402521.99
371520.25	6402522.34
371519.89	6402515.57
371513.09	6402515.92
371506.29	6402516.27
371499.49	6402516.62
371499.13	6402509.85
371498.77	6402503.08
371498.41	6402496.31
371498.05	6402489.54
371497.69	6402482.77
371497.33	6402476.00
371496.97	6402469.23
371503.77	6402468.88
371503.41	6402462.11
371510.21	6402461.76
371517.01	6402461.41
371523.81	6402461.06
371530.61	6402460.71
371530.25	6402453.94
371529.89	6402447.17
371523.09	6402447.52
371522.73	6402440.75
371515.93	6402441.10
371509.13	6402441.45
371508.77	6402434.68
371508.41	6402427.91
371508.05	6402421.14
371507.69	6402414.37
371514.49	6402414.02
371514.13	6402407.25
371513.77	6402400.48
371513.41	6402393.71
371513.05	6402386.94
371519.85	6402386.59
371519.49	6402379.82
371519.13	6402373.05
371518.77	6402366.28
371518.41	6402359.51
371525.21	6402359.16
371524.85	6402352.39
371524.49	6402345.62
371524.13	6402338.85
371523.77	6402332.08
371530.57	6402331.73
371530.21	6402324.96
371529.85	6402318.19
371529.49	6402311.42
371536.29	6402311.07
371535.93	6402304.30
371535.57	6402297.53
371535.21	6402290.76
371534.85	6402283.99
371541.65	6402283.64
371541.29	6402276.87
371540.93	6402270.10
371540.57	6402263.33
371540.21	6402256.56
371547.01	6402256.21
371546.65	6402249.44
371546.29	6402242.67
371545.93	6402235.90
371545.57	6402229.13
371552.37	6402228.78
371552.01	6402222.01
371551.65	6402215.24
371551.29	6402208.47
371550.93	6402201.70
371557.73	6402201.35
371557.37	6402194.58
371557.01	6402187.81
371556.65	6402181.04
371556.29	6402174.27
371555.93	6402167.50
371562.73	6402167.15
371562.37	6402160.38
371562.01	6402153.61
371561.65	6402146.84
371561.29	6402140.07
371568.09	6402139.72
371567.73	6402132.95
371567.37	6402126.18
371567.01	6402119.41
371573.81	6402119.06
371573.45	6402112.29
371566.65	6402112.64
371566.29	6402105.87
371565.93	6402099.10
371559.13	6402099.45
371559.49	6402106.22
371552.69	6402106.57
371545.89	6402106.92
371546.25	6402113.69
371546.61	6402120.46
371546.97	6402127.23
371540.17	6402127.58
371540.53	6402134.35
371540.89	6402141.12
371541.25	6402147.89
371541.61	6402154.66
371534.81	6402155.01
371535.17	6402161.78
371535.53	6402168.55
371535.89	6402175.32
371536.25	6402182.09
371529.45	6402182.44
371529.81	6402189.21
371530.17	6402195.98
371530.53	6402202.75
371523.73	6402203.10
371524.09	6402209.87
371524.45	6402216.64
371524.81	6402223.41
371525.17	6402230.18
371525.53	6402236.95
371518.73	6402237.30
371519.09	6402244.07
371519.45	6402250.84
371519.81	6402257.61
371520.17	6402264.38
371513.37	6402264.73
371513.73	6402271.50
371514.09	6402278.27
371514.45	6402285.04
371514.81	6402291.81
371508.01	6402292.16
371508.37	6402298.93
371508.73	6402305.70
371509.09	6402312.47
371509.45	6402319.24
371502.65	6402319.59
371503.01	6402326.36
371503.37	6402333.13
371503.73	6402339.90
371504.09	6402346.67
371497.29	6402347.02
371497.65	6402353.79
371498.01	6402360.56
371498.37	6402367.33
371498.73	6402374.10
371491.93	6402374.45
371492.29	6402381.22
371492.65	6402387.99
371493.01	6402394.76
371493.37	6402401.53
371486.57	6402401.88
371486.93	6402408.65
371487.29	6402415.42
371487.65	6402422.19
371488.01	6402428.96
371481.21	6402429.31
371481.57	6402436.08
371481.93	6402442.85
371482.29	6402449.62
371475.49	6402449.97
371475.85	6402456.74
371476.21	6402463.51
371476.57	6402470.28
371476.93	6402477.05
371470.13	6402477.40
371470.49	6402484.17
371470.85	6402490.94
371471.21	6402497.71
371464.41	6402498.06
371464.77	6402504.83
371465.13	6402511.60
371465.49	6402518.37
371465.85	6402525.14
371459.05	6402525.49
371459.41	6402532.26
371459.77	6402539.03
371460.13	6402545.80
371460.49	6402552.57
371460.85	6402559.34
371454.05	6402559.69
371454.41	6402566.46
371454.77	6402573.23
371455.13	6402580.00
371455.49	6402586.77
371448.69	6402587.12
371449.05	6402593.89
371449.41	6402600.66
371449.77	6402607.43
371450.13	6402614.20
371443.33	6402614.55
371443.69	6402621.32
371444.05	6402628.09
371444.41	6402634.86
371444.77	6402641.63
371437.97	6402641.98
371438.33	6402648.75
371438.69	6402655.52
371439.05	6402662.29
371432.25	6402662.64
371432.61	6402669.41
371432.97	6402676.18
371433.33	6402682.95
371433.69	6402689.72
371426.89	6402690.07
371427.25	6402696.84
371420.45	6402697.19
371413.65	6402697.54
371406.85	6402697.89
371406.49	6402691.12
371399.69	6402691.47
371392.89	6402691.82
371392.53	6402685.05
371392.17	6402678.28
371391.81	6402671.51
371391.45	6402664.74
371398.25	6402664.39
371397.89	6402657.62
371397.53	6402650.85
371397.17	6402644.08
371396.81	6402637.31
371396.45	6402630.54
371403.25	6402630.19
371402.89	6402623.42
371402.53	6402616.65
371402.17	6402609.88
371408.97	6402609.53
371408.61	6402602.76
371408.25	6402595.99
371407.89	6402589.22
371407.53	6402582.45
371414.33	6402582.10
371413.97	6402575.33
371413.61	6402568.56
371413.25	6402561.79
371412.89	6402555.02
371419.69	6402554.67
371419.33	6402547.90
371418.97	6402541.13
371418.61	6402534.36
371418.25	6402527.59
371425.05	6402527.24
371424.69	6402520.47
371424.33	6402513.70
371423.97	6402506.93
371430.77	6402506.58
371430.41	6402499.81
371430.05	6402493.04
371429.69	6402486.27
371429.33	6402479.50
371436.13	6402479.15
371435.77	6402472.38
371435.41	6402465.61
371435.05	6402458.84
371434.69	6402452.07
371441.49	6402451.72
371441.13	6402444.95
371440.77	6402438.18
371440.41	6402431.41
371440.05	6402424.64
371446.85	6402424.29
371446.49	6402417.52
371446.13	6402410.75
371445.77	6402403.98
371445.41	6402397.21
371452.21	6402396.86
371451.85	6402390.09
371451.49	6402383.32
371451.13	6402376.55
371450.77	6402369.78
371457.57	6402369.43
371457.21	6402362.66
371456.85	6402355.89
371456.49	6402349.12
371456.13	6402342.35
371462.93	6402342.00
371462.57	6402335.23
371462.21	6402328.46
371461.85	6402321.69
371461.49	6402314.92
371468.29	6402314.57
371467.93	6402307.80
371467.57	6402301.03
371467.21	6402294.26
371466.85	6402287.49
371473.65	6402287.14
371473.29	6402280.37
371472.93	6402273.60
371472.57	6402266.83
371472.21	6402260.06
371479.01	6402259.71
371478.65	6402252.94
371478.29	6402246.17
371477.93	6402239.40
371477.57	6402232.63
371484.37	6402232.28
371484.01	6402225.51
371483.65	6402218.74
371483.29	6402211.97
371482.93	6402205.20
371489.73	6402204.85
371489.37	6402198.08
371489.01	6402191.31
371488.65	6402184.54
371488.29	6402177.77
371495.09	6402177.42
371494.73	6402170.65
371494.37	6402163.88
371494.01	6402157.11
371493.65	6402150.34
371500.45	6402149.99
371500.09	6402143.22
371499.73	6402136.45
371499.37	6402129.68
371499.01	6402122.91
371505.81	6402122.56
371505.45	6402115.79
371505.09	6402109.02
371504.73	6402102.25
371511.53	6402101.90
371511.17	6402095.13
371510.81	6402088.36
371510.45	6402081.59
371510.09	6402074.82
371516.89	6402074.47
371516.53	6402067.70
371516.17	6402060.93
371515.81	6402054.16
371515.45	6402047.39
371522.25	6402047.04
371521.89	6402040.27
371521.53	6402033.50
371521.17	6402026.73
371520.81	6402019.96
371527.61	6402019.61
371527.25	6402012.84
371526.89	6402006.07
371526.53	6401999.30
371526.17	6401992.53
371532.97	6401992.18
371532.61	6401985.41
371532.25	6401978.64
371531.89	6401971.87
371531.53	6401965.10
371538.33	6401964.75
371537.97	6401957.98
371537.61	6401951.21
371537.25	6401944.44
371536.89	6401937.67
371543.69	6401937.32
371543.33	6401930.55
371542.97	6401923.78
371542.61	6401917.01
371542.25	6401910.24
371549.05	6401909.89
371548.69	6401903.12
371548.33	6401896.35
371547.97	6401889.58
371554.77	6401889.23
371554.41	6401882.46
371554.05	6401875.69
371553.69	6401868.92
371553.33	6401862.15
371560.13	6401861.80
371559.77	6401855.03
371559.41	6401848.26
371559.05	6401841.49
371552.25	6401841.84
371551.89	6401835.07
371545.09	6401835.42
371544.73	6401828.65
371537.93	6401829.00
371531.13	6401829.35
371530.77	6401822.58
371523.97	6401822.93
371517.17	6401823.28
371510.37	6401823.63
371510.73	6401830.40
371503.93	6401830.75
371497.13	6401831.10
371497.49	6401837.87
371490.69	6401838.22
371491.05	6401844.99
371484.25	6401845.34
371477.45	6401845.69
371477.81	6401852.46
371471.01	6401852.81
371471.37	6401859.58
371464.57	6401859.93
371457.77	6401860.28
371458.13	6401867.05
371451.33	6401867.40
371451.69	6401874.17
371444.89	6401874.52
371438.09	6401874.87
371438.45	6401881.64
371431.65	6401881.99
371432.01	6401888.76
371425.21	6401889.11
371418.41	6401889.46
371418.77	6401896.23
371411.97	6401896.58
371412.33	6401903.35
371405.53	6401903.70
371398.73	6401904.05
371399.09	6401910.82
371392.29	6401911.17
371392.65	6401917.94
371385.85	6401918.29
371379.05	6401918.64
371379.41	6401925.41
371372.61	6401925.76
371365.81	6401926.11
371366.17	6401932.88
371359.37	6401933.23
371359.73	6401940.00
371352.93	6401940.35
371346.13	6401940.70
371346.49	6401947.47
371339.69	6401947.82
371340.05	6401954.59
371333.25	6401954.94
371326.45	6401955.29
371326.81	6401962.06
371320.01	6401962.41
371320.37	6401969.18
371313.57	6401969.53
371306.77	6401969.88
371307.13	6401976.65
371300.33	6401977.00
371300.69	6401983.77
371293.89	6401984.12
371294.25	6401990.89
371294.61	6401997.66
371294.97	6402004.43
371295.33	6402011.20
371295.69	6402017.97
371296.05	6402024.74
371296.41	6402031.51
371296.77	6402038.28
371297.13	6402045.05
371303.93	6402044.70
371304.29	6402051.47
371311.09	6402051.12
371311.45	6402057.89
371318.25	6402057.54
371325.05	6402057.19
371324.69	6402050.42
371331.49	6402050.07
371338.29	6402049.72
371337.93	6402042.95
371344.73	6402042.60
371351.53	6402042.25
371351.17	6402035.48
371357.97	6402035.13
371364.77	6402034.78
371364.41	6402028.01
371364.05	6402021.24
371370.85	6402020.89
371370.49	6402014.12
371377.29	6402013.77
371384.09	6402013.42
371383.73	6402006.65
371390.53	6402006.30
371390.17	6401999.53
371396.97	6401999.18
371403.77	6401998.83
371403.41	6401992.06
371410.21	6401991.71
371409.85	6401984.94
371416.65	6401984.59
371423.45	6401984.24
371430.25	6401983.89
371437.05	6401983.54
371443.85	6401983.19
371444.21	6401989.96
371444.57	6401996.73
371451.37	6401996.38
371451.73	6402003.15
371452.09	6402009.92
371452.45	6402016.69
371452.81	6402023.46
371453.17	6402030.23
371453.53	6402037.00
371453.89	6402043.77
371454.25	6402050.54
371454.61	6402057.31
371447.81	6402057.66
371448.17	6402064.43
371448.53	6402071.20
371448.89	6402077.97
371449.25	6402084.74
371442.45	6402085.09
371442.81	6402091.86
371443.17	6402098.63
371443.53	6402105.40
371443.89	6402112.17
371437.09	6402112.52
371437.45	6402119.29
371437.81	6402126.06
371438.17	6402132.83
371438.53	6402139.60
371431.73	6402139.95
371432.09	6402146.72
371432.45	6402153.49
371432.81	6402160.26
371433.17	6402167.03
371426.37	6402167.38
371426.73	6402174.15
371419.93	6402174.50
371420.29	6402181.27
371420.65	6402188.04
371421.01	6402194.81
371421.37	6402201.58
371421.73	6402208.35
371422.09	6402215.12
371422.45	6402221.89
371415.65	6402222.24
371416.01	6402229.01
371416.37	6402235.78
371416.73	6402242.55
371417.09	6402249.32
371410.29	6402249.67
371410.65	6402256.44
371411.01	6402263.21
371411.37	6402269.98
371411.73	6402276.75
371404.93	6402277.10
371398.13	6402277.45
371398.49	6402284.22
371398.85	6402290.99
371399.21	6402297.76
371399.57	6402304.53
371399.93	6402311.30
371400.29	6402318.07
371400.65	6402324.84
371401.01	6402331.61
371401.37	6402338.38
371401.73	6402345.15
371394.93	6402345.50
371395.29	6402352.27
371395.65	6402359.04
371396.01	6402365.81
371389.21	6402366.16
371389.57	6402372.93
371382.77	6402373.28
371375.97	6402373.63
371369.17	6402373.98
371368.81	6402367.21
371368.45	6402360.44
371368.09	6402353.67
371367.73	6402346.90
371367.37	6402340.13
371367.01	6402333.36
371366.65	6402326.59
371366.29	6402319.82
371365.93	6402313.05
371365.57	6402306.28
371365.21	6402299.51
371364.85	6402292.74
371364.49	6402285.97
371364.13	6402279.20
371363.77	6402272.43
371363.41	6402265.66
371363.05	6402258.89
371362.69	6402252.12
371362.33	6402245.35
371361.97	6402238.58
371361.61	6402231.81
371361.25	6402225.04
371360.89	6402218.27
371360.53	6402211.50
371360.17	6402204.73
371359.81	6402197.96
371359.45	6402191.19
371359.09	6402184.42
371358.73	6402177.65
371358.37	6402170.88
371358.01	6402164.11
371357.65	6402157.34
371357.29	6402150.57
371356.93	6402143.80
371356.57	6402137.03
371356.21	6402130.26
371355.85	6402123.49
371355.49	6402116.72
371355.13	6402109.95
371354.77	6402103.18
371354.41	6402096.41
371347.61	6402096.76
371340.81	6402097.11
371340.45	6402090.34
371333.65	6402090.69
371334.01	6402097.46
371327.21	6402097.81
371320.41	6402098.16
371320.77	6402104.93
371313.97	6402105.28
371307.17	6402105.63
371307.53	6402112.40
371300.73	6402112.75
371301.09	6402119.52
371301.45	6402126.29
371301.81	6402133.06
371302.17	6402139.83
371295.37	6402140.18
371295.73	6402146.95
371302.53	6402146.60
371302.89	6402153.37
371303.25	6402160.14
371303.61	6402166.91
371303.97	6402173.68
371304.33	6402180.45
371304.69	6402187.22
371305.05	6402193.99
371311.85	6402193.64
371312.21	6402200.41
371312.57	6402207.18
371312.93	6402213.95
371306.13	6402214.30
371299.33	6402214.65
371299.69	6402221.42
371300.05	6402228.19
371300.41	6402234.96
371300.77	6402241.73
371307.57	6402241.38
371307.93	6402248.15
371308.29	6402254.92
371308.65	6402261.69
371309.01	6402268.46
371309.37	6402275.23
371309.73	6402282.00
371310.09	6402288.77
371310.45	6402295.54
371310.81	6402302.31
371311.17	6402309.08
371311.53	6402315.85
371311.89	6402322.62
371312.25	6402329.39
371312.61	6402336.16
371312.97	6402342.93
371313.33	6402349.70
371313.69	6402356.47
371314.05	6402363.24
371307.25	6402363.59
371307.61	6402370.36
371307.97	6402377.13
371308.33	6402383.90
371308.69	6402390.67
371309.05	6402397.44
371309.41	6402404.21
371309.77	6402410.98
371310.13	6402417.75
371310.49	6402424.52
371310.85	6402431.29
371311.21	6402438.06
371311.57	6402444.83
371311.93	6402451.60
371312.29	6402458.37
371312.65	6402465.14
371313.01	6402471.91
371313.37	6402478.68
371320.17	6402478.33
371320.53	6402485.10
371320.89	6402491.87
371321.25	6402498.64
371321.61	6402505.41
371321.97	6402512.18
371322.33	6402518.95
371322.69	6402525.72
371323.05	6402532.49
371323.41	6402539.26
371323.77	6402546.03
371316.97	6402546.38
371317.33	6402553.15
371324.13	6402552.80
371324.49	6402559.57
371324.85	6402566.34
371325.21	6402573.11
371325.57	6402579.88
371325.93	6402586.65
371326.29	6402593.42
371326.65	6402600.19
371327.01	6402606.96
371327.37	6402613.73
371320.57	6402614.08
371320.93	6402620.85
371321.29	6402627.62
371321.65	6402634.39
371322.01	6402641.16
371322.37	6402647.93
371322.73	6402654.70
371323.09	6402661.47
371316.29	6402661.82
371316.65	6402668.59
371317.01	6402675.36
371317.37	6402682.13
371317.73	6402688.90
371318.09	6402695.67
371318.45	6402702.44
371318.81	6402709.21
371312.01	6402709.56
371312.37	6402716.33
371312.73	6402723.10
371313.09	6402729.87
371313.45	6402736.64
371313.81	6402743.41
371314.17	6402750.18
371314.53	6402756.95
371307.73	6402757.30
371308.09	6402764.07
371308.45	6402770.84
371308.81	6402777.61
371309.17	6402784.38
371309.53	6402791.15
371309.89	6402797.92
371310.25	6402804.69
371303.45	6402805.04
371303.81	6402811.81
371304.17	6402818.58
371304.53	6402825.35
371304.89	6402832.12
371305.25	6402838.89
371305.61	6402845.66
371298.81	6402846.01
371299.17	6402852.78
371299.53	6402859.55
371299.89	6402866.32
371293.09	6402866.67
371286.29	6402867.02
371279.49	6402867.37
371272.69	6402867.72
371265.89	6402868.07
371259.09	6402868.42
371252.29	6402868.77
371245.49	6402869.12
371245.85	6402875.89
371239.05	6402876.24
371239.41	6402883.01
371232.61	6402883.36
371232.97	6402890.13
371226.17	6402890.48
371226.53	6402897.25
371219.73	6402897.60
371220.09	6402904.37
371213.29	6402904.72
371206.49	6402905.07
371206.85	6402911.84
371200.05	6402912.19
371193.25	6402912.54
371193.61	6402919.31
371186.81	6402919.66
371187.17	6402926.43
371187.53	6402933.20
371180.73	6402933.55
371181.09	6402940.32
371181.45	6402947.09
371174.65	6402947.44
371175.01	6402954.21
371181.81	6402953.86
371182.17	6402960.63
371188.97	6402960.28
371188.61	6402953.51
371195.41	6402953.16
371202.21	6402952.81
371209.01	6402952.46
371215.81	6402952.11
371222.61	6402951.76
371229.41	6402951.41
371236.21	6402951.06
371243.01	6402950.71
371249.81	6402950.36
371250.17	6402957.13
371256.97	6402956.78
371263.77	6402956.43
371270.57	6402956.08
371277.37	6402955.73
371284.17	6402955.38
371290.97	6402955.03
371291.33	6402961.80
371291.69	6402968.57
371292.05	6402975.34
371285.25	6402975.69
371285.61	6402982.46
371285.97	6402989.23
371286.33	6402996.00
371286.69	6403002.77
371287.05	6403009.54
371280.25	6403009.89
371280.61	6403016.66
371273.81	6403017.01
371274.17	6403023.78
371267.37	6403024.13
371267.73	6403030.90
371260.93	6403031.25
371261.29	6403038.02
371254.49	6403038.37
371254.85	6403045.14
371248.05	6403045.49
371248.41	6403052.26
371241.61	6403052.61
371241.97	6403059.38
371242.33	6403066.15
371249.13	6403065.80
371249.49	6403072.57
371256.29	6403072.22
371256.65	6403078.99
371263.45	6403078.64
371263.81	6403085.41
371270.61	6403085.06
371270.97	6403091.83
371277.77	6403091.48
371278.13	6403098.25
371284.93	6403097.90
371285.29	6403104.67
371292.09	6403104.32
371292.45	6403111.09
371299.25	6403110.74
371299.61	6403117.51
371306.41	6403117.16
371313.21	6403116.81
371313.57	6403123.58
371320.37	6403123.23
371320.73	6403130.00
371327.53	6403129.65
371327.89	6403136.42
371334.69	6403136.07
371335.05	6403142.84
371341.85	6403142.49
371348.65	6403142.14
371349.01	6403148.91
371355.81	6403148.56
371362.61	6403148.21
371369.41	6403147.86
371369.77	6403154.63
371370.13	6403161.40
371370.49	6403168.17
371363.69	6403168.52
371364.05	6403175.29
371357.25	6403175.64
371350.45	6403175.99
371350.81	6403182.76
371344.01	6403183.11
371344.37	6403189.88
371344.73	6403196.65
371345.09	6403203.42
371351.89	6403203.07
371352.25	6403209.84
371359.05	6403209.49
371365.85	6403209.14
371372.65	6403208.79
371372.29	6403202.02
371379.09	6403201.67
371385.89	6403201.32
371385.53	6403194.55
371392.33	6403194.20
371399.13	6403193.85
371405.93	6403193.50
371412.73	6403193.15
371413.09	6403199.92
371413.45	6403206.69
371413.81	6403213.46
371407.01	6403213.81
371407.37	6403220.58
371400.57	6403220.93
371400.93	6403227.70
371394.13	6403228.05
371394.49	6403234.82
371387.69	6403235.17
371388.05	6403241.94
371381.25	6403242.29
371374.45	6403242.64
371367.65	6403242.99
371368.01	6403249.76
371361.21	6403250.11
371361.57	6403256.88
371361.93	6403263.65
371355.13	6403264.00
371355.49	6403270.77
371348.69	6403271.12
371349.05	6403277.89
371342.25	6403278.24
371335.45	6403278.59
371335.81	6403285.36
371329.01	6403285.71
371329.37	6403292.48
371329.73	6403299.25
371336.53	6403298.90
371343.33	6403298.55
371343.69	6403305.32
371350.49	6403304.97
371357.29	6403304.62
371364.09	6403304.27
371370.89	6403303.92
371377.69	6403303.57
371384.49	6403303.22
371391.29	6403302.87
371398.09	6403302.52
371397.73	6403295.75
371404.53	6403295.40
371411.33	6403295.05
371418.13	6403294.70
371424.93	6403294.35
371424.57	6403287.58
371431.37	6403287.23
371438.17	6403286.88
371437.81	6403280.11
371444.61	6403279.76
371451.41	6403279.41
371458.21	6403279.06
371458.57	6403285.83
371465.37	6403285.48
371472.17	6403285.13
371472.53	6403291.90
371479.33	6403291.55
371486.13	6403291.20
371492.93	6403290.85
371499.73	6403290.50
371506.53	6403290.15
371506.89	6403296.92
371513.69	6403296.57
371520.49	6403296.22
371527.29	6403295.87
371527.65	6403302.64
371534.45	6403302.29
371541.25	6403301.94
371541.61	6403308.71
371541.97	6403315.48
371548.77	6403315.13
371555.57	6403314.78
371562.37	6403314.43
371562.73	6403321.20
371569.53	6403320.85
371576.33	6403320.50
371576.69	6403327.27
371583.49	6403326.92
371590.29	6403326.57
371597.09	6403326.22
371597.45	6403332.99
371604.25	6403332.64
371611.05	6403332.29
371611.41	6403339.06
371618.21	6403338.71
371625.01	6403338.36
371631.81	6403338.01
371632.17	6403344.78
371638.97	6403344.43
371645.77	6403344.08
371646.13	6403350.85
371652.93	6403350.50
371659.73	6403350.15
371659.37	6403343.38
371666.17	6403343.03
371665.81	6403336.26
371672.61	6403335.91
371679.41	6403335.56
371686.21	6403335.21
371686.57	6403341.98
371693.37	6403341.63
371693.73	6403348.40
371700.53	6403348.05
371700.89	6403354.82
371707.69	6403354.47
371714.49	6403354.12
371714.85	6403360.89
371721.65	6403360.54
371728.45	6403360.19
371735.25	6403359.84
371735.61	6403366.61
371742.41	6403366.26
371749.21	6403365.91
371749.57	6403372.68
371756.37	6403372.33
371756.73	6403379.10
371757.09	6403385.87
371763.89	6403385.52
371764.25	6403392.29
371771.05	6403391.94
371771.41	6403398.71
371778.21	6403398.36
371778.57	6403405.13
371778.93	6403411.90
371785.73	6403411.55
371786.09	6403418.32
371792.89	6403417.97
371793.25	6403424.74
371800.05	6403424.39
371800.41	6403431.16
371807.21	6403430.81
371807.57	6403437.58
371814.37	6403437.23
371814.73	6403444.00
371821.53	6403443.65
371821.89	6403450.42
371822.25	6403457.19
371822.61	6403463.96
371822.97	6403470.73
371823.33	6403477.50
371830.13	6403477.15
371830.49	6403483.92
371837.29	6403483.57
371837.65	6403490.34
371844.45	6403489.99
371851.25	6403489.64
371858.05	6403489.29
371864.85	6403488.94
371865.21	6403495.71
371872.01	6403495.36
371872.37	6403502.13
371879.17	6403501.78
371885.97	6403501.43
371886.33	6403508.20
371893.13	6403507.85
371893.49	6403514.62
371900.29	6403514.27
371907.09	6403513.92
371913.89	6403513.57
371914.25	6403520.34
371921.05	6403519.99
371927.85	6403519.64
371928.21	6403526.41
371935.01	6403526.06
371941.81	6403525.71
371948.61	6403525.36
371955.41	6403525.01
371962.21	6403524.66
371969.01	6403524.31
371975.81	6403523.96
371976.17	6403530.73
371976.53	6403537.50
371976.89	6403544.27
371970.09	6403544.62
371970.45	6403551.39
371963.65	6403551.74
371964.01	6403558.51
371957.21	6403558.86
371957.57	6403565.63
371957.93	6403572.40
371951.13	6403572.75
371951.49	6403579.52
371944.69	6403579.87
371945.05	6403586.64
371938.25	6403586.99
371938.61	6403593.76
371938.97	6403600.53
371932.17	6403600.88
371932.53	6403607.65
371925.73	6403608.00
371926.09	6403614.77
371919.29	6403615.12
371919.65	6403621.89
371912.85	6403622.24
371913.21	6403629.01
371906.41	6403629.36
371906.77	6403636.13
371907.13	6403642.90
371900.33	6403643.25
371893.53	6403643.60
371893.89	6403650.37
371887.09	6403650.72
371887.45	6403657.49
371880.65	6403657.84
371873.85	6403658.19
371874.21	6403664.96
371867.41	6403665.31
371867.77	6403672.08
371860.97	6403672.43
371854.17	6403672.78
371854.53	6403679.55
371847.73	6403679.90
371848.09	6403686.67
371841.29	6403687.02
371834.49	6403687.37
371834.85	6403694.14
371828.05	6403694.49
371828.41	6403701.26
371821.61	6403701.61
371821.97	6403708.38
371815.17	6403708.73
371808.37	6403709.08
371808.73	6403715.85
371801.93	6403716.20
371802.29	6403722.97
371795.49	6403723.32
371795.85	6403730.09
371789.05	6403730.44
371789.41	6403737.21
371782.61	6403737.56
371775.81	6403737.91
371776.17	6403744.68
371769.37	6403745.03
371769.73	6403751.80
371762.93	6403752.15
371763.29	6403758.92
371756.49	6403759.27
371749.69	6403759.62
371750.05	6403766.39
371743.25	6403766.74
371743.61	6403773.51
371736.81	6403773.86
371730.01	6403774.21
371730.37	6403780.98
371723.57	6403781.33
371723.93	6403788.10
371717.13	6403788.45
371710.33	6403788.80
371710.69	6403795.57
371703.89	6403795.92
371697.09	6403796.27
371697.45	6403803.04
371690.65	6403803.39
371691.01	6403810.16
371684.21	6403810.51
371684.57	6403817.28
371684.93	6403824.05
371685.29	6403830.82
371685.65	6403837.59
371686.01	6403844.36
371679.21	6403844.71
371672.41	6403845.06
371672.77	6403851.83
371665.97	6403852.18
371659.17	6403852.53
371659.53	6403859.30
371652.73	6403859.65
371653.09	6403866.42
371646.29	6403866.77
371639.49	6403867.12
371639.85	6403873.89
371633.05	6403874.24
371626.25	6403874.59
371626.61	6403881.36
371619.81	6403881.71
371620.17	6403888.48
371613.37	6403888.83
371613.73	6403895.60
371614.09	6403902.37
371614.45	6403909.14
371607.65	6403909.49
371608.01	6403916.26
371608.37	6403923.03
371608.73	6403929.80
371615.53	6403929.45
371615.89	6403936.22
371616.25	6403942.99
371623.05	6403942.64
371623.41	6403949.41
371623.77	6403956.18
371630.57	6403955.83
371630.93	6403962.60
371631.29	6403969.37
371638.09	6403969.02
371638.45	6403975.79
371638.81	6403982.56
371645.61	6403982.21
371645.97	6403988.98
371646.33	6403995.75
371653.13	6403995.40
371653.49	6404002.17
371653.85	6404008.94
371660.65	6404008.59
371661.01	6404015.36
371661.37	6404022.13
371668.17	6404021.78
371668.53	6404028.55
371668.89	6404035.32
371675.69	6404034.97
371676.05	6404041.74
371676.41	6404048.51
371683.21	6404048.16
371683.57	6404054.93
371683.93	6404061.70
371690.73	6404061.35
371691.09	6404068.12
371691.45	6404074.89
371698.25	6404074.54
371698.61	6404081.31
371698.97	6404088.08
371705.77	6404087.73
371706.13	6404094.50
371706.49	6404101.27
371713.29	6404100.92
371713.65	6404107.69
371714.01	6404114.46
371720.81	6404114.11
371721.17	6404120.88
371727.97	6404120.53
371728.33	6404127.30
371728.69	6404134.07
371735.49	6404133.72
371735.85	6404140.49
371736.21	6404147.26
371743.01	6404146.91
371743.37	6404153.68
371743.73	6404160.45
371744.09	6404167.22
371750.89	6404166.87
371751.25	6404173.64
371751.61	6404180.41
371751.97	6404187.18
371752.33	6404193.95
371752.69	6404200.72
371753.05	6404207.49
371746.25	6404207.84
371746.61	6404214.61
371739.81	6404214.96
371740.17	6404221.73
371733.37	6404222.08
371726.57	6404222.43
371726.93	6404229.20
371720.13	6404229.55
371713.33	6404229.90
371713.69	6404236.67
371706.89	6404237.02
371700.09	6404237.37
371700.45	6404244.14
371693.65	6404244.49
371686.85	6404244.84
371687.21	6404251.61
371680.41	6404251.96
371673.61	6404252.31
371673.97	6404259.08
371667.17	6404259.43
371660.37	6404259.78
371660.73	6404266.55
371653.93	6404266.90
371647.13	6404267.25
371640.33	6404267.60
371633.53	6404267.95
371633.17	6404261.18
371632.81	6404254.41
371632.45	6404247.64
371639.25	6404247.29
371638.89	6404240.52
371638.53	6404233.75
371638.17	6404226.98
371637.81	6404220.21
371637.45	6404213.44
371637.09	6404206.67
371630.29	6404207.02
371629.93	6404200.25
371629.57	6404193.48
371622.77	6404193.83
371622.41	6404187.06
371622.05	6404180.29
371615.25	6404180.64
371614.89	6404173.87
371608.09	6404174.22
371607.73	6404167.45
371607.37	6404160.68
371600.57	6404161.03
371600.21	6404154.26
371599.85	6404147.49
371599.49	6404140.72
371599.13	6404133.95
371605.93	6404133.60
371612.73	6404133.25
371619.53	6404132.90
371626.33	6404132.55
371633.13	6404132.20
371632.77	6404125.43
371632.41	6404118.66
371632.05	6404111.89
371631.69	6404105.12
371624.89	6404105.47
371624.53	6404098.70
371624.17	6404091.93
371617.37	6404092.28
371617.01	6404085.51
371616.65	6404078.74
371609.85	6404079.09
371609.49	6404072.32
371602.69	6404072.67
371595.89	6404073.02
371595.53	6404066.25
371588.73	6404066.60
371581.93	6404066.95
371581.57	6404060.18
371574.77	6404060.53
371574.41	6404053.76
371567.61	6404054.11
371567.25	6404047.34
371560.45	6404047.69
371560.09	6404040.92
371553.29	6404041.27
371552.93	6404034.50
371546.13	6404034.85
371545.77	6404028.08
371538.97	6404028.43
371538.61	6404021.66
371531.81	6404022.01
371531.45	6404015.24
371524.65	6404015.59
371524.29	6404008.82
371517.49	6404009.17
371510.69	6404009.52
371503.89	6404009.87
371504.25	6404016.64
371497.45	6404016.99
371490.65	6404017.34
371483.85	6404017.69
371484.21	6404024.46
371477.41	6404024.81
371477.77	6404031.58
371470.97	6404031.93
371464.17	6404032.28
371464.53	6404039.05
371457.73	6404039.40
371450.93	6404039.75
371451.29	6404046.52
371444.49	6404046.87
371437.69	6404047.22
371438.05	6404053.99
371431.25	6404054.34
371424.45	6404054.69
371424.81	6404061.46
371418.01	6404061.81
371411.21	6404062.16
371411.57	6404068.93
371404.77	6404069.28
371397.97	6404069.63
371398.33	6404076.40
371391.53	6404076.75
371384.73	6404077.10
371385.09	6404083.87
371378.29	6404084.22
371371.49	6404084.57
371371.85	6404091.34
371365.05	6404091.69
371358.25	6404092.04
371358.61	6404098.81
371351.81	6404099.16
371345.01	6404099.51
371338.21	6404099.86
371331.41	6404100.21
371324.61	6404100.56
371324.25	6404093.79
371317.45	6404094.14
371310.65	6404094.49
371310.29	6404087.72
371303.49	6404088.07
371296.69	6404088.42
371296.33	6404081.65
371289.53	6404082.00
371282.73	6404082.35
371282.37	6404075.58
371275.57	6404075.93
371268.77	6404076.28
371268.41	6404069.51
371261.61	6404069.86
371254.81	6404070.21
371248.01	6404070.56
371248.37	6404077.33
371241.57	6404077.68
371234.77	6404078.03
371235.13	6404084.80
371228.33	6404085.15
371221.53	6404085.50
371221.89	6404092.27
371215.09	6404092.62
371208.29	6404092.97
371201.49	6404093.32
371201.85	6404100.09
371195.05	6404100.44
371188.25	6404100.79
371188.61	6404107.56
371181.81	6404107.91
371175.01	6404108.26
371175.37	6404115.03
371168.57	6404115.38
371161.77	6404115.73
371162.13	6404122.50
371155.33	6404122.85
371148.53	6404123.20
371148.89	6404129.97
371142.09	6404130.32
371135.29	6404130.67
371128.49	6404131.02
371128.85	6404137.79
371122.05	6404138.14
371115.25	6404138.49
371115.61	6404145.26
371108.81	6404145.61
371102.01	6404145.96
371102.37	6404152.73
371095.57	6404153.08
371088.77	6404153.43
371089.13	6404160.20
371082.33	6404160.55
371082.69	6404167.32
371075.89	6404167.67
371076.25	6404174.44
371069.45	6404174.79
371062.65	6404175.14
371055.85	6404175.49
371049.05	6404175.84
371042.25	6404176.19
371042.61	6404182.96
371035.81	6404183.31
371036.17	6404190.08
371029.37	6404190.43
371029.73	6404197.20
371022.93	6404197.55
371023.29	6404204.32
371016.49	6404204.67
371016.85	6404211.44
371010.05	6404211.79
371010.41	6404218.56
371003.61	6404218.91
371003.97	6404225.68
370997.17	6404226.03
370997.53	6404232.80
370990.73	6404233.15
370991.09	6404239.92
370984.29	6404240.27
370984.65	6404247.04
370977.85	6404247.39
370978.21	6404254.16
370971.41	6404254.51
370971.77	6404261.28
370972.13	6404268.05
370965.33	6404268.40
370965.69	6404275.17
370958.89	6404275.52
370959.25	6404282.29
370959.61	6404289.06
370959.97	6404295.83
370966.77	6404295.48
370967.13	6404302.25
370967.49	6404309.02
370967.85	6404315.79
370968.21	6404322.56
370968.57	6404329.33
370968.93	6404336.10
370969.29	6404342.87
370969.65	6404349.64
370970.01	6404356.41
370963.21	6404356.76
370956.41	6404357.11
370949.61	6404357.46
370942.81	6404357.81
370943.17	6404364.58
370936.37	6404364.93
370929.57	6404365.28
370929.93	6404372.05
370923.13	6404372.40
370923.49	6404379.17
370916.69	6404379.52
370917.05	6404386.29
370910.25	6404386.64
370910.61	6404393.41
370903.81	6404393.76
370904.17	6404400.53
370897.37	6404400.88
370897.73	6404407.65
370890.93	6404408.00
370891.29	6404414.77
370884.49	6404415.12
370884.85	6404421.89
370878.05	6404422.24
370878.41	6404429.01
370871.61	6404429.36
370871.97	6404436.13
370865.17	6404436.48
370858.37	6404436.83
370858.73	6404443.60
370851.93	6404443.95
370845.13	6404444.30
370838.33	6404444.65
370838.69	6404451.42
370831.89	6404451.77
370825.09	6404452.12
370825.45	6404458.89
370818.65	6404459.24
370811.85	6404459.59
370812.21	6404466.36
370805.41	6404466.71
370798.61	6404467.06
370798.97	6404473.83
370792.17	6404474.18
370785.37	6404474.53
370785.73	6404481.30
370778.93	6404481.65
370772.13	6404482.00
370772.49	6404488.77
370765.69	6404489.12
370758.89	6404489.47
370759.25	6404496.24
370752.45	6404496.59
370745.65	6404496.94
370746.01	6404503.71
370746.37	6404510.48
370739.57	6404510.83
370739.93	6404517.60
370733.13	6404517.95
370733.49	6404524.72
370733.85	6404531.49
370734.21	6404538.26
370727.41	6404538.61
370727.77	6404545.38
370728.13	6404552.15
370721.33	6404552.50
370714.53	6404552.85
370714.89	6404559.62
370708.09	6404559.97
370708.45	6404566.74
370701.65	6404567.09
370702.01	6404573.86
370695.21	6404574.21
370695.57	6404580.98
370688.77	6404581.33
370681.97	6404581.68
370682.33	6404588.45
370682.69	6404595.22
370683.05	6404601.99
370676.25	6404602.34
370669.45	6404602.69
370662.65	6404603.04
370663.01	6404609.81
370656.21	6404610.16
370649.41	6404610.51
370642.61	6404610.86
370635.81	6404611.21
370629.01	6404611.56
370622.21	6404611.91
370615.41	6404612.26
370608.61	6404612.61
370601.81	6404612.96
370595.01	6404613.31
370595.37	6404620.08
370588.57	6404620.43
370588.93	6404627.20
370582.13	6404627.55
370582.49	6404634.32
370575.69	6404634.67
370568.89	6404635.02
370569.25	6404641.79
370562.45	6404642.14
370555.65	6404642.49
370548.85	6404642.84
370542.05	6404643.19
370535.25	6404643.54
370535.61	6404650.31
370528.81	6404650.66
370522.01	6404651.01
370515.21	6404651.36
370508.41	6404651.71
370508.77	6404658.48
370501.97	6404658.83
370495.17	6404659.18
370488.37	6404659.53
370481.57	6404659.88
370474.77	6404660.23
370475.13	6404667.00
370468.33	6404667.35
370461.53	6404667.70
370454.73	6404668.05
370447.93	6404668.40
370441.13	6404668.75
370441.49	6404675.52
370434.69	6404675.87
370427.89	6404676.22
370421.09	6404676.57
370414.29	6404676.92
370407.49	6404677.27
370400.69	6404677.62
370393.89	6404677.97
370387.09	6404678.32
370387.45	6404685.09
370380.65	6404685.44
370373.85	6404685.79
370367.05	6404686.14
370360.25	6404686.49
370353.45	6404686.84
370346.65	6404687.19
370339.85	6404687.54
370333.05	6404687.89
370326.25	6404688.24
370326.61	6404695.01
370319.81	6404695.36
370313.01	6404695.71
370306.21	6404696.06
370299.41	6404696.41
370299.77	6404703.18
370292.97	6404703.53
370286.17	6404703.88
370286.53	6404710.65
370279.73	6404711.00
370280.09	6404717.77
370273.29	6404718.12
370266.49	6404718.47
370266.85	6404725.24
370260.05	6404725.59
370253.25	6404725.94
370246.45	6404726.29
370239.65	6404726.64
370240.01	6404733.41
370233.21	6404733.76
370226.41	6404734.11
370219.61	6404734.46
370219.97	6404741.23
370213.17	6404741.58
370206.37	6404741.93
370199.57	6404742.28
370192.77	6404742.63
370185.97	6404742.98
370179.17	6404743.33
370172.37	6404743.68
370165.57	6404744.03
370158.77	6404744.38
370151.97	6404744.73
370145.17	6404745.08
370138.37	6404745.43
370138.73	6404752.20
370139.09	6404758.97
370132.29	6404759.32
370132.65	6404766.09
370133.01	6404772.86
370126.21	6404773.21
370126.57	6404779.98
370126.93	6404786.75
370120.13	6404787.10
370120.49	6404793.87
370120.85	6404800.64
370121.21	6404807.41
370121.57	6404814.18
370114.77	6404814.53
370107.97	6404814.88
370101.17	6404815.23
370101.53	6404822.00
370094.73	6404822.35
370087.93	6404822.70
370081.13	6404823.05
370074.33	6404823.40
370067.53	6404823.75
370060.73	6404824.10
370060.37	6404817.33
370053.57	6404817.68
370046.77	6404818.03
370039.97	6404818.38
370039.61	6404811.61
370032.81	6404811.96
370026.01	6404812.31
370019.21	6404812.66
370012.41	6404813.01
370012.05	6404806.24
370005.25	6404806.59
369998.45	6404806.94
369991.65	6404807.29
369991.29	6404800.52
369984.49	6404800.87
369977.69	6404801.22
369977.33	6404794.45
369970.53	6404794.80
369963.73	6404795.15
369956.93	6404795.50
369956.57	6404788.73
369949.77	6404789.08
369942.97	6404789.43
369936.17	6404789.78
369929.37	6404790.13
369922.57	6404790.48
369922.21	6404783.71
369915.41	6404784.06
369908.61	6404784.41
369901.81	6404784.76
369895.01	6404785.11
369895.37	6404791.88
369888.57	6404792.23
369881.77	6404792.58
369874.97	6404792.93
369868.17	6404793.28
369861.37	6404793.63
369854.57	6404793.98
369847.77	6404794.33
369840.97	6404794.68
369834.17	6404795.03
369827.37	6404795.38
369827.01	6404788.61
369820.21	6404788.96
369813.41	6404789.31
369806.61	6404789.66
369806.25	6404782.89
369805.89	6404776.12
369799.09	6404776.47
369792.29	6404776.82
369791.93	6404770.05
369785.13	6404770.40
369778.33	6404770.75
369771.53	6404771.10
369771.89	6404777.87
369765.09	6404778.22
369765.45	6404784.99
369765.81	6404791.76
369759.01	6404792.11
369752.21	6404792.46
369745.41	6404792.81
369745.77	6404799.58
369738.97	6404799.93
369732.17	6404800.28
369725.37	6404800.63
369718.57	6404800.98
369718.93	6404807.75
369712.13	6404808.10
369705.33	6404808.45
369698.53	6404808.80
369698.17	6404802.03
369691.37	6404802.38
369684.57	6404802.73
369677.77	6404803.08
369670.97	6404803.43
369664.17	6404803.78
369657.37	6404804.13
369650.57	6404804.48
369643.77	6404804.83
369643.41	6404798.06
369636.61	6404798.41
369629.81	6404798.76
369623.01	6404799.11
369616.21	6404799.46
369609.41	6404799.81
369602.61	6404800.16
369595.81	6404800.51
369595.45	6404793.74
369588.65	6404794.09
369588.29	6404787.32
369581.49	6404787.67
369581.13	6404780.90
369574.33	6404781.25
369567.53	6404781.60
369567.17	6404774.83
369560.37	6404775.18
369553.57	6404775.53
369546.77	6404775.88
369539.97	6404776.23
369533.17	6404776.58
369533.53	6404783.35
369526.73	6404783.70
369527.09	6404790.47
369520.29	6404790.82
369513.49	6404791.17
369506.69	6404791.52
369499.89	6404791.87
369499.53	6404785.10
369492.73	6404785.45
369485.93	6404785.80
369485.57	6404779.03
369478.77	6404779.38
369478.41	6404772.61
369471.61	6404772.96
369471.25	6404766.19
369464.45	6404766.54
369457.65	6404766.89
369458.01	6404773.66
369451.21	6404774.01
369444.41	6404774.36
369437.61	6404774.71
369430.81	6404775.06
369424.01	6404775.41
369424.37	6404782.18
369417.57	6404782.53
369410.77	6404782.88
369403.97	6404783.23
369404.33	6404790.00
369404.69	6404796.77
369405.05	6404803.54
369398.25	6404803.89
369391.45	6404804.24
369384.65	6404804.59
369384.29	6404797.82
369377.49	6404798.17
369377.13	6404791.40
369370.33	6404791.75
369363.53	6404792.10
369356.73	6404792.45
369357.09	6404799.22
369350.29	6404799.57
369343.49	6404799.92
369336.69	6404800.27
369329.89	6404800.62
369323.09	6404800.97
369323.45	6404807.74
369316.65	6404808.09
369309.85	6404808.44
369303.05	6404808.79
369296.25	6404809.14
369289.45	6404809.49
369289.81	6404816.26
369283.01	6404816.61
369276.21	6404816.96
369269.41	6404817.31
369262.61	6404817.66
369262.25	6404810.89
369261.89	6404804.12
369261.53	6404797.35
369254.73	6404797.70
369247.93	6404798.05
369247.57	6404791.28
369240.77	6404791.63
369233.97	6404791.98
369227.17	6404792.33
369220.37	6404792.68
369213.57	6404793.03
369206.77	6404793.38
369199.97	6404793.73
369193.17	6404794.08
369193.53	6404800.85
369186.73	6404801.20
369179.93	6404801.55
369173.13	6404801.90
369166.33	6404802.25
369159.53	6404802.60
369152.73	6404802.95
369145.93	6404803.30
369139.13	6404803.65
369132.33	6404804.00
369125.53	6404804.35
369118.73	6404804.70
369111.93	6404805.05
369105.13	6404805.40
369098.33	6404805.75
369091.53	6404806.10
369084.73	6404806.45
369077.93	6404806.80
369071.13	6404807.15
369064.33	6404807.50
369057.53	6404807.85
369050.73	6404808.20
369043.93	6404808.55
369044.29	6404815.32
369037.49	6404815.67
369030.69	6404816.02
369023.89	6404816.37
369017.09	6404816.72
369010.29	6404817.07
369003.49	6404817.42
368996.69	6404817.77
368989.89	6404818.12
368983.09	6404818.47
368976.29	6404818.82
368969.49	6404819.17
368962.69	6404819.52
368955.89	6404819.87
368949.09	6404820.22
368942.29	6404820.57
368935.49	6404820.92
368928.69	6404821.27
368921.89	6404821.62
368915.09	6404821.97
368908.29	6404822.32
368908.65	6404829.09
368901.85	6404829.44
368895.05	6404829.79
368888.25	6404830.14
368881.45	6404830.49
368874.65	6404830.84
368867.85	6404831.19
368861.05	6404831.54
368854.25	6404831.89
368853.89	6404825.12
368847.09	6404825.47
368840.29	6404825.82
368833.49	6404826.17
368826.69	6404826.52
368826.33	6404819.75
368819.53	6404820.10
368819.89	6404826.87
368813.09	6404827.22
368806.29	6404827.57
368799.49	6404827.92
368792.69	6404828.27
368785.89	6404828.62
368779.09	6404828.97
368772.29	6404829.32
368765.49	6404829.67
368758.69	6404830.02
368751.89	6404830.37
368745.09	6404830.72
368738.29	6404831.07
368737.93	6404824.30
368731.13	6404824.65
368724.33	6404825.00
368717.53	6404825.35
368710.73	6404825.70
368710.37	6404818.93
368703.57	6404819.28
368696.77	6404819.63
368689.97	6404819.98
368689.61	6404813.21
368682.81	6404813.56
368676.01	6404813.91
368675.65	6404807.14
368668.85	6404807.49
368662.05	6404807.84
368655.25	6404808.19
368648.45	6404808.54
368648.09	6404801.77
368641.29	6404802.12
368634.49	6404802.47
368627.69	6404802.82
368620.89	6404803.17
368620.53	6404796.40
368613.73	6404796.75
368606.93	6404797.10
368600.13	6404797.45
368599.77	6404790.68
368592.97	6404791.03
368586.17	6404791.38
368579.37	6404791.73
368579.01	6404784.96
368572.21	6404785.31
368565.41	6404785.66
368565.05	6404778.89
368558.25	6404779.24
368551.45	6404779.59
368544.65	6404779.94
368544.29	6404773.17
368537.49	6404773.52
368530.69	6404773.87
368523.89	6404774.22
368523.53	6404767.45
368516.73	6404767.80
368509.93	6404768.15
368503.13	6404768.50
368496.33	6404768.85
368489.53	6404769.20
368489.17	6404762.43
368482.37	6404762.78
368475.57	6404763.13
368475.21	6404756.36
368468.41	6404756.71
368461.61	6404757.06
368454.81	6404757.41
368454.45	6404750.64
368447.65	6404750.99
368440.85	6404751.34
368434.05	6404751.69
368433.69	6404744.92
368426.89	6404745.27
368420.09	6404745.62
368413.29	6404745.97
368406.49	6404746.32
368406.13	6404739.55
368399.33	6404739.90
368392.53	6404740.25
368385.73	6404740.60
368385.37	6404733.83
368378.57	6404734.18
368371.77	6404734.53
368364.97	6404734.88
368358.17	6404735.23
368357.81	6404728.46
368351.01	6404728.81
368344.21	6404729.16
368337.41	6404729.51
368330.61	6404729.86
368330.25	6404723.09
368323.45	6404723.44
368316.65	6404723.79
368309.85	6404724.14
368303.05	6404724.49
368302.69	6404717.72
368295.89	6404718.07
368289.09	6404718.42
368282.29	6404718.77
368281.93	6404712.00
368275.13	6404712.35
368268.33	6404712.70
368261.53	6404713.05
368254.73	6404713.40
368254.37	6404706.63
368247.57	6404706.98
368240.77	6404707.33
368240.41	6404700.56
368233.61	6404700.91
368226.81	6404701.26
368220.01	6404701.61
368213.21	6404701.96
368212.85	6404695.19
368206.05	6404695.54
368199.25	6404695.89
368192.45	6404696.24
368192.09	6404689.47
368185.29	6404689.82
368178.49	6404690.17
368171.69	6404690.52
368171.33	6404683.75
368164.53	6404684.10
368157.73	6404684.45
368150.93	6404684.80
368150.57	6404678.03
368143.77	6404678.38
368136.97	6404678.73
368130.17	6404679.08
368129.81	6404672.31
368123.01	6404672.66
368116.21	6404673.01
368109.41	6404673.36
368109.05	6404666.59
368102.25	6404666.94
368095.45	6404667.29
368088.65	6404667.64
368088.29	6404660.87
368081.49	6404661.22
368074.69	6404661.57
368074.33	6404654.80
368067.53	6404655.15
368060.73	6404655.50
368053.93	6404655.85
368053.57	6404649.08
368046.77	6404649.43
368039.97	6404649.78
368039.61	6404643.01
368032.81	6404643.36
368026.01	6404643.71
368019.21	6404644.06
368018.85	6404637.29
368012.05	6404637.64
368005.25	6404637.99
368004.89	6404631.22
367998.09	6404631.57
367991.29	6404631.92
367990.93	6404625.15
367984.13	6404625.50
367977.33	6404625.85
367976.97	6404619.08
367970.17	6404619.43
367969.81	6404612.66
367963.01	6404613.01
367956.21	6404613.36
367955.85	6404606.59
367949.05	6404606.94
367942.25	6404607.29
367941.89	6404600.52
367935.09	6404600.87
367928.29	6404601.22
367927.93	6404594.45
367921.13	6404594.80
367914.33	6404595.15
367913.97	6404588.38
367907.17	6404588.73
367900.37	6404589.08
367900.01	6404582.31
367893.21	6404582.66
367886.41	6404583.01
367886.05	6404576.24
367879.25	6404576.59
367878.89	6404569.82
367872.09	6404570.17
367865.29	6404570.52
367864.93	6404563.75
367858.13	6404564.10
367857.77	6404557.33
367850.97	6404557.68
367844.17	6404558.03
367843.81	6404551.26
367837.01	6404551.61
367830.21	6404551.96
367829.85	6404545.19
367823.05	6404545.54
367822.69	6404538.77
367815.89	6404539.12
367809.09	6404539.47
367808.73	6404532.70
367801.93	6404533.05
367801.57	6404526.28
367794.77	6404526.63
367794.41	6404519.86
367787.61	6404520.21
367787.25	6404513.44
367780.45	6404513.79
367773.65	6404514.14
367773.29	6404507.37
367766.49	6404507.72
367766.13	6404500.95
367759.33	6404501.30
367758.97	6404494.53
367752.17	6404494.88
367751.81	6404488.11
367745.01	6404488.46
367738.21	6404488.81
367737.85	6404482.04
367731.05	6404482.39
367730.69	6404475.62
367723.89	6404475.97
367723.53	6404469.20
367716.73	6404469.55
367716.37	6404462.78
367709.57	6404463.13
367709.21	6404456.36
367702.41	6404456.71
367702.05	6404449.94
367701.69	6404443.17
367694.89	6404443.52
367688.09	6404443.87
367687.73	6404437.10
367687.37	6404430.33
367680.57	6404430.68
367680.21	6404423.91
367673.41	6404424.26
367673.05	6404417.49
367666.25	6404417.84
367665.89	6404411.07
367659.09	6404411.42
367658.73	6404404.65
367651.93	6404405.00
367651.57	6404398.23
367651.21	6404391.46
367644.41	6404391.81
367644.05	6404385.04
367637.25	6404385.39
367636.89	6404378.62
367636.53	6404371.85
367629.73	6404372.20
367629.37	6404365.43
367622.57	6404365.78
367622.21	6404359.01
367621.85	6404352.24
367615.05	6404352.59
367614.69	6404345.82
367614.33	6404339.05
367607.53	6404339.40
367607.17	6404332.63
367606.81	6404325.86
367600.01	6404326.21
367599.65	6404319.44
367599.29	6404312.67
367598.93	6404305.90
367592.13	6404306.25
367591.77	6404299.48
367591.41	6404292.71
367584.61	6404293.06
367584.25	6404286.29
367583.89	6404279.52
367583.53	6404272.75
367576.73	6404273.10
367576.37	6404266.33
367576.01	6404259.56
367569.21	6404259.91
367568.85	6404253.14
367568.49	6404246.37
367561.69	6404246.72
367561.33	6404239.95
367560.97	6404233.18
367560.61	6404226.41
367553.81	6404226.76
367553.45	6404219.99
367553.09	6404213.22
367546.29	6404213.57
367545.93	6404206.80
367545.57	6404200.03
367538.77	6404200.38
367538.41	6404193.61
367538.05	6404186.84
367531.25	6404187.19
367530.89	6404180.42
367530.53	6404173.65
367523.73	6404174.00
367523.37	6404167.23
367516.57	6404167.58
367516.21	6404160.81
367515.85	6404154.04
367515.49	6404147.27
367508.69	6404147.62
367508.33	6404140.85
367507.97	6404134.08
367507.61	6404127.31
367500.81	6404127.66
367500.45	6404120.89
367500.09	6404114.12
367499.73	6404107.35
367499.37	6404100.58
367499.01	6404093.81
367498.65	6404087.04
367498.29	6404080.27
367491.49	6404080.62
367491.13	6404073.85
367490.77	6404067.08
367490.41	6404060.31
367490.05	6404053.54
367489.69	6404046.77
367489.33	6404040.00
367488.97	6404033.23
367488.61	6404026.46
367488.25	6404019.69
367487.89	6404012.92
367487.53	6404006.15
367487.17	6403999.38
367486.81	6403992.61
367493.61	6403992.26
367493.25	6403985.49
367492.89	6403978.72
367492.53	6403971.95
367492.17	6403965.18
367491.81	6403958.41
367491.45	6403951.64
367491.09	6403944.87
367490.73	6403938.10
367490.37	6403931.33
367490.01	6403924.56
367489.65	6403917.79
367489.29	6403911.02
367488.93	6403904.25
367495.73	6403903.90
367495.37	6403897.13
367495.01	6403890.36
367494.65	6403883.59
367494.29	6403876.82
367493.93	6403870.05
367493.57	6403863.28
367493.21	6403856.51
367492.85	6403849.74
367492.49	6403842.97
367492.13	6403836.20
367491.77	6403829.43
367484.97	6403829.78
367484.61	6403823.01
367484.25	6403816.24
367483.89	6403809.47
367483.53	6403802.70
367483.17	6403795.93
367482.81	6403789.16
367482.45	6403782.39
367482.09	6403775.62
367475.29	6403775.97
367474.93	6403769.20
367474.57	6403762.43
367474.21	6403755.66
367473.85	6403748.89
367467.05	6403749.24
367466.69	6403742.47
367466.33	6403735.70
367465.97	6403728.93
367459.17	6403729.28
367458.81	6403722.51
367458.45	6403715.74
367458.09	6403708.97
367457.73	6403702.20
367450.93	6403702.55
367450.57	6403695.78
367450.21	6403689.01
367449.85	6403682.24
367443.05	6403682.59
367442.69	6403675.82
367442.33	6403669.05
367441.97	6403662.28
367441.61	6403655.51
367434.81	6403655.86
367434.45	6403649.09
367434.09	6403642.32
367433.73	6403635.55
367426.93	6403635.90
367426.57	6403629.13
367426.21	6403622.36
367425.85	6403615.59
367419.05	6403615.94
367418.69	6403609.17
367418.33	6403602.40
367411.53	6403602.75
367411.17	6403595.98
367410.81	6403589.21
367410.45	6403582.44
367403.65	6403582.79
367403.29	6403576.02
367402.93	6403569.25
367402.57	6403562.48
367402.21	6403555.71
367401.85	6403548.94
367401.49	6403542.17
367401.13	6403535.40
367394.33	6403535.75
367393.97	6403528.98
367393.61	6403522.21
367393.25	6403515.44
367392.89	6403508.67
367392.53	6403501.90
367392.17	6403495.13
367385.37	6403495.48
367385.01	6403488.71
367384.65	6403481.94
367384.29	6403475.17
367383.93	6403468.40
367383.57	6403461.63
367376.77	6403461.98
367376.41	6403455.21
367376.05	6403448.44
367375.69	6403441.67
367375.33	6403434.90
367368.53	6403435.25
367368.17	6403428.48
367367.81	6403421.71
367367.45	6403414.94
367360.65	6403415.29
367360.29	6403408.52
367359.93	6403401.75
367359.57	6403394.98
367352.77	6403395.33
367352.41	6403388.56
367352.05	6403381.79
367351.69	6403375.02
367344.89	6403375.37
367344.53	6403368.60
367344.17	6403361.83
367343.81	6403355.06
367337.01	6403355.41
367336.65	6403348.64
367336.29	6403341.87
367329.49	6403342.22
367329.13	6403335.45
367328.77	6403328.68
367328.41	6403321.91
367328.05	6403315.14
367321.25	6403315.49
367320.89	6403308.72
367320.53	6403301.95
367320.17	6403295.18
367313.37	6403295.53
367313.01	6403288.76
367312.65	6403281.99
367312.29	6403275.22
367305.49	6403275.57
367305.13	6403268.80
367304.77	6403262.03
367297.97	6403262.38
367297.61	6403255.61
367297.25	6403248.84
367290.45	6403249.19
367290.09	6403242.42
367283.29	6403242.77
367282.93	6403236.00
367282.57	6403229.23
367275.77	6403229.58
367275.41	6403222.81
367268.61	6403223.16
367268.25	6403216.39
367261.45	6403216.74
367261.09	6403209.97
367254.29	6403210.32
367253.93	6403203.55
367247.13	6403203.90
367246.77	6403197.13
367246.41	6403190.36
367239.61	6403190.71
367239.25	6403183.94
367232.45	6403184.29
367232.09	6403177.52
367225.29	6403177.87
367224.93	6403171.10
367218.13	6403171.45
367217.77	6403164.68
367210.97	6403165.03
367210.61	6403158.26
367203.81	6403158.61
367203.45	6403151.84
367196.65	6403152.19
367196.29	6403145.42
367195.93	6403138.65
367189.13	6403139.00
367188.77	6403132.23
367181.97	6403132.58
367181.61	6403125.81
367181.25	6403119.04
367174.45	6403119.39
367174.09	6403112.62
367173.73	6403105.85
367173.37	6403099.08
367166.57	6403099.43
367166.21	6403092.66
367165.85	6403085.89
367165.49	6403079.12
367158.69	6403079.47
367158.33	6403072.70
367157.97	6403065.93
367157.61	6403059.16
367150.81	6403059.51
367150.45	6403052.74
367150.09	6403045.97
367143.29	6403046.32
367142.93	6403039.55
367142.57	6403032.78
367135.77	6403033.13
367135.41	6403026.36
367135.05	6403019.59
367134.69	6403012.82
367127.89	6403013.17
367127.53	6403006.40
367127.17	6402999.63
367120.37	6402999.98
367120.01	6402993.21
367119.65	6402986.44
367112.85	6402986.79
367112.49	6402980.02
367112.13	6402973.25
367105.33	6402973.60
367104.97	6402966.83
367104.61	6402960.06
367097.81	6402960.41
367097.45	6402953.64
367097.09	6402946.87
367090.29	6402947.22
367089.93	6402940.45
367083.13	6402940.80
367082.77	6402934.03
367082.41	6402927.26
367075.61	6402927.61
367075.25	6402920.84
367068.45	6402921.19
367068.09	6402914.42
367067.73	6402907.65
367060.93	6402908.00
367060.57	6402901.23
367053.77	6402901.58
367053.41	6402894.81
367046.61	6402895.16
367046.25	6402888.39
367045.89	6402881.62
367039.09	6402881.97
367038.73	6402875.20
367031.93	6402875.55
367031.57	6402868.78
367024.77	6402869.13
367024.41	6402862.36
367017.61	6402862.71
367017.25	6402855.94
367016.89	6402849.17
367010.09	6402849.52
367009.73	6402842.75
367009.37	6402835.98
367002.57	6402836.33
367002.21	6402829.56
367001.85	6402822.79
366995.05	6402823.14
366994.69	6402816.37
366994.33	6402809.60
366987.53	6402809.95
366987.17	6402803.18
366986.81	6402796.41
366980.01	6402796.76
366979.65	6402789.99
366972.85	6402790.34
366972.49	6402783.57
366972.13	6402776.80
366965.33	6402777.15
366964.97	6402770.38
366964.61	6402763.61
366957.81	6402763.96
366957.45	6402757.19
366957.09	6402750.42
366950.29	6402750.77
366949.93	6402744.00
366949.57	6402737.23
366942.77	6402737.58
366942.41	6402730.81
366942.05	6402724.04
366935.25	6402724.39
366934.89	6402717.62
366928.09	6402717.97
366927.73	6402711.20
366920.93	6402711.55
366920.57	6402704.78
366920.21	6402698.01
366913.41	6402698.36
366913.05	6402691.59
366906.25	6402691.94
366905.89	6402685.17
366899.09	6402685.52
366898.73	6402678.75
366898.37	6402671.98
366891.57	6402672.33
366891.21	6402665.56
366884.41	6402665.91
366884.05	6402659.14
366877.25	6402659.49
366876.89	6402652.72
366870.09	6402653.07
366869.73	6402646.30
366862.93	6402646.65
366862.57	6402639.88
366855.77	6402640.23
366855.41	6402633.46
366848.61	6402633.81
366848.25	6402627.04
366841.45	6402627.39
366841.09	6402620.62
366834.29	6402620.97
366833.93	6402614.20
366833.57	6402607.43
366826.77	6402607.78
366826.41	6402601.01
366826.05	6402594.24
366825.69	6402587.47
366825.33	6402580.70
366818.53	6402581.05
366818.17	6402574.28
366817.81	6402567.51
366817.45	6402560.74
366817.09	6402553.97
366816.73	6402547.20
366816.37	6402540.43
366816.01	6402533.66
366809.21	6402534.01
366808.85	6402527.24
366808.49	6402520.47
366808.13	6402513.70
366801.33	6402514.05
366800.97	6402507.28
366800.61	6402500.51
366800.25	6402493.74
366793.45	6402494.09
366793.09	6402487.32
366792.73	6402480.55
366785.93	6402480.90
366785.57	6402474.13
366785.21	6402467.36
366784.85	6402460.59
366784.49	6402453.82
366777.69	6402454.17
366777.33	6402447.40
366776.97	6402440.63
366776.61	6402433.86
366769.81	6402434.21
366769.45	6402427.44
366769.09	6402420.67
366762.29	6402421.02
366761.93	6402414.25
366761.57	6402407.48
366761.21	6402400.71
366754.41	6402401.06
366754.05	6402394.29
366753.69	6402387.52
366753.33	6402380.75
366752.97	6402373.98
366752.61	6402367.21
366745.81	6402367.56
366745.45	6402360.79
366745.09	6402354.02
366744.73	6402347.25
366744.37	6402340.48
366744.01	6402333.71
366743.65	6402326.94
366750.45	6402326.59
366750.09	6402319.82
366743.29	6402320.17
366742.93	6402313.40
366742.57	6402306.63
366742.21	6402299.86
366741.85	6402293.09
366741.49	6402286.32
366734.69	6402286.67
366734.33	6402279.90
366733.97	6402273.13
366733.61	6402266.36
366733.25	6402259.59
366726.45	6402259.94
366726.09	6402253.17
366725.73	6402246.40
366725.37	6402239.63
366718.57	6402239.98
366718.21	6402233.21
366717.85	6402226.44
366717.49	6402219.67
366717.13	6402212.90
366716.77	6402206.13
366709.97	6402206.48
366709.61	6402199.71
366709.25	6402192.94
366708.89	6402186.17
366708.53	6402179.40
366708.17	6402172.63
366707.81	6402165.86
366707.45	6402159.09
366707.09	6402152.32
366700.29	6402152.67
366699.93	6402145.90
366699.57	6402139.13
366699.21	6402132.36
366698.85	6402125.59
366698.49	6402118.82
366698.13	6402112.05
366697.77	6402105.28
366697.41	6402098.51
366697.05	6402091.74
366696.69	6402084.97
366696.33	6402078.20
366703.13	6402077.85
366702.77	6402071.08
366695.97	6402071.43
366695.61	6402064.66
366695.25	6402057.89
366694.89	6402051.12
366694.53	6402044.35
366694.17	6402037.58
366700.97	6402037.23
366700.61	6402030.46
366700.25	6402023.69
366699.89	6402016.92
366699.53	6402010.15
366699.17	6402003.38
366698.81	6401996.61
366698.45	6401989.84
366691.65	6401990.19
366691.29	6401983.42
366690.93	6401976.65
366690.57	6401969.88
366690.21	6401963.11
366689.85	6401956.34
366689.49	6401949.57
366689.13	6401942.80
366688.77	6401936.03
366688.41	6401929.26
366688.05	6401922.49
366694.85	6401922.14
366694.49	6401915.37
366694.13	6401908.60
366693.77	6401901.83
366693.41	6401895.06
366700.21	6401894.71
366699.85	6401887.94
366699.49	6401881.17
366699.13	6401874.40
366698.77	6401867.63
366698.41	6401860.86
366698.05	6401854.09
366704.85	6401853.74
366704.49	6401846.97
366704.13	6401840.20
366703.77	6401833.43
366703.41	6401826.66
366703.05	6401819.89
366702.69	6401813.12
366702.33	6401806.35
366701.97	6401799.58
366701.61	6401792.81
366701.25	6401786.04
366700.89	6401779.27
366700.53	6401772.50
366707.33	6401772.15
366706.97	6401765.38
366706.61	6401758.61
366706.25	6401751.84
366705.89	6401745.07
366705.53	6401738.30
366705.17	6401731.53
366704.81	6401724.76
366704.45	6401717.99
366704.09	6401711.22
366703.73	6401704.45
366703.37	6401697.68
366703.01	6401690.91
366702.65	6401684.14
366709.45	6401683.79
366709.09	6401677.02
366708.73	6401670.25
366708.37	6401663.48
366708.01	6401656.71
366707.65	6401649.94
366707.29	6401643.17
366706.93	6401636.40
366706.57	6401629.63
366706.21	6401622.86
366705.85	6401616.09
366705.49	6401609.32
366705.13	6401602.55
366704.77	6401595.78
366704.41	6401589.01
366704.05	6401582.24
366703.69	6401575.47
366703.33	6401568.70
366702.97	6401561.93
366702.61	6401555.16
366702.25	6401548.39
366701.89	6401541.62
366701.53	6401534.85
366701.17	6401528.08
366700.81	6401521.31
366700.45	6401514.54
366700.09	6401507.77
366699.73	6401501.00
366699.37	6401494.23
366699.01	6401487.46
366698.65	6401480.69
366698.29	6401473.92
366691.49	6401474.27
366691.13	6401467.50
366684.33	6401467.85
366683.97	6401461.08
366683.61	6401454.31
366683.25	6401447.54
366682.89	6401440.77
366682.53	6401434.00
366682.17	6401427.23
366681.81	6401420.46
366681.45	6401413.69
366681.09	6401406.92
366680.73	6401400.15
366680.37	6401393.38
366680.01	6401386.61
366679.65	6401379.84
366679.29	6401373.07
366678.93	6401366.30
366678.57	6401359.53
366678.21	6401352.76
366677.85	6401345.99
366677.49	6401339.22
366677.13	6401332.45
366676.77	6401325.68
366676.41	6401318.91
366676.05	6401312.14
366675.69	6401305.37
366682.49	6401305.02
366682.13	6401298.25
366681.77	6401291.48
366681.41	6401284.71
366681.05	6401277.94
366680.69	6401271.17
366680.33	6401264.40
366687.13	6401264.05
366686.77	6401257.28
366686.41	6401250.51
366686.05	6401243.74
366692.85	6401243.39
366692.49	6401236.62
366699.29	6401236.27
366698.93	6401229.50
366698.57	6401222.73
366698.21	6401215.96
366697.85	6401209.19
366697.49	6401202.42
366704.29	6401202.07
366703.93	6401195.30
366703.57	6401188.53
366703.21	6401181.76
366702.85	6401174.99
366702.49	6401168.22
366702.13	6401161.45
366701.77	6401154.68
366701.41	6401147.91
366701.05	6401141.14
366700.69	6401134.37
366707.49	6401134.02
366707.13	6401127.25
366706.77	6401120.48
366706.41	6401113.71
366706.05	6401106.94
366705.69	6401100.17
366705.33	6401093.40
366704.97	6401086.63
366711.77	6401086.28
366711.41	6401079.51
366711.05	6401072.74
366710.69	6401065.97
366710.33	6401059.20
366709.97	6401052.43
366709.61	6401045.66
366716.41	6401045.31
366716.05	6401038.54
366715.69	6401031.77
366715.33	6401025.00
366714.97	6401018.23
366714.61	6401011.46
366714.25	6401004.69
366713.89	6400997.92
366713.53	6400991.15
366713.17	6400984.38
366712.81	6400977.61
366719.61	6400977.26
366719.25	6400970.49
366718.89	6400963.72
366718.53	6400956.95
366718.17	6400950.18
366717.81	6400943.41
366717.45	6400936.64
366717.09	6400929.87
366716.73	6400923.10
366716.37	6400916.33
366716.01	6400909.56
366722.81	6400909.21
366722.45	6400902.44
366722.09	6400895.67
366721.73	6400888.90
366721.37	6400882.13
366721.01	6400875.36
366720.65	6400868.59
366720.29	6400861.82
366719.93	6400855.05
366719.57	6400848.28
366726.37	6400847.93
366726.01	6400841.16
366725.65	6400834.39
366725.29	6400827.62
366724.93	6400820.85
366724.57	6400814.08
366724.21	6400807.31
366723.85	6400800.54
366723.49	6400793.77
366723.13	6400787.00
366722.77	6400780.23
366722.41	6400773.46
366722.05	6400766.69
366721.69	6400759.92
366721.33	6400753.15
366720.97	6400746.38
366720.61	6400739.61
366720.25	6400732.84
366719.89	6400726.07
366719.53	6400719.30
366719.17	6400712.53
366718.81	6400705.76
366718.45	6400698.99
366718.09	6400692.22
366724.89	6400691.87
366724.53	6400685.10
366724.17	6400678.33
366723.81	6400671.56
366723.45	6400664.79
366723.09	6400658.02
366722.73	6400651.25
366722.37	6400644.48
366722.01	6400637.71
366721.65	6400630.94
366721.29	6400624.17
366720.93	6400617.40
366720.57	6400610.63
366720.21	6400603.86
366719.85	6400597.09
366719.49	6400590.32
366719.13	6400583.55
366718.77	6400576.78
366718.41	6400570.01
366718.05	6400563.24
366717.69	6400556.47
366717.33	6400549.70
366716.97	6400542.93
366716.61	6400536.16
366716.25	6400529.39
366715.89	6400522.62
366715.53	6400515.85
366715.17	6400509.08
366714.81	6400502.31
366714.45	6400495.54
366714.09	6400488.77
366713.73	6400482.00
366713.37	6400475.23
366713.01	6400468.46
366712.65	6400461.69
366712.29	6400454.92
366711.93	6400448.15
366711.57	6400441.38
366711.21	6400434.61
366710.85	6400427.84
366704.05	6400428.19
366703.69	6400421.42
366703.33	6400414.65
366702.97	6400407.88
366702.61	6400401.11
366702.25	6400394.34
366701.89	6400387.57
366701.53	6400380.80
366701.17	6400374.03
366700.81	6400367.26
366700.45	6400360.49
366700.09	6400353.72
366693.29	6400354.07
366686.49	6400354.42
366686.13	6400347.65
366679.33	6400348.00
366678.97	6400341.23
366678.61	6400334.46
366678.25	6400327.69
366677.89	6400320.92
366677.53	6400314.15
366677.17	6400307.38
366676.81	6400300.61
366676.45	6400293.84
366676.09	6400287.07
366675.73	6400280.30
366675.37	6400273.53
366682.17	6400273.18
366681.81	6400266.41
366681.45	6400259.64
366674.65	6400259.99
366674.29	6400253.22
366673.93	6400246.45
366673.57	6400239.68
366673.21	6400232.91
366672.85	6400226.14
366672.49	6400219.37
366672.13	6400212.60
366665.33	6400212.95
366664.97	6400206.18
366664.61	6400199.41
366664.25	6400192.64
366663.89	6400185.87
366663.53	6400179.10
366663.17	6400172.33
366662.81	6400165.56
366662.45	6400158.79
366655.65	6400159.14
366655.29	6400152.37
366654.93	6400145.60
366654.57	6400138.83
366654.21	6400132.06
366653.85	6400125.29
366653.49	6400118.52
366653.13	6400111.75
366652.77	6400104.98
366645.97	6400105.33
366645.61	6400098.56
366645.25	6400091.79
366644.89	6400085.02
366644.53	6400078.25
366644.17	6400071.48
366643.81	6400064.71
366643.45	6400057.94
366636.65	6400058.29
366636.29	6400051.52
366635.93	6400044.75
366635.57	6400037.98
366635.21	6400031.21
366634.85	6400024.44
366634.49	6400017.67
366634.13	6400010.90
366633.77	6400004.13
366633.41	6399997.36
366633.05	6399990.59
366626.25	6399990.94
366625.89	6399984.17
366625.53	6399977.40
366625.17	6399970.63
366624.81	6399963.86
366624.45	6399957.09
366624.09	6399950.32
366623.73	6399943.55
366623.37	6399936.78
366623.01	6399930.01
366622.65	6399923.24
366622.29	6399916.47
366621.93	6399909.70
366621.57	6399902.93
366614.77	6399903.28
366614.41	6399896.51
366614.05	6399889.74
366613.69	6399882.97
366613.33	6399876.20
366612.97	6399869.43
366612.61	6399862.66
366612.25	6399855.89
366611.89	6399849.12
366611.53	6399842.35
366611.17	6399835.58
366610.81	6399828.81
366610.45	6399822.04
366610.09	6399815.27
366603.29	6399815.62
366602.93	6399808.85
366602.57	6399802.08
366602.21	6399795.31
366601.85	6399788.54
366601.49	6399781.77
366601.13	6399775.00
366600.77	6399768.23
366600.41	6399761.46
366600.05	6399754.69
366599.69	6399747.92
366599.33	6399741.15
366592.53	6399741.50
366592.17	6399734.73
366591.81	6399727.96
366591.45	6399721.19
366591.09	6399714.42
366590.73	6399707.65
366590.37	6399700.88
366590.01	6399694.11
366589.65	6399687.34
366589.29	6399680.57
366588.93	6399673.80
366588.57	6399667.03
366588.21	6399660.26
366587.85	6399653.49
366587.49	6399646.72
366587.13	6399639.95
366586.77	6399633.18
366586.41	6399626.41
366579.61	6399626.76
366579.25	6399619.99
366578.89	6399613.22
366578.53	6399606.45
366578.17	6399599.68
366577.81	6399592.91
366577.45	6399586.14
366570.65	6399586.49
366570.29	6399579.72
366569.93	6399572.95
366569.57	6399566.18
366569.21	6399559.41
366568.85	6399552.64
366568.49	6399545.87
366561.69	6399546.22
366561.33	6399539.45
366560.97	6399532.68
366560.61	6399525.91
366560.25	6399519.14
366559.89	6399512.37
366553.09	6399512.72
366552.73	6399505.95
366552.37	6399499.18
366552.01	6399492.41
366551.65	6399485.64
366544.85	6399485.99
366544.49	6399479.22
366544.13	6399472.45
366543.77	6399465.68
366536.97	6399466.03
366536.61	6399459.26
366536.25	6399452.49
366535.89	6399445.72
366535.53	6399438.95
366528.73	6399439.30
366528.37	6399432.53
366528.01	6399425.76
366527.65	6399418.99
366527.29	6399412.22
366526.93	6399405.45
366520.13	6399405.80
366519.77	6399399.03
366519.41	6399392.26
366519.05	6399385.49
366518.69	6399378.72
366511.89	6399379.07
366511.53	6399372.30
366511.17	6399365.53
366510.81	6399358.76
366504.01	6399359.11
366503.65	6399352.34
366503.29	6399345.57
366502.93	6399338.80
366502.57	6399332.03
366495.77	6399332.38
366495.41	6399325.61
366495.05	6399318.84
366494.69	6399312.07
366487.89	6399312.42
366487.53	6399305.65
366487.17	6399298.88
366486.81	6399292.11
366486.45	6399285.34
366479.65	6399285.69
366479.29	6399278.92
366478.93	6399272.15
366478.57	6399265.38
366478.21	6399258.61
366471.41	6399258.96
366471.05	6399252.19
366470.69	6399245.42
366470.33	6399238.65
366469.97	6399231.88
366463.17	6399232.23
366462.81	6399225.46
366462.45	6399218.69
366462.09	6399211.92
366455.29	6399212.27
366454.93	6399205.50
366454.57	6399198.73
366454.21	6399191.96
366447.41	6399192.31
366447.05	6399185.54
366446.69	6399178.77
366439.89	6399179.12
366439.53	6399172.35
366439.17	6399165.58
366438.81	6399158.81
366432.01	6399159.16
366431.65	6399152.39
366431.29	6399145.62
366430.93	6399138.85
366424.13	6399139.20
366423.77	6399132.43
366423.41	6399125.66
366423.05	6399118.89
366416.25	6399119.24
366415.89	6399112.47
366415.53	6399105.70
366408.73	6399106.05
366408.37	6399099.28
366408.01	6399092.51
366407.65	6399085.74
366400.85	6399086.09
366400.49	6399079.32
366400.13	6399072.55
366399.77	6399065.78
366392.97	6399066.13
366392.61	6399059.36
366392.25	6399052.59
366391.89	6399045.82
366385.09	6399046.17
366384.73	6399039.40
366384.37	6399032.63
366384.01	6399025.86
366377.21	6399026.21
366376.85	6399019.44
366376.49	6399012.67
366376.13	6399005.90
366369.33	6399006.25
366368.97	6398999.48
366368.61	6398992.71
366368.25	6398985.94
366361.45	6398986.29
366361.09	6398979.52
366360.73	6398972.75
366353.93	6398973.10
366353.57	6398966.33
366353.21	6398959.56
366352.85	6398952.79
366346.05	6398953.14
366345.69	6398946.37
366345.33	6398939.60
366338.53	6398939.95
366338.17	6398933.18
366337.81	6398926.41
366337.45	6398919.64
366330.65	6398919.99
366330.29	6398913.22
366329.93	6398906.45
366323.13	6398906.80
366322.77	6398900.03
366322.41	6398893.26
366322.05	6398886.49
366321.69	6398879.72
366314.89	6398880.07
366314.53	6398873.30
366314.17	6398866.53
366307.37	6398866.88
366307.01	6398860.11
366306.65	6398853.34
366306.29	6398846.57
366299.49	6398846.92
366299.13	6398840.15
366298.77	6398833.38
366291.97	6398833.73
366291.61	6398826.96
366291.25	6398820.19
366290.89	6398813.42
366284.09	6398813.77
366283.73	6398807.00
366283.37	6398800.23
366276.57	6398800.58
366276.21	6398793.81
366275.85	6398787.04
366269.05	6398787.39
366268.69	6398780.62
366268.33	6398773.85
366261.53	6398774.20
366261.17	6398767.43
366260.81	6398760.66
366254.01	6398761.01
366253.65	6398754.24
366253.29	6398747.47
366246.49	6398747.82
366246.13	6398741.05
366245.77	6398734.28
366238.97	6398734.63
366238.61	6398727.86
366238.25	6398721.09
366237.89	6398714.32
366231.09	6398714.67
366230.73	6398707.90
366230.37	6398701.13
366223.57	6398701.48
366223.21	6398694.71
366222.85	6398687.94
366222.49	6398681.17
366215.69	6398681.52
366215.33	6398674.75
366208.53	6398675.10
366208.17	6398668.33
366207.81	6398661.56
366207.45	6398654.79
366200.65	6398655.14
366200.29	6398648.37
366199.93	6398641.60
366193.13	6398641.95
366192.77	6398635.18
366192.41	6398628.41
366185.61	6398628.76
366185.25	6398621.99
366184.89	6398615.22
366184.53	6398608.45
366177.73	6398608.80
366177.37	6398602.03
366177.01	6398595.26
366170.21	6398595.61
366169.85	6398588.84
366169.49	6398582.07
366162.69	6398582.42
366162.33	6398575.65
366161.97	6398568.88
366155.17	6398569.23
366154.81	6398562.46
366154.45	6398555.69
366154.09	6398548.92
366147.29	6398549.27
366146.93	6398542.50
366146.57	6398535.73
366139.77	6398536.08
366139.41	6398529.31
366139.05	6398522.54
366132.25	6398522.89
366131.89	6398516.12
366131.53	6398509.35
366124.73	6398509.70
366124.37	6398502.93
366124.01	6398496.16
366117.21	6398496.51
366116.85	6398489.74
366116.49	6398482.97
366116.13	6398476.20
366109.33	6398476.55
366108.97	6398469.78
366108.61	6398463.01
366108.25	6398456.24
366101.45	6398456.59
366101.09	6398449.82
366100.73	6398443.05
366100.37	6398436.28
366093.57	6398436.63
366093.21	6398429.86
366092.85	6398423.09
366092.49	6398416.32
366085.69	6398416.67
366085.33	6398409.90
366084.97	6398403.13
366084.61	6398396.36
366077.81	6398396.71
366077.45	6398389.94
366077.09	6398383.17
366076.73	6398376.40
366069.93	6398376.75
366069.57	6398369.98
366069.21	6398363.21
366068.85	6398356.44
366062.05	6398356.79
366061.69	6398350.02
366061.33	6398343.25
366060.97	6398336.48
366054.17	6398336.83
366053.81	6398330.06
366053.45	6398323.29
366053.09	6398316.52
366046.29	6398316.87
366045.93	6398310.10
366045.57	6398303.33
366045.21	6398296.56
366044.85	6398289.79
366038.05	6398290.14
366037.69	6398283.37
366037.33	6398276.60
366030.53	6398276.95
366030.17	6398270.18
366029.81	6398263.41
366029.45	6398256.64
366022.65	6398256.99
366022.29	6398250.22
366021.93	6398243.45
366021.57	6398236.68
366014.77	6398237.03
366014.41	6398230.26
366014.05	6398223.49
366007.25	6398223.84
366006.89	6398217.07
366006.53	6398210.30
366006.17	6398203.53
365999.37	6398203.88
365999.01	6398197.11
365998.65	6398190.34
365991.85	6398190.69
365991.49	6398183.92
365991.13	6398177.15
365990.77	6398170.38
365983.97	6398170.73
365983.61	6398163.96
365983.25	6398157.19
365976.45	6398157.54
365976.09	6398150.77
365975.73	6398144.00
365975.37	6398137.23
365968.57	6398137.58
365968.21	6398130.81
365967.85	6398124.04
365961.05	6398124.39
365960.69	6398117.62
365960.33	6398110.85
365953.53	6398111.20
365953.17	6398104.43
365952.81	6398097.66
365946.01	6398098.01
365945.65	6398091.24
365945.29	6398084.47
365938.49	6398084.82
365938.13	6398078.05
365931.33	6398078.40
365930.97	6398071.63
365930.61	6398064.86
365923.81	6398065.21
365923.45	6398058.44
365923.09	6398051.67
365922.73	6398044.90
365915.93	6398045.25
365915.57	6398038.48
365915.21	6398031.71
365914.85	6398024.94
365914.49	6398018.17
365914.13	6398011.40
365913.77	6398004.63
365913.41	6397997.86
365920.21	6397997.51
365919.85	6397990.74
365919.49	6397983.97
365926.29	6397983.62
365925.93	6397976.85
365932.73	6397976.50
365932.37	6397969.73
365939.17	6397969.38
365938.81	6397962.61
365945.61	6397962.26
365945.25	6397955.49
365952.05	6397955.14
365958.85	6397954.79
365958.49	6397948.02
365965.29	6397947.67
365964.93	6397940.90
365971.73	6397940.55
365971.37	6397933.78
365978.17	6397933.43
365977.81	6397926.66
365977.45	6397919.89
365977.09	6397913.12
365983.89	6397912.77
365983.53	6397906.00
365983.17	6397899.23
365982.81	6397892.46
365982.45	6397885.69
365975.65	6397886.04
365975.29	6397879.27
365974.93	6397872.50
365974.57	6397865.73
365967.77	6397866.08
365967.41	6397859.31
365967.05	6397852.54
365966.69	6397845.77
365959.89	6397846.12
365959.53	6397839.35
365959.17	6397832.58
365952.37	6397832.93
365952.01	6397826.16
365951.65	6397819.39
365944.85	6397819.74
365944.49	6397812.97
365944.13	6397806.20
365937.33	6397806.55
365936.97	6397799.78
365936.61	6397793.01
365936.25	6397786.24
365929.45	6397786.59
365929.09	6397779.82
365922.29	6397780.17
365921.93	6397773.40
365921.57	6397766.63
365914.77	6397766.98
365914.41	6397760.21
365914.05	6397753.44
365907.25	6397753.79
365906.89	6397747.02
365906.53	6397740.25
365899.73	6397740.60
365899.37	6397733.83
365899.01	6397727.06
365892.21	6397727.41
365891.85	6397720.64
365885.05	6397720.99
365884.69	6397714.22
365884.33	6397707.45
365877.53	6397707.80
365877.17	6397701.03
365876.81	6397694.26
365870.01	6397694.61
365869.65	6397687.84
365862.85	6397688.19
365862.49	6397681.42
365862.13	6397674.65
365855.33	6397675.00
365854.97	6397668.23
365854.61	6397661.46
365847.81	6397661.81
365847.45	6397655.04
365840.65	6397655.39
365840.29	6397648.62
365839.93	6397641.85
365833.13	6397642.20
365832.77	6397635.43
365825.97	6397635.78
365825.61	6397629.01
365825.25	6397622.24
365818.45	6397622.59
365818.09	6397615.82
365817.73	6397609.05
365810.93	6397609.40
365810.57	6397602.63
365803.77	6397602.98
365803.41	6397596.21
365803.05	6397589.44
365796.25	6397589.79
365795.89	6397583.02
365789.09	6397583.37
365788.73	6397576.60
365788.37	6397569.83
365781.57	6397570.18
365781.21	6397563.41
365780.85	6397556.64
365774.05	6397556.99
365773.69	6397550.22
365766.89	6397550.57
365766.53	6397543.80
365766.17	6397537.03
365759.37	6397537.38
365759.01	6397530.61
365758.65	6397523.84
365751.85	6397524.19
365751.49	6397517.42
365744.69	6397517.77
365744.33	6397511.00
365743.97	6397504.23
365737.17	6397504.58
365736.81	6397497.81
365730.01	6397498.16
365729.65	6397491.39
365729.29	6397484.62
365722.49	6397484.97
365722.13	6397478.20
365715.33	6397478.55
365714.97	6397471.78
365714.61	6397465.01
365707.81	6397465.36
365707.45	6397458.59
365707.09	6397451.82
365700.29	6397452.17
365699.93	6397445.40
365693.13	6397445.75
365692.77	6397438.98
365692.41	6397432.21
365685.61	6397432.56
365685.25	6397425.79
365684.89	6397419.02
365678.09	6397419.37
365677.73	6397412.60
365670.93	6397412.95
365670.57	6397406.18
365670.21	6397399.41
365663.41	6397399.76
365663.05	6397392.99
365662.69	6397386.22
365655.89	6397386.57
365655.53	6397379.80
365655.17	6397373.03
365648.37	6397373.38
365648.01	6397366.61
365641.21	6397366.96
365640.85	6397360.19
365640.49	6397353.42
365633.69	6397353.77
365633.33	6397347.00
365632.97	6397340.23
365632.61	6397333.46
365625.81	6397333.81
365625.45	6397327.04
365618.65	6397327.39
365618.29	6397320.62
365617.93	6397313.85
365617.57	6397307.08
365610.77	6397307.43
365610.41	6397300.66
365610.05	6397293.89
365603.25	6397294.24
365602.89	6397287.47
365602.53	6397280.70
365595.73	6397281.05
365595.37	6397274.28
365595.01	6397267.51
365588.21	6397267.86
365587.85	6397261.09
365587.49	6397254.32
365580.69	6397254.67
365580.33	6397247.90
365579.97	6397241.13
365573.17	6397241.48
365572.81	6397234.71
365572.45	6397227.94
365572.09	6397221.17
365565.29	6397221.52
365564.93	6397214.75
365564.57	6397207.98
365557.77	6397208.33
365557.41	6397201.56
365557.05	6397194.79
365556.69	6397188.02
365549.89	6397188.37
365549.53	6397181.60
365549.17	6397174.83
365542.37	6397175.18
365542.01	6397168.41
365541.65	6397161.64
365534.85	6397161.99
365534.49	6397155.22
365534.13	6397148.45
365533.77	6397141.68
365526.97	6397142.03
365526.61	6397135.26
365526.25	6397128.49
365519.45	6397128.84
365519.09	6397122.07
365518.73	6397115.30
365518.37	6397108.53
365511.57	6397108.88
365511.21	6397102.11
365510.85	6397095.34
365504.05	6397095.69
365503.69	6397088.92
365503.33	6397082.15
365502.97	6397075.38
365496.17	6397075.73
365495.81	6397068.96
365495.45	6397062.19
365488.65	6397062.54
365488.29	6397055.77
365487.93	6397049.00
365481.13	6397049.35
365480.77	6397042.58
365480.41	6397035.81
365480.05	6397029.04
365473.25	6397029.39
365472.89	6397022.62
365472.53	6397015.85
365465.73	6397016.20
365465.37	6397009.43
365465.01	6397002.66
365464.65	6396995.89
365457.85	6396996.24
365457.49	6396989.47
365457.13	6396982.70
365450.33	6396983.05
365449.97	6396976.28
365449.61	6396969.51
365449.25	6396962.74
365442.45	6396963.09
365442.09	6396956.32
365441.73	6396949.55
365434.93	6396949.90
365434.57	6396943.13
365434.21	6396936.36
365433.85	6396929.59
365427.05	6396929.94
365426.69	6396923.17
365426.33	6396916.40
365419.53	6396916.75
365419.17	6396909.98
365418.81	6396903.21
365418.45	6396896.44
365411.65	6396896.79
365411.29	6396890.02
365410.93	6396883.25
365404.13	6396883.60
365403.77	6396876.83
365403.41	6396870.06
365396.61	6396870.41
365396.25	6396863.64
365395.89	6396856.87
365395.53	6396850.10
365388.73	6396850.45
365388.37	6396843.68
365388.01	6396836.91
365381.21	6396837.26
365380.85	6396830.49
365380.49	6396823.72
365373.69	6396824.07
365373.33	6396817.30
365372.97	6396810.53
365366.17	6396810.88
365365.81	6396804.11
365365.45	6396797.34
365358.65	6396797.69
365358.29	6396790.92
365357.93	6396784.15
365351.13	6396784.50
365350.77	6396777.73
365350.41	6396770.96
365343.61	6396771.31
365343.25	6396764.54
365342.89	6396757.77
365342.53	6396751.00
365335.73	6396751.35
365335.37	6396744.58
365335.01	6396737.81
365328.21	6396738.16
365327.85	6396731.39
365327.49	6396724.62
365320.69	6396724.97
365320.33	6396718.20
365319.97	6396711.43
365313.17	6396711.78
365312.81	6396705.01
365312.45	6396698.24
365305.65	6396698.59
365305.29	6396691.82
365304.93	6396685.05
365298.13	6396685.40
365297.77	6396678.63
365297.41	6396671.86
365297.05	6396665.09
365290.25	6396665.44
365289.89	6396658.67
365289.53	6396651.90
365282.73	6396652.25
365282.37	6396645.48
365282.01	6396638.71
365281.65	6396631.94
365274.85	6396632.29
365274.49	6396625.52
365274.13	6396618.75
365267.33	6396619.10
365266.97	6396612.33
365266.61	6396605.56
365266.25	6396598.79
365259.45	6396599.14
365259.09	6396592.37
365258.73	6396585.60
365251.93	6396585.95
365251.57	6396579.18
365251.21	6396572.41
365250.85	6396565.64
365244.05	6396565.99
365243.69	6396559.22
365243.33	6396552.45
365236.53	6396552.80
365236.17	6396546.03
365235.81	6396539.26
365235.45	6396532.49
365228.65	6396532.84
365228.29	6396526.07
365227.93	6396519.30
365221.13	6396519.65
365220.77	6396512.88
365220.41	6396506.11
365213.61	6396506.46
365213.25	6396499.69
365212.89	6396492.92
365212.53	6396486.15
365205.73	6396486.50
365205.37	6396479.73
365205.01	6396472.96
365198.21	6396473.31
365197.85	6396466.54
365197.49	6396459.77
365197.13	6396453.00
365190.33	6396453.35
365189.97	6396446.58
365189.61	6396439.81
365182.81	6396440.16
365182.45	6396433.39
365182.09	6396426.62
365175.29	6396426.97
365174.93	6396420.20
365174.57	6396413.43
365174.21	6396406.66
365173.85	6396399.89
365167.05	6396400.24
365166.69	6396393.47
365166.33	6396386.70
365159.53	6396387.05
365159.17	6396380.28
365158.81	6396373.51
365158.45	6396366.74
365151.65	6396367.09
365151.29	6396360.32
365150.93	6396353.55
365144.13	6396353.90
365143.77	6396347.13
365143.41	6396340.36
365143.05	6396333.59
365142.69	6396326.82
365135.89	6396327.17
365135.53	6396320.40
365135.17	6396313.63
365134.81	6396306.86
365128.01	6396307.21
365127.65	6396300.44
365127.29	6396293.67
365126.93	6396286.90
365120.13	6396287.25
365119.77	6396280.48
365119.41	6396273.71
365119.05	6396266.94
365118.69	6396260.17
365111.89	6396260.52
365111.53	6396253.75
365104.73	6396254.10
365104.37	6396247.33
365104.01	6396240.56
365103.65	6396233.79
365103.29	6396227.02
365096.49	6396227.37
365096.13	6396220.60
365095.77	6396213.83
365095.41	6396207.06
365088.61	6396207.41
365088.25	6396200.64
365087.89	6396193.87
365081.09	6396194.22
365080.73	6396187.45
365080.37	6396180.68
365080.01	6396173.91
365073.21	6396174.26
365072.85	6396167.49
365072.49	6396160.72
365072.13	6396153.95
365065.33	6396154.30
365064.97	6396147.53
365064.61	6396140.76
365064.25	6396133.99
365057.45	6396134.34
365057.09	6396127.57
365056.73	6396120.80
365056.37	6396114.03
365049.57	6396114.38
365049.21	6396107.61
365048.85	6396100.84
365048.49	6396094.07
365041.69	6396094.42
365041.33	6396087.65
365040.97	6396080.88
365040.61	6396074.11
365033.81	6396074.46
365033.45	6396067.69
365033.09	6396060.92
365032.73	6396054.15
365025.93	6396054.50
365025.57	6396047.73
365025.21	6396040.96
365024.85	6396034.19
365018.05	6396034.54
365017.69	6396027.77
365017.33	6396021.00
365010.53	6396021.35
365010.17	6396014.58
365009.81	6396007.81
365009.45	6396001.04
365002.65	6396001.39
365002.29	6395994.62
365001.93	6395987.85
365001.57	6395981.08
364994.77	6395981.43
364994.41	6395974.66
364994.05	6395967.89
364987.25	6395968.24
364986.89	6395961.47
364986.53	6395954.70
364986.17	6395947.93
364979.37	6395948.28
364979.01	6395941.51
364978.65	6395934.74
364978.29	6395927.97
364971.49	6395928.32
364971.13	6395921.55
364970.77	6395914.78
364970.41	6395908.01
364970.05	6395901.24
364963.25	6395901.59
364962.89	6395894.82
364962.53	6395888.05
364955.73	6395888.40
364955.37	6395881.63
364955.01	6395874.86
364948.21	6395875.21
364947.85	6395868.44
364947.49	6395861.67
364947.13	6395854.90
364940.33	6395855.25
364939.97	6395848.48
364939.61	6395841.71
364932.81	6395842.06
364932.45	6395835.29
364932.09	6395828.52
364931.73	6395821.75
364924.93	6395822.10
364924.57	6395815.33
364917.77	6395815.68
364917.41	6395808.91
364917.05	6395802.14
364916.69	6395795.37
364909.89	6395795.72
364909.53	6395788.95
364909.17	6395782.18
364908.81	6395775.41
364902.01	6395775.76
364901.65	6395768.99
364901.29	6395762.22
364894.49	6395762.57
364894.13	6395755.80
364893.77	6395749.03
364886.97	6395749.38
364886.61	6395742.61
364886.25	6395735.84
364879.45	6395736.19
364879.09	6395729.42
364878.73	6395722.65
364871.93	6395723.00
364871.57	6395716.23
364871.21	6395709.46
364864.41	6395709.81
364864.05	6395703.04
364863.69	6395696.27
364856.89	6395696.62
364856.53	6395689.85
364849.73	6395690.20
364849.37	6395683.43
364849.01	6395676.66
364842.21	6395677.01
364841.85	6395670.24
364841.49	6395663.47
364834.69	6395663.82
364834.33	6395657.05
364833.97	6395650.28
364827.17	6395650.63
364826.81	6395643.86
364820.01	6395644.21
364819.65	6395637.44
364819.29	6395630.67
364818.93	6395623.90
364812.13	6395624.25
364811.77	6395617.48
364811.41	6395610.71
364811.05	6395603.94
364804.25	6395604.29
364803.89	6395597.52
364803.53	6395590.75
364796.73	6395591.10
364796.37	6395584.33
364789.57	6395584.68
364789.21	6395577.91
364788.85	6395571.14
364788.49	6395564.37
364781.69	6395564.72
364781.33	6395557.95
364774.53	6395558.30
364774.17	6395551.53
364767.37	6395551.88
364767.01	6395545.11
364766.65	6395538.34
364759.85	6395538.69
364759.49	6395531.92
364759.13	6395525.15
364752.33	6395525.50
364751.97	6395518.73
364751.61	6395511.96
364744.81	6395512.31
364744.45	6395505.54
364737.65	6395505.89
364737.29	6395499.12
364736.93	6395492.35
364730.13	6395492.70
364729.77	6395485.93
364722.97	6395486.28
364722.61	6395479.51
364722.25	6395472.74
364715.45	6395473.09
364715.09	6395466.32
364708.29	6395466.67
364707.93	6395459.90
364707.57	6395453.13
364700.77	6395453.48
364700.41	6395446.71
364693.61	6395447.06
364693.25	6395440.29
364692.89	6395433.52
364686.09	6395433.87
364685.73	6395427.10
364678.93	6395427.45
364678.57	6395420.68
364678.21	6395413.91
364671.41	6395414.26
364671.05	6395407.49
364670.69	6395400.72
364663.89	6395401.07
364663.53	6395394.30
364656.73	6395394.65
364656.37	6395387.88
364656.01	6395381.11
364649.21	6395381.46
364648.85	6395374.69
364648.49	6395367.92
364641.69	6395368.27
364641.33	6395361.50
364634.53	6395361.85
364634.17	6395355.08
364633.81	6395348.31
364627.01	6395348.66
364626.65	6395341.89
364626.29	6395335.12
364619.49	6395335.47
364619.13	6395328.70
364618.77	6395321.93
364611.97	6395322.28
364611.61	6395315.51
364604.81	6395315.86
364604.45	6395309.09
364604.09	6395302.32
364597.29	6395302.67
364596.93	6395295.90
364590.13	6395296.25
364589.77	6395289.48
364589.41	6395282.71
364582.61	6395283.06
364582.25	6395276.29
364575.45	6395276.64
364575.09	6395269.87
364574.73	6395263.10
364567.93	6395263.45
364567.57	6395256.68
364567.21	6395249.91
364560.41	6395250.26
364560.05	6395243.49
364559.69	6395236.72
364552.89	6395237.07
364552.53	6395230.30
364545.73	6395230.65
364545.37	6395223.88
364538.57	6395224.23
364538.21	6395217.46
364537.85	6395210.69
364531.05	6395211.04
364530.69	6395204.27
364530.33	6395197.50
364523.53	6395197.85
364523.17	6395191.08
364522.81	6395184.31
364516.01	6395184.66
364515.65	6395177.89
364515.29	6395171.12
364508.49	6395171.47
364508.13	6395164.70
364501.33	6395165.05
364500.97	6395158.28
364500.61	6395151.51
364493.81	6395151.86
364493.45	6395145.09
364493.09	6395138.32
364486.29	6395138.67
364485.93	6395131.90
364479.13	6395132.25
364478.77	6395125.48
364478.41	6395118.71
364471.61	6395119.06
364471.25	6395112.29
364470.89	6395105.52
364464.09	6395105.87
364463.73	6395099.10
364456.93	6395099.45
364456.57	6395092.68
364449.77	6395093.03
364449.41	6395086.26
364442.61	6395086.61
364442.25	6395079.84
364441.89	6395073.07
364435.09	6395073.42
364434.73	6395066.65
364427.93	6395067.00
364427.57	6395060.23
364420.77	6395060.58
364420.41	6395053.81
364413.61	6395054.16
364413.25	6395047.39
364412.89	6395040.62
364406.09	6395040.97
364405.73	6395034.20
364398.93	6395034.55
364398.57	6395027.78
364391.77	6395028.13
364391.41	6395021.36
364384.61	6395021.71
364384.25	6395014.94
364377.45	6395015.29
364377.09	6395008.52
364376.73	6395001.75
364369.93	6395002.10
364369.57	6394995.33
364369.21	6394988.56
364362.41	6394988.91
364362.05	6394982.14
364355.25	6394982.49
364354.89	6394975.72
364354.53	6394968.95
364347.73	6394969.30
364347.37	6394962.53
364347.01	6394955.76
364340.21	6394956.11
364339.85	6394949.34
364333.05	6394949.69
364332.69	6394942.92
364332.33	6394936.15
364325.53	6394936.50
364325.17	6394929.73
364318.37	6394930.08
364318.01	6394923.31
364317.65	6394916.54
364310.85	6394916.89
364310.49	6394910.12
364303.69	6394910.47
364303.33	6394903.70
364296.53	6394904.05
364296.17	6394897.28
364295.81	6394890.51
364289.01	6394890.86
364288.65	6394884.09
364281.85	6394884.44
364281.49	6394877.67
364281.13	6394870.90
364274.33	6394871.25
364273.97	6394864.48
364267.17	6394864.83
364266.81	6394858.06
364260.01	6394858.41
364259.65	6394851.64
364252.85	6394851.99
364252.49	6394845.22
364245.69	6394845.57
364245.33	6394838.80
364238.53	6394839.15
364238.17	6394832.38
364237.81	6394825.61
364231.01	6394825.96
364230.65	6394819.19
364223.85	6394819.54
364223.49	6394812.77
364216.69	6394813.12
364216.33	6394806.35
364209.53	6394806.70
364209.17	6394799.93
364202.37	6394800.28
364202.01	6394793.51
364201.65	6394786.74
364194.85	6394787.09
364194.49	6394780.32
364187.69	6394780.67
364187.33	6394773.90
364186.97	6394767.13
364180.17	6394767.48
364179.81	6394760.71
364179.45	6394753.94
364172.65	6394754.29
364172.29	6394747.52
364171.93	6394740.75
364165.13	6394741.10
364164.77	6394734.33
364157.97	6394734.68
364157.61	6394727.91
364157.25	6394721.14
364150.45	6394721.49
364150.09	6394714.72
364149.73	6394707.95
364142.93	6394708.30
364142.57	6394701.53
364135.77	6394701.88
364135.41	6394695.11
364135.05	6394688.34
364128.25	6394688.69
364127.89	6394681.92
364121.09	6394682.27
364120.73	6394675.50
364120.37	6394668.73
364113.57	6394669.08
364113.21	6394662.31
364106.41	6394662.66
364106.05	6394655.89
364099.25	6394656.24
364098.89	6394649.47
364092.09	6394649.82
364091.73	6394643.05
364084.93	6394643.40
364084.57	6394636.63
364084.21	6394629.86
364077.41	6394630.21
364077.05	6394623.44
364070.25	6394623.79
364069.89	6394617.02
364063.09	6394617.37
364062.73	6394610.60
364055.93	6394610.95
364055.57	6394604.18
364048.77	6394604.53
364048.41	6394597.76
364041.61	6394598.11
364041.25	6394591.34
364034.45	6394591.69
364034.09	6394584.92
364027.29	6394585.27
364026.93	6394578.50
364020.13	6394578.85
364019.77	6394572.08
364012.97	6394572.43
364006.17	6394572.78
364005.81	6394566.01
363999.01	6394566.36
363998.65	6394559.59
363991.85	6394559.94
363991.49	6394553.17
363984.69	6394553.52
363984.33	6394546.75
363977.53	6394547.10
363977.17	6394540.33
363976.81	6394533.56
363970.01	6394533.91
363969.65	6394527.14
363962.85	6394527.49
363962.49	6394520.72
363955.69	6394521.07
363955.33	6394514.30
363948.53	6394514.65
363948.17	6394507.88
363941.37	6394508.23
363941.01	6394501.46
363934.21	6394501.81
363933.85	6394495.04
363933.49	6394488.27
363926.69	6394488.62
363926.33	6394481.85
363919.53	6394482.20
363919.17	6394475.43
363918.81	6394468.66
363912.01	6394469.01
363911.65	6394462.24
363904.85	6394462.59
363904.49	6394455.82
363904.13	6394449.05
363897.33	6394449.40
363896.97	6394442.63
363890.17	6394442.98
363889.81	6394436.21
363889.45	6394429.44
363882.65	6394429.79
363882.29	6394423.02
363875.49	6394423.37
363875.13	6394416.60
363868.33	6394416.95
363867.97	6394410.18
363867.61	6394403.41
363860.81	6394403.76
363860.45	6394396.99
363853.65	6394397.34
363853.29	6394390.57
363846.49	6394390.92
363846.13	6394384.15
363839.33	6394384.50
363838.97	6394377.73
363832.17	6394378.08
363831.81	6394371.31
363825.01	6394371.66
363824.65	6394364.89
363817.85	6394365.24
363817.49	6394358.47
363810.69	6394358.82
363810.33	6394352.05
363803.53	6394352.40
363796.73	6394352.75
363796.37	6394345.98
363789.57	6394346.33
363789.21	6394339.56
363782.41	6394339.91
363775.61	6394340.26
363775.25	6394333.49
363768.45	6394333.84
363761.65	6394334.19
363761.29	6394327.42
363754.49	6394327.77
363747.69	6394328.12
363740.89	6394328.47
363740.53	6394321.70
363733.73	6394322.05
363726.93	6394322.40
363726.57	6394315.63
363719.77	6394315.98
363719.41	6394309.21
363712.61	6394309.56
363705.81	6394309.91
363705.45	6394303.14
363698.65	6394303.49
363698.29	6394296.72
363697.93	6394289.95
363691.13	6394290.30
363690.77	6394283.53
363683.97	6394283.88
363683.61	6394277.11
363676.81	6394277.46
363676.45	6394270.69
363676.09	6394263.92
363669.29	6394264.27
363668.93	6394257.50
363668.57	6394250.73
363668.21	6394243.96
363667.85	6394237.19
363667.49	6394230.42
363667.13	6394223.65
363666.77	6394216.88
363673.57	6394216.53
363673.21	6394209.76
363672.85	6394202.99
363672.49	6394196.22
363672.13	6394189.45
363671.77	6394182.68
363678.57	6394182.33
363678.21	6394175.56
363677.85	6394168.79
363677.49	6394162.02
363677.13	6394155.25
363676.77	6394148.48
363676.41	6394141.71
363676.05	6394134.94
363669.25	6394135.29
363668.89	6394128.52
363668.53	6394121.75
363668.17	6394114.98
363667.81	6394108.21
363667.45	6394101.44
363660.65	6394101.79
363660.29	6394095.02
363659.93	6394088.25
363653.13	6394088.60
363652.77	6394081.83
363652.41	6394075.06
363645.61	6394075.41
363645.25	6394068.64
363638.45	6394068.99
363638.09	6394062.22
363631.29	6394062.57
363630.93	6394055.80
363630.57	6394049.03
363623.77	6394049.38
363623.41	6394042.61
363616.61	6394042.96
363616.25	6394036.19
363615.89	6394029.42
363609.09	6394029.77
363608.73	6394023.00
363601.93	6394023.35
363601.57	6394016.58
363601.21	6394009.81
363594.41	6394010.16
363594.05	6394003.39
363587.25	6394003.74
363586.89	6393996.97
363580.09	6393997.32
363579.73	6393990.55
363579.37	6393983.78
363572.57	6393984.13
363572.21	6393977.36
363565.41	6393977.71
363565.05	6393970.94
363564.69	6393964.17
363557.89	6393964.52
363557.53	6393957.75
363557.17	6393950.98
363550.37	6393951.33
363550.01	6393944.56
363549.65	6393937.79
363542.85	6393938.14
363542.49	6393931.37
363535.69	6393931.72
363535.33	6393924.95
363534.97	6393918.18
363528.17	6393918.53
363527.81	6393911.76
363527.45	6393904.99
363520.65	6393905.34
363520.29	6393898.57
363513.49	6393898.92
363513.13	6393892.15
363506.33	6393892.50
363505.97	6393885.73
363505.61	6393878.96
363498.81	6393879.31
363498.45	6393872.54
363498.09	6393865.77
363491.29	6393866.12
363490.93	6393859.35
363484.13	6393859.70
363483.77	6393852.93
363483.41	6393846.16
363476.61	6393846.51
363476.25	6393839.74
363475.89	6393832.97
363469.09	6393833.32
363468.73	6393826.55
363461.93	6393826.90
363461.57	6393820.13
363461.21	6393813.36
363460.85	6393806.59
363454.05	6393806.94
363453.69	6393800.17
363453.33	6393793.40
363452.97	6393786.63
363446.17	6393786.98
363445.81	6393780.21
363445.45	6393773.44
363445.09	6393766.67
363438.29	6393767.02
363437.93	6393760.25
363437.57	6393753.48
363437.21	6393746.71
363436.85	6393739.94
363436.49	6393733.17
363436.13	6393726.40
363435.77	6393719.63
363435.41	6393712.86
363428.61	6393713.21
363428.25	6393706.44
363427.89	6393699.67
363421.09	6393700.02
363420.73	6393693.25
363420.37	6393686.48
363413.57	6393686.83
363413.21	6393680.06
363406.41	6393680.41
363406.05	6393673.64
363405.69	6393666.87
363398.89	6393667.22
363398.53	6393660.45
363391.73	6393660.80
363391.37	6393654.03
363391.01	6393647.26
363384.21	6393647.61
363383.85	6393640.84
363377.05	6393641.19
363376.69	6393634.42
363376.33	6393627.65
363369.53	6393628.00
363369.17	6393621.23
363362.37	6393621.58
363362.01	6393614.81
363361.65	6393608.04
363354.85	6393608.39
363354.49	6393601.62
363354.13	6393594.85
363347.33	6393595.20
363346.97	6393588.43
363340.17	6393588.78
363339.81	6393582.01
363339.45	6393575.24
363332.65	6393575.59
363332.29	6393568.82
363331.93	6393562.05
363325.13	6393562.40
363324.77	6393555.63
363317.97	6393555.98
363317.61	6393549.21
363317.25	6393542.44
363310.45	6393542.79
363310.09	6393536.02
363303.29	6393536.37
363302.93	6393529.60
363302.57	6393522.83
363295.77	6393523.18
363295.41	6393516.41
363288.61	6393516.76
363288.25	6393509.99
363287.89	6393503.22
363281.09	6393503.57
363280.73	6393496.80
363273.93	6393497.15
363273.57	6393490.38
363273.21	6393483.61
363266.41	6393483.96
363266.05	6393477.19
363259.25	6393477.54
363258.89	6393470.77
363252.09	6393471.12
363251.73	6393464.35
363244.93	6393464.70
363244.57	6393457.93
363244.21	6393451.16
363237.41	6393451.51
363237.05	6393444.74
363230.25	6393445.09
363229.89	6393438.32
363229.53	6393431.55
363222.73	6393431.90
363222.37	6393425.13
363215.57	6393425.48
363215.21	6393418.71
363214.85	6393411.94
363208.05	6393412.29
363207.69	6393405.52
363207.33	6393398.75
363200.53	6393399.10
363200.17	6393392.33
363199.81	6393385.56
363193.01	6393385.91
363192.65	6393379.14
363192.29	6393372.37
363185.49	6393372.72
363185.13	6393365.95
363178.33	6393366.30
363177.97	6393359.53
363177.61	6393352.76
363170.81	6393353.11
363170.45	6393346.34
363170.09	6393339.57
363163.29	6393339.92
363162.93	6393333.15
363162.57	6393326.38
363155.77	6393326.73
363155.41	6393319.96
363155.05	6393313.19
363148.25	6393313.54
363147.89	6393306.77
363147.53	6393300.00
363147.17	6393293.23
363140.37	6393293.58
363140.01	6393286.81
363139.65	6393280.04
363139.29	6393273.27
363132.49	6393273.62
363132.13	6393266.85
363131.77	6393260.08
363124.97	6393260.43
363124.61	6393253.66
363124.25	6393246.89
363123.89	6393240.12
363117.09	6393240.47
363116.73	6393233.70
363116.37	6393226.93
363109.57	6393227.28
363109.21	6393220.51
363108.85	6393213.74
363108.49	6393206.97
363101.69	6393207.32
363101.33	6393200.55
363100.97	6393193.78
363100.61	6393187.01
363093.81	6393187.36
363093.45	6393180.59
363093.09	6393173.82
363092.73	6393167.05
363085.93	6393167.40
363085.57	6393160.63
363085.21	6393153.86
363084.85	6393147.09
363078.05	6393147.44
363077.69	6393140.67
363077.33	6393133.90
363076.97	6393127.13
363070.17	6393127.48
363069.81	6393120.71
363069.45	6393113.94
363062.65	6393114.29
363062.29	6393107.52
363061.93	6393100.75
363061.57	6393093.98
363054.77	6393094.33
363054.41	6393087.56
363054.05	6393080.79
363047.25	6393081.14
363046.89	6393074.37
363046.53	6393067.60
363046.17	6393060.83
363039.37	6393061.18
363039.01	6393054.41
363038.65	6393047.64
363031.85	6393047.99
363031.49	6393041.22
363031.13	6393034.45
363030.77	6393027.68
363023.97	6393028.03
363023.61	6393021.26
363023.25	6393014.49
363016.45	6393014.84
363016.09	6393008.07
363015.73	6393001.30
363008.93	6393001.65
363008.57	6392994.88
363008.21	6392988.11
363007.85	6392981.34
363001.05	6392981.69
363000.69	6392974.92
363000.33	6392968.15
362993.53	6392968.50
362993.17	6392961.73
362992.81	6392954.96
362986.01	6392955.31
362985.65	6392948.54
362985.29	6392941.77
362984.93	6392935.00
362978.13	6392935.35
362977.77	6392928.58
362977.41	6392921.81
362970.61	6392922.16
362970.25	6392915.39
362969.89	6392908.62
362963.09	6392908.97
362962.73	6392902.20
362962.37	6392895.43
362962.01	6392888.66
362955.21	6392889.01
362954.85	6392882.24
362954.49	6392875.47
362947.69	6392875.82
362947.33	6392869.05
362946.97	6392862.28
362940.17	6392862.63
362939.81	6392855.86
362939.45	6392849.09
362932.65	6392849.44
362932.29	6392842.67
362931.93	6392835.90
362931.57	6392829.13
362924.77	6392829.48
362924.41	6392822.71
362924.05	6392815.94
362917.25	6392816.29
362916.89	6392809.52
362916.53	6392802.75
362909.73	6392803.10
362909.37	6392796.33
362909.01	6392789.56
362908.65	6392782.79
362901.85	6392783.14
362901.49	6392776.37
362901.13	6392769.60
362894.33	6392769.95
362893.97	6392763.18
362893.61	6392756.41
362886.81	6392756.76
362886.45	6392749.99
362886.09	6392743.22
362879.29	6392743.57
362878.93	6392736.80
362878.57	6392730.03
362878.21	6392723.26
362871.41	6392723.61
362871.05	6392716.84
362870.69	6392710.07
362863.89	6392710.42
362863.53	6392703.65
362863.17	6392696.88
362856.37	6392697.23
362856.01	6392690.46
362855.65	6392683.69
362848.85	6392684.04
362848.49	6392677.27
362848.13	6392670.50
362841.33	6392670.85
362840.97	6392664.08
362840.61	6392657.31
362833.81	6392657.66
362833.45	6392650.89
362833.09	6392644.12
362826.29	6392644.47
362825.93	6392637.70
362825.57	6392630.93
362818.77	6392631.28
362818.41	6392624.51
362818.05	6392617.74
362811.25	6392618.09
362810.89	6392611.32
362810.53	6392604.55
362803.73	6392604.90
362803.37	6392598.13
362803.01	6392591.36
362796.21	6392591.71
362795.85	6392584.94
362795.49	6392578.17
362788.69	6392578.52
362788.33	6392571.75
362787.97	6392564.98
362781.17	6392565.33
362780.81	6392558.56
362780.45	6392551.79
362773.65	6392552.14
362773.29	6392545.37
362772.93	6392538.60
362766.13	6392538.95
362765.77	6392532.18
362765.41	6392525.41
362765.05	6392518.64
362758.25	6392518.99
362757.89	6392512.22
362757.53	6392505.45
362750.73	6392505.80
362750.37	6392499.03
362750.01	6392492.26
362743.21	6392492.61
362742.85	6392485.84
362742.49	6392479.07
362742.13	6392472.30
362735.33	6392472.65
362734.97	6392465.88
362734.61	6392459.11
362727.81	6392459.46
362727.45	6392452.69
362727.09	6392445.92
362720.29	6392446.27
362719.93	6392439.50
362719.57	6392432.73
362719.21	6392425.96
362712.41	6392426.31
362712.05	6392419.54
362711.69	6392412.77
362704.89	6392413.12
362704.53	6392406.35
362704.17	6392399.58
362703.81	6392392.81
362697.01	6392393.16
362696.65	6392386.39
362696.29	6392379.62
362689.49	6392379.97
362689.13	6392373.20
362688.77	6392366.43
362688.41	6392359.66
362681.61	6392360.01
362681.25	6392353.24
362680.89	6392346.47
362674.09	6392346.82
362673.73	6392340.05
362673.37	6392333.28
362666.57	6392333.63
362666.21	6392326.86
362665.85	6392320.09
362659.05	6392320.44
362658.69	6392313.67
362658.33	6392306.90
362651.53	6392307.25
362651.17	6392300.48
362650.81	6392293.71
362644.01	6392294.06
362643.65	6392287.29
362643.29	6392280.52
362642.93	6392273.75
362636.13	6392274.10
362635.77	6392267.33
362635.41	6392260.56
362628.61	6392260.91
362628.25	6392254.14
362627.89	6392247.37
362621.09	6392247.72
362620.73	6392240.95
362620.37	6392234.18
362613.57	6392234.53
362613.21	6392227.76
362612.85	6392220.99
362606.05	6392221.34
362605.69	6392214.57
362605.33	6392207.80
362598.53	6392208.15
362598.17	6392201.38
362597.81	6392194.61
362591.01	6392194.96
362590.65	6392188.19
362590.29	6392181.42
362583.49	6392181.77
362583.13	6392175.00
362582.77	6392168.23
362575.97	6392168.58
362575.61	6392161.81
362575.25	6392155.04
362568.45	6392155.39
362568.09	6392148.62
362567.73	6392141.85
362560.93	6392142.20
362560.57	6392135.43
362560.21	6392128.66
362553.41	6392129.01
362553.05	6392122.24
362552.69	6392115.47
362545.89	6392115.82
362545.53	6392109.05
362545.17	6392102.28
362544.81	6392095.51
362538.01	6392095.86
362537.65	6392089.09
362537.29	6392082.32
362536.93	6392075.55
362530.13	6392075.90
362529.77	6392069.13
362529.41	6392062.36
362522.61	6392062.71
362522.25	6392055.94
362521.89	6392049.17
362521.53	6392042.40
362521.17	6392035.63
362514.37	6392035.98
362514.01	6392029.21
362513.65	6392022.44
362513.29	6392015.67
362506.49	6392016.02
362506.13	6392009.25
362505.77	6392002.48
362505.41	6391995.71
362505.05	6391988.94
362498.25	6391989.29
362497.89	6391982.52
362497.53	6391975.75
362497.17	6391968.98
362496.81	6391962.21
362490.01	6391962.56
362489.65	6391955.79
362489.29	6391949.02
362488.93	6391942.25
362488.57	6391935.48
362481.77	6391935.83
362481.41	6391929.06
362481.05	6391922.29
362480.69	6391915.52
362473.89	6391915.87
362473.53	6391909.10
362473.17	6391902.33
362472.81	6391895.56
362472.45	6391888.79
362465.65	6391889.14
362465.29	6391882.37
362464.93	6391875.60
362464.57	6391868.83
362457.77	6391869.18
362457.41	6391862.41
362457.05	6391855.64
362456.69	6391848.87
362449.89	6391849.22
362449.53	6391842.45
362449.17	6391835.68
362448.81	6391828.91
362442.01	6391829.26
362441.65	6391822.49
362441.29	6391815.72
362434.49	6391816.07
362434.13	6391809.30
362433.77	6391802.53
362433.41	6391795.76
362433.05	6391788.99
362426.25	6391789.34
362425.89	6391782.57
362425.53	6391775.80
362425.17	6391769.03
362418.37	6391769.38
362418.01	6391762.61
362417.65	6391755.84
362417.29	6391749.07
362410.49	6391749.42
362410.13	6391742.65
362409.77	6391735.88
362409.41	6391729.11
362402.61	6391729.46
362402.25	6391722.69
362401.89	6391715.92
362401.53	6391709.15
362394.73	6391709.50
362394.37	6391702.73
362394.01	6391695.96
362393.65	6391689.19
362386.85	6391689.54
362386.49	6391682.77
362386.13	6391676.00
362385.77	6391669.23
362378.97	6391669.58
362378.61	6391662.81
362378.25	6391656.04
362377.89	6391649.27
362371.09	6391649.62
362370.73	6391642.85
362370.37	6391636.08
362370.01	6391629.31
362363.21	6391629.66
362362.85	6391622.89
362362.49	6391616.12
362355.69	6391616.47
362355.33	6391609.70
362354.97	6391602.93
362354.61	6391596.16
362347.81	6391596.51
362347.45	6391589.74
362347.09	6391582.97
362340.29	6391583.32
362339.93	6391576.55
362339.57	6391569.78
362339.21	6391563.01
362332.41	6391563.36
362332.05	6391556.59
362331.69	6391549.82
362324.89	6391550.17
362324.53	6391543.40
362324.17	6391536.63
362317.37	6391536.98
362317.01	6391530.21
362316.65	6391523.44
362309.85	6391523.79
362309.49	6391517.02
362309.13	6391510.25
362302.33	6391510.60
362301.97	6391503.83
362301.61	6391497.06
362294.81	6391497.41
362294.45	6391490.64
362294.09	6391483.87
362287.29	6391484.22
362286.93	6391477.45
362286.57	6391470.68
362279.77	6391471.03
362279.41	6391464.26
362279.05	6391457.49
362272.25	6391457.84
362271.89	6391451.07
362271.53	6391444.30
362264.73	6391444.65
362264.37	6391437.88
362264.01	6391431.11
362257.21	6391431.46
362256.85	6391424.69
362256.49	6391417.92
362249.69	6391418.27
362249.33	6391411.50
362248.97	6391404.73
362242.17	6391405.08
362241.81	6391398.31
362241.45	6391391.54
362234.65	6391391.89
362234.29	6391385.12
362233.93	6391378.35
362227.13	6391378.70
362226.77	6391371.93
362226.41	6391365.16
362219.61	6391365.51
362219.25	6391358.74
362218.89	6391351.97
362212.09	6391352.32
362211.73	6391345.55
362211.37	6391338.78
362204.57	6391339.13
362204.21	6391332.36
362203.85	6391325.59
362197.05	6391325.94
362196.69	6391319.17
362196.33	6391312.40
362189.53	6391312.75
362189.17	6391305.98
362188.81	6391299.21
362182.01	6391299.56
362181.65	6391292.79
362181.29	6391286.02
362174.49	6391286.37
362174.13	6391279.60
362173.77	6391272.83
362166.97	6391273.18
362166.61	6391266.41
362166.25	6391259.64
362165.89	6391252.87
362159.09	6391253.22
362158.73	6391246.45
362158.37	6391239.68
362151.57	6391240.03
362151.21	6391233.26
362150.85	6391226.49
362150.49	6391219.72
362143.69	6391220.07
362143.33	6391213.30
362142.97	6391206.53
362136.17	6391206.88
362135.81	6391200.11
362135.45	6391193.34
362128.65	6391193.69
362128.29	6391186.92
362127.93	6391180.15
362121.13	6391180.50
362120.77	6391173.73
362120.41	6391166.96
362120.05	6391160.19
362113.25	6391160.54
362112.89	6391153.77
362112.53	6391147.00
362105.73	6391147.35
362105.37	6391140.58
362105.01	6391133.81
362098.21	6391134.16
362097.85	6391127.39
362097.49	6391120.62
362097.13	6391113.85
362090.33	6391114.20
362089.97	6391107.43
362089.61	6391100.66
362089.25	6391093.89
362082.45	6391094.24
362082.09	6391087.47
362081.73	6391080.70
362081.37	6391073.93
362081.01	6391067.16
362074.21	6391067.51
362073.85	6391060.74
362073.49	6391053.97
362073.13	6391047.20
362072.77	6391040.43
362065.97	6391040.78
362065.61	6391034.01
362065.25	6391027.24
362064.89	6391020.47
362064.53	6391013.70
362064.17	6391006.93
362063.81	6391000.16
362057.01	6391000.51
362056.65	6390993.74
362056.29	6390986.97
362055.93	6390980.20
362055.57	6390973.43
362055.21	6390966.66
362054.85	6390959.89
362054.49	6390953.12
362054.13	6390946.35
362053.77	6390939.58
362053.41	6390932.81
362053.05	6390926.04
362052.69	6390919.27
362052.33	6390912.50
362051.97	6390905.73
362045.17	6390906.08
362044.81	6390899.31
362044.45	6390892.54
362044.09	6390885.77
362043.73	6390879.00
362043.37	6390872.23
362043.01	6390865.46
362042.65	6390858.69
362035.85	6390859.04
362035.49	6390852.27
362035.13	6390845.50
362034.77	6390838.73
362034.41	6390831.96
362034.05	6390825.19
362027.25	6390825.54
362026.89	6390818.77
362026.53	6390812.00
362026.17	6390805.23
362019.37	6390805.58
362019.01	6390798.81
362018.65	6390792.04
362018.29	6390785.27
362011.49	6390785.62
362011.13	6390778.85
362010.77	6390772.08
362010.41	6390765.31
362003.61	6390765.66
362003.25	6390758.89
362002.89	6390752.12
362002.53	6390745.35
361995.73	6390745.70
361995.37	6390738.93
361995.01	6390732.16
361994.65	6390725.39
361987.85	6390725.74
361987.49	6390718.97
361987.13	6390712.20
361980.33	6390712.55
361979.97	6390705.78
361979.61	6390699.01
361979.25	6390692.24
361978.89	6390685.47
361972.09	6390685.82
361971.73	6390679.05
361971.37	6390672.28
361971.01	6390665.51
361970.65	6390658.74
361970.29	6390651.97
361963.49	6390652.32
361963.13	6390645.55
361962.77	6390638.78
361962.41	6390632.01
361962.05	6390625.24
361961.69	6390618.47
361961.33	6390611.70
361954.53	6390612.05
361954.17	6390605.28
361953.81	6390598.51
361953.45	6390591.74
361953.09	6390584.97
361952.73	6390578.20
361952.37	6390571.43
361945.57	6390571.78
361945.21	6390565.01
361944.85	6390558.24
361944.49	6390551.47
361944.13	6390544.70
361943.77	6390537.93
361943.41	6390531.16
361936.61	6390531.51
361936.25	6390524.74
361935.89	6390517.97
361935.53	6390511.20
361935.17	6390504.43
361934.81	6390497.66
361928.01	6390498.01
361927.65	6390491.24
361927.29	6390484.47
361926.93	6390477.70
361920.13	6390478.05
361919.77	6390471.28
361919.41	6390464.51
361919.05	6390457.74
361918.69	6390450.97
